-- phpMyAdmin SQL Dump
-- version 3.2.0.1
-- http://www.phpmyadmin.net
--
-- 主机: localhost
-- 生成日期: 2010 年 01 月 20 日 10:34
-- 服务器版本: 5.1.37
-- PHP 版本: 5.3.0

SET SQL_MODE="NO_AUTO_VALUE_ON_ZERO";


/*!40101 SET @OLD_CHARACTER_SET_CLIENT=@@CHARACTER_SET_CLIENT */;
/*!40101 SET @OLD_CHARACTER_SET_RESULTS=@@CHARACTER_SET_RESULTS */;
/*!40101 SET @OLD_COLLATION_CONNECTION=@@COLLATION_CONNECTION */;
/*!40101 SET NAMES utf8 */;

--
-- 数据库: `yiisns`
--

-- --------------------------------------------------------

--
-- 表的结构 `ad`
--

CREATE TABLE IF NOT EXISTS `ad` (
  `id` int(11) NOT NULL AUTO_INCREMENT,
  `title` varchar(255) DEFAULT NULL,
  `place` varchar(25) DEFAULT NULL,
  `use` tinyint(1) DEFAULT NULL,
  `ad` text,
  PRIMARY KEY (`id`)
) ENGINE=MyISAM DEFAULT CHARSET=utf8 COMMENT='广告表' AUTO_INCREMENT=1 ;

--
-- 转存表中的数据 `ad`
--


-- --------------------------------------------------------

--
-- 表的结构 `app`
--

CREATE TABLE IF NOT EXISTS `app` (
  `id` int(11) NOT NULL AUTO_INCREMENT,
  `name` varchar(255) DEFAULT NULL,
  `enname` varchar(150) DEFAULT NULL,
  `icon` text,
  `url` text,
  `url_exp` text,
  `url_admin` text,
  `uid_url` varchar(255) DEFAULT NULL,
  `add_url` varchar(255) DEFAULT NULL,
  `add_name` varchar(255) DEFAULT NULL,
  `author` varchar(255) DEFAULT 'thinksns',
  `description` text,
  `order2` int(11) NOT NULL DEFAULT '1',
  `place` tinyint(1) NOT NULL DEFAULT '0',
  `status` tinyint(1) NOT NULL DEFAULT '0',
  `canvas_url` varchar(255) DEFAULT NULL,
  `type` tinyint(3) DEFAULT NULL,
  PRIMARY KEY (`id`)
) ENGINE=MyISAM  DEFAULT CHARSET=utf8 COMMENT='应用列表' AUTO_INCREMENT=18 ;

--
-- 转存表中的数据 `app`
--

INSERT INTO `app` (`id`, `name`, `enname`, `icon`, `url`, `url_exp`, `url_admin`, `uid_url`, `add_url`, `add_name`, `author`, `description`, `order2`, `place`, `status`, `canvas_url`, `type`) VALUES
(3, '心情', 'mini', 'http://{APP_URL}/appinfo/ico_app04.gif', 'http://{APPS_URL}/mini', 'index.php?s=', 'http://{APP_URL}/index.php?s=Admin', 'http://{APP_URL}/index.php?s=/Index/friends/uid/', '', '', 'sam', '心情', 5, 0, 0, '', NULL),
(4, '日志', 'blog', 'http://{APP_URL}/appinfo/ico_app01.gif', 'http://{APPS_URL}/blog', 'index.php?s=', 'http://{APP_URL}/index.php?s=Admin', 'http://{APP_URL}/index.php?s=/Index/personal/uid/', 'http://{APP_URL}/index.php?s=/Index/addBlog', '发表', 'sam', '想分享你的文章给你的好友么，快来记录日志吧', 1, 0, 0, '', NULL),
(10, '相册', 'photo', 'http://{APP_URL}/appinfo/ico_app02.gif', 'http://{APPS_URL}/photo', 'index.php?s=', 'http://{APP_URL}/index.php?s=Admin', 'http://{APP_URL}/index.php?s=/Index/photos/uid/', 'http://{APP_URL}/index.php?s=/Upload/flash', '上传', 'sam', '分享你的图片给好友吧', 4, 0, 0, '', NULL),
(11, '分享', 'share', 'http://{APP_URL}/appinfo/ico_app_share.gif', 'http://{APPS_URL}/share', 'index.php?s=', 'http://{APP_URL}/index.php?s=Admin', 'http://{APP_URL}/index.php?s=/Index/personal/uid/', '', '', 'wxh', '分享视频，网址，图片', 2, 0, 0, '', NULL),
(12, '群组', 'group', 'http://{APP_URL}/appinfo/ico_app05.gif', 'http://{APPS_URL}/group', 'index.php?s=', 'http://{APP_URL}/index.php?s=Admin', 'http://{APP_URL}/index.php?s=/SomeOne/index/uid/', '', '', 'shg', '创建你自己群组，邀请三五好友，讨论你们感兴趣的话题吧', 7, 0, 0, '', NULL),
(13, '投票', 'vote', 'http://{APP_URL}/appinfo/ico_app06.gif', 'http://{APPS_URL}/vote', 'index.php?s=', 'http://{APP_URL}/index.php?s=Admin', 'http://{APP_URL}/index.php?s=/Index/personal/uid/', 'http://{APP_URL}/index.php?s=/Index/addPoll', '发起', 'sam', '投票', 6, 0, 0, '', NULL),
(14, '活动', 'event', 'http://{APP_URL}/appinfo/ico_app07.gif', 'http://{APPS_URL}/event', 'index.php?s=', 'http://{APP_URL}/index.php?s=Admin', 'http://{APP_URL}/index.php?s=/Index/personal/uid/', 'http://{APP_URL}/index.php?s=/Index/addEvent', '发起', 'sam', '想组织你的站内好友一起来活动么，快快来参与吧！', 8, 0, 0, '', NULL),
(17, '礼物', 'gift', 'http://{APP_URL}/appinfo/ico_apply.gif', 'http://{APPS_URL}/gift', 'index.php?s=', 'http://{APP_URL}/index.php?s=Admin', 'http://{APP_URL}/index.php?s=/Index/personal/uid/', '', '', '水上人', '礼物', 1, 0, 0, NULL, NULL);

-- --------------------------------------------------------

--
-- 表的结构 `app_user`
--

CREATE TABLE IF NOT EXISTS `app_user` (
  `appid` int(11) NOT NULL DEFAULT '0',
  `uid` int(11) NOT NULL DEFAULT '0',
  `open` tinyint(1) NOT NULL DEFAULT '1',
  `publish_to_profile` tinyint(1) NOT NULL DEFAULT '0',
  `activited` tinyint(1) NOT NULL DEFAULT '0',
  `login_times` int(11) DEFAULT NULL,
  `last_login_time` int(11) DEFAULT NULL,
  `invitor` int(11) DEFAULT NULL,
  PRIMARY KEY (`appid`,`uid`)
) ENGINE=MyISAM DEFAULT CHARSET=utf8 COMMENT='用户的应用';

--
-- 转存表中的数据 `app_user`
--


-- --------------------------------------------------------

--
-- 表的结构 `area`
--

CREATE TABLE IF NOT EXISTS `area` (
  `id` int(11) NOT NULL AUTO_INCREMENT,
  `title` varchar(255) NOT NULL,
  `pid` int(11) NOT NULL DEFAULT '0',
  `status` tinyint(1) NOT NULL DEFAULT '1',
  PRIMARY KEY (`id`),
  KEY `pid` (`pid`)
) ENGINE=MyISAM  DEFAULT CHARSET=utf8 AUTO_INCREMENT=3235 ;

--
-- 转存表中的数据 `area`
--

INSERT INTO `area` (`id`, `title`, `pid`, `status`) VALUES
(1, '北京', 0, 1),
(2, '北京市', 1, 1),
(3, '东城区', 2, 1),
(4, '西城区', 2, 1),
(5, '崇文区', 2, 1),
(6, '宣武区', 2, 1),
(7, '朝阳区', 2, 1),
(8, '丰台区', 2, 1),
(9, '石景山区', 2, 1),
(10, '海淀区', 2, 1),
(11, '门头沟区', 2, 1),
(12, '房山区', 2, 1),
(13, '通州区', 2, 1),
(14, '顺义区', 2, 1),
(15, '昌平区', 2, 1),
(16, '大兴区', 2, 1),
(17, '怀柔区', 2, 1),
(18, '平谷区', 2, 1),
(19, '密云县', 2, 1),
(20, '延庆县', 2, 1),
(21, '天津', 0, 1),
(22, '天津市', 21, 1),
(23, '和平区', 22, 1),
(24, '河东区', 22, 1),
(25, '河西区', 22, 1),
(26, '南开区', 22, 1),
(27, '河北区', 22, 1),
(28, '红桥区', 22, 1),
(29, '塘沽区', 22, 1),
(30, '汉沽区', 22, 1),
(31, '大港区', 22, 1),
(32, '东丽区', 22, 1),
(33, '西青区', 22, 1),
(34, '津南区', 22, 1),
(35, '北辰区', 22, 1),
(36, '武清区', 22, 1),
(37, '宝坻区', 22, 1),
(38, '宁河县', 22, 1),
(39, '静海县', 22, 1),
(40, '蓟县', 22, 1),
(41, '河北', 0, 1),
(42, '石家庄市', 41, 1),
(43, '长安区', 42, 1),
(44, '桥东区', 42, 1),
(45, '桥西区', 42, 1),
(46, '新华区', 42, 1),
(47, '井陉矿区', 42, 1),
(48, '裕华区', 42, 1),
(49, '井陉县', 42, 1),
(50, '正定县', 42, 1),
(51, '栾城县', 42, 1),
(52, '行唐县', 42, 1),
(53, '灵寿县', 42, 1),
(54, '高邑县', 42, 1),
(55, '深泽县', 42, 1),
(56, '赞皇县', 42, 1),
(57, '无极县', 42, 1),
(58, '平山县', 42, 1),
(59, '元氏县', 42, 1),
(60, '赵县', 42, 1),
(61, '辛集市', 42, 1),
(62, '藁城市', 42, 1),
(63, '晋州市', 42, 1),
(64, '新乐市', 42, 1),
(65, '鹿泉市', 42, 1),
(66, '唐山市', 41, 1),
(67, '路南区', 66, 1),
(68, '路北区', 66, 1),
(69, '古冶区', 66, 1),
(70, '开平区', 66, 1),
(71, '丰南区', 66, 1),
(72, '丰润区', 66, 1),
(73, '滦县', 66, 1),
(74, '滦南县', 66, 1),
(75, '乐亭县', 66, 1),
(76, '迁西县', 66, 1),
(77, '玉田县', 66, 1),
(78, '唐海县', 66, 1),
(79, '遵化市', 66, 1),
(80, '迁安市', 66, 1),
(81, '秦皇岛市', 41, 1),
(82, '海港区', 81, 1),
(83, '山海关区', 81, 1),
(84, '北戴河区', 81, 1),
(85, '青龙满族自治县', 81, 1),
(86, '昌黎县', 81, 1),
(87, '抚宁县', 81, 1),
(88, '卢龙县', 81, 1),
(89, '邯郸市', 41, 1),
(90, '邯山区', 89, 1),
(91, '丛台区', 89, 1),
(92, '复兴区', 89, 1),
(93, '峰峰矿区', 89, 1),
(94, '邯郸县', 89, 1),
(95, '临漳县', 89, 1),
(96, '成安县', 89, 1),
(97, '大名县', 89, 1),
(98, '涉县', 89, 1),
(99, '磁县', 89, 1),
(100, '肥乡县', 89, 1),
(101, '永年县', 89, 1),
(102, '邱县', 89, 1),
(103, '鸡泽县', 89, 1),
(104, '广平县', 89, 1),
(105, '馆陶县', 89, 1),
(106, '魏县', 89, 1),
(107, '曲周县', 89, 1),
(108, '武安市', 89, 1),
(109, '邢台市', 41, 1),
(110, '桥东区', 109, 1),
(111, '桥西区', 109, 1),
(112, '邢台县', 109, 1),
(113, '临城县', 109, 1),
(114, '内丘县', 109, 1),
(115, '柏乡县', 109, 1),
(116, '隆尧县', 109, 1),
(117, '任县', 109, 1),
(118, '南和县', 109, 1),
(119, '宁晋县', 109, 1),
(120, '巨鹿县', 109, 1),
(121, '新河县', 109, 1),
(122, '广宗县', 109, 1),
(123, '平乡县', 109, 1),
(124, '威县', 109, 1),
(125, '清河县', 109, 1),
(126, '临西县', 109, 1),
(127, '南宫市', 109, 1),
(128, '沙河市', 109, 1),
(129, '保定市', 41, 1),
(130, '新市区', 129, 1),
(131, '北市区', 129, 1),
(132, '南市区', 129, 1),
(133, '满城县', 129, 1),
(134, '清苑县', 129, 1),
(135, '涞水县', 129, 1),
(136, '阜平县', 129, 1),
(137, '徐水县', 129, 1),
(138, '定兴县', 129, 1),
(139, '唐县', 129, 1),
(140, '高阳县', 129, 1),
(141, '容城县', 129, 1),
(142, '涞源县', 129, 1),
(143, '望都县', 129, 1),
(144, '安新县', 129, 1),
(145, '易县', 129, 1),
(146, '曲阳县', 129, 1),
(147, '蠡县', 129, 1),
(148, '顺平县', 129, 1),
(149, '博野县', 129, 1),
(150, '雄县', 129, 1),
(151, '涿州市', 129, 1),
(152, '定州市', 129, 1),
(153, '安国市', 129, 1),
(154, '高碑店市', 129, 1),
(155, '张家口市', 41, 1),
(156, '桥东区', 155, 1),
(157, '桥西区', 155, 1),
(158, '宣化区', 155, 1),
(159, '下花园区', 155, 1),
(160, '宣化县', 155, 1),
(161, '张北县', 155, 1),
(162, '康保县', 155, 1),
(163, '沽源县', 155, 1),
(164, '尚义县', 155, 1),
(165, '蔚县', 155, 1),
(166, '阳原县', 155, 1),
(167, '怀安县', 155, 1),
(168, '万全县', 155, 1),
(169, '怀来县', 155, 1),
(170, '涿鹿县', 155, 1),
(171, '赤城县', 155, 1),
(172, '崇礼县', 155, 1),
(173, '承德市', 41, 1),
(174, '双桥区', 173, 1),
(175, '双滦区', 173, 1),
(176, '鹰手营子矿区', 173, 1),
(177, '承德县', 173, 1),
(178, '兴隆县', 173, 1),
(179, '平泉县', 173, 1),
(180, '滦平县', 173, 1),
(181, '隆化县', 173, 1),
(182, '丰宁满族自治县', 173, 1),
(183, '宽城满族自治县', 173, 1),
(184, '围场满族蒙古族自治县', 173, 1),
(185, '沧州市', 41, 1),
(186, '新华区', 185, 1),
(187, '运河区', 185, 1),
(188, '沧县', 185, 1),
(189, '青县', 185, 1),
(190, '东光县', 185, 1),
(191, '海兴县', 185, 1),
(192, '盐山县', 185, 1),
(193, '肃宁县', 185, 1),
(194, '南皮县', 185, 1),
(195, '吴桥县', 185, 1),
(196, '献县', 185, 1),
(197, '孟村回族自治县', 185, 1),
(198, '泊头市', 185, 1),
(199, '任丘市', 185, 1),
(200, '黄骅市', 185, 1),
(201, '河间市', 185, 1),
(202, '廊坊市', 41, 1),
(203, '安次区', 202, 1),
(204, '广阳区', 202, 1),
(205, '固安县', 202, 1),
(206, '永清县', 202, 1),
(207, '香河县', 202, 1),
(208, '大城县', 202, 1),
(209, '文安县', 202, 1),
(210, '大厂回族自治县', 202, 1),
(211, '霸州市', 202, 1),
(212, '三河市', 202, 1),
(213, '衡水市', 41, 1),
(214, '桃城区', 213, 1),
(215, '枣强县', 213, 1),
(216, '武邑县', 213, 1),
(217, '武强县', 213, 1),
(218, '饶阳县', 213, 1),
(219, '安平县', 213, 1),
(220, '故城县', 213, 1),
(221, '景县', 213, 1),
(222, '阜城县', 213, 1),
(223, '冀州市', 213, 1),
(224, '深州市', 213, 1),
(225, '山西', 0, 1),
(226, '太原市', 225, 1),
(227, '小店区', 226, 1),
(228, '迎泽区', 226, 1),
(229, '杏花岭区', 226, 1),
(230, '尖草坪区', 226, 1),
(231, '万柏林区', 226, 1),
(232, '晋源区', 226, 1),
(233, '清徐县', 226, 1),
(234, '阳曲县', 226, 1),
(235, '娄烦县', 226, 1),
(236, '古交市', 226, 1),
(237, '大同市', 225, 1),
(238, '城区', 237, 1),
(239, '矿区', 237, 1),
(240, '南郊区', 237, 1),
(241, '新荣区', 237, 1),
(242, '阳高县', 237, 1),
(243, '天镇县', 237, 1),
(244, '广灵县', 237, 1),
(245, '灵丘县', 237, 1),
(246, '浑源县', 237, 1),
(247, '左云县', 237, 1),
(248, '大同县', 237, 1),
(249, '阳泉市', 225, 1),
(250, '城区', 249, 1),
(251, '矿区', 249, 1),
(252, '郊区', 249, 1),
(253, '平定县', 249, 1),
(254, '盂县', 249, 1),
(255, '长治市', 225, 1),
(256, '城区', 255, 1),
(257, '郊区', 255, 1),
(258, '长治县', 255, 1),
(259, '襄垣县', 255, 1),
(260, '屯留县', 255, 1),
(261, '平顺县', 255, 1),
(262, '黎城县', 255, 1),
(263, '壶关县', 255, 1),
(264, '长子县', 255, 1),
(265, '武乡县', 255, 1),
(266, '沁县', 255, 1),
(267, '沁源县', 255, 1),
(268, '潞城市', 255, 1),
(269, '晋城市', 225, 1),
(270, '城区', 269, 1),
(271, '沁水县', 269, 1),
(272, '阳城县', 269, 1),
(273, '陵川县', 269, 1),
(274, '泽州县', 269, 1),
(275, '高平市', 269, 1),
(276, '朔州市', 225, 1),
(277, '朔城区', 276, 1),
(278, '平鲁区', 276, 1),
(279, '山阴县', 276, 1),
(280, '应县', 276, 1),
(281, '右玉县', 276, 1),
(282, '怀仁县', 276, 1),
(283, '晋中市', 225, 1),
(284, '榆次区', 283, 1),
(285, '榆社县', 283, 1),
(286, '左权县', 283, 1),
(287, '和顺县', 283, 1),
(288, '昔阳县', 283, 1),
(289, '寿阳县', 283, 1),
(290, '太谷县', 283, 1),
(291, '祁县', 283, 1),
(292, '平遥县', 283, 1),
(293, '灵石县', 283, 1),
(294, '介休市', 283, 1),
(295, '运城市', 225, 1),
(296, '盐湖区', 295, 1),
(297, '临猗县', 295, 1),
(298, '万荣县', 295, 1),
(299, '闻喜县', 295, 1),
(300, '稷山县', 295, 1),
(301, '新绛县', 295, 1),
(302, '绛县', 295, 1),
(303, '垣曲县', 295, 1),
(304, '夏县', 295, 1),
(305, '平陆县', 295, 1),
(306, '芮城县', 295, 1),
(307, '永济市', 295, 1),
(308, '河津市', 295, 1),
(309, '忻州市', 225, 1),
(310, '忻府区', 309, 1),
(311, '定襄县', 309, 1),
(312, '五台县', 309, 1),
(313, '代县', 309, 1),
(314, '繁峙县', 309, 1),
(315, '宁武县', 309, 1),
(316, '静乐县', 309, 1),
(317, '神池县', 309, 1),
(318, '五寨县', 309, 1),
(319, '岢岚县', 309, 1),
(320, '河曲县', 309, 1),
(321, '保德县', 309, 1),
(322, '偏关县', 309, 1),
(323, '原平市', 309, 1),
(324, '临汾市', 225, 1),
(325, '尧都区', 324, 1),
(326, '曲沃县', 324, 1),
(327, '翼城县', 324, 1),
(328, '襄汾县', 324, 1),
(329, '洪洞县', 324, 1),
(330, '古县', 324, 1),
(331, '安泽县', 324, 1),
(332, '浮山县', 324, 1),
(333, '吉县', 324, 1),
(334, '乡宁县', 324, 1),
(335, '大宁县', 324, 1),
(336, '隰县', 324, 1),
(337, '永和县', 324, 1),
(338, '蒲县', 324, 1),
(339, '汾西县', 324, 1),
(340, '侯马市', 324, 1),
(341, '霍州市', 324, 1),
(342, '吕梁市', 225, 1),
(343, '离石区', 342, 1),
(344, '文水县', 342, 1),
(345, '交城县', 342, 1),
(346, '兴县', 342, 1),
(347, '临县', 342, 1),
(348, '柳林县', 342, 1),
(349, '石楼县', 342, 1),
(350, '岚县', 342, 1),
(351, '方山县', 342, 1),
(352, '中阳县', 342, 1),
(353, '交口县', 342, 1),
(354, '孝义市', 342, 1),
(355, '汾阳市', 342, 1),
(356, '内蒙古', 0, 1),
(357, '呼和浩特市', 356, 1),
(358, '新城区', 357, 1),
(359, '回民区', 357, 1),
(360, '玉泉区', 357, 1),
(361, '赛罕区', 357, 1),
(362, '土默特左旗', 357, 1),
(363, '托克托县', 357, 1),
(364, '和林格尔县', 357, 1),
(365, '清水河县', 357, 1),
(366, '武川县', 357, 1),
(367, '包头市', 356, 1),
(368, '东河区', 367, 1),
(369, '昆都仑区', 367, 1),
(370, '青山区', 367, 1),
(371, '石拐区', 367, 1),
(372, '白云矿区', 367, 1),
(373, '九原区', 367, 1),
(374, '土默特右旗', 367, 1),
(375, '固阳县', 367, 1),
(376, '达尔罕茂明安联合旗', 367, 1),
(377, '乌海市', 356, 1),
(378, '海勃湾区', 377, 1),
(379, '海南区', 377, 1),
(380, '乌达区', 377, 1),
(381, '赤峰市', 356, 1),
(382, '红山区', 381, 1),
(383, '元宝山区', 381, 1),
(384, '松山区', 381, 1),
(385, '阿鲁科尔沁旗', 381, 1),
(386, '巴林左旗', 381, 1),
(387, '巴林右旗', 381, 1),
(388, '林西县', 381, 1),
(389, '克什克腾旗', 381, 1),
(390, '翁牛特旗', 381, 1),
(391, '喀喇沁旗', 381, 1),
(392, '宁城县', 381, 1),
(393, '敖汉旗', 381, 1),
(394, '通辽市', 356, 1),
(395, '科尔沁区', 394, 1),
(396, '科尔沁左翼中旗', 394, 1),
(397, '科尔沁左翼后旗', 394, 1),
(398, '开鲁县', 394, 1),
(399, '库伦旗', 394, 1),
(400, '奈曼旗', 394, 1),
(401, '扎鲁特旗', 394, 1),
(402, '霍林郭勒市', 394, 1),
(403, '鄂尔多斯市', 356, 1),
(404, '市辖区', 403, 1),
(405, '  东胜区', 403, 1),
(406, '达拉特旗', 403, 1),
(407, '准格尔旗', 403, 1),
(408, '鄂托克前旗', 403, 1),
(409, '鄂托克旗', 403, 1),
(410, '杭锦旗', 403, 1),
(411, '乌审旗', 403, 1),
(412, '伊金霍洛旗', 403, 1),
(413, '呼伦贝尔市', 356, 1),
(414, '海拉尔区', 413, 1),
(415, '阿荣旗', 413, 1),
(416, '莫力达瓦达斡尔族自治旗', 413, 1),
(417, '鄂伦春自治旗', 413, 1),
(418, '鄂温克族自治旗', 413, 1),
(419, '陈巴尔虎旗', 413, 1),
(420, '新巴尔虎左旗', 413, 1),
(421, '新巴尔虎右旗', 413, 1),
(422, '满洲里市', 413, 1),
(423, '牙克石市', 413, 1),
(424, '扎兰屯市', 413, 1),
(425, '额尔古纳市', 413, 1),
(426, '根河市', 413, 1),
(427, '巴彦淖尔市', 356, 1),
(428, '临河区', 427, 1),
(429, '五原县', 427, 1),
(430, '磴口县', 427, 1),
(431, '乌拉特前旗', 427, 1),
(432, '乌拉特中旗', 427, 1),
(433, '乌拉特后旗', 427, 1),
(434, '杭锦后旗', 427, 1),
(435, '乌兰察布市', 356, 1),
(436, '集宁区', 435, 1),
(437, '卓资县', 435, 1),
(438, '化德县', 435, 1),
(439, '商都县', 435, 1),
(440, '兴和县', 435, 1),
(441, '凉城县', 435, 1),
(442, '察哈尔右翼前旗', 435, 1),
(443, '察哈尔右翼中旗', 435, 1),
(444, '察哈尔右翼后旗', 435, 1),
(445, '四子王旗', 435, 1),
(446, '丰镇市', 435, 1),
(447, '兴安盟', 356, 1),
(448, '乌兰浩特市', 447, 1),
(449, '阿尔山市', 447, 1),
(450, '科尔沁右翼前旗', 447, 1),
(451, '科尔沁右翼中旗', 447, 1),
(452, '扎赉特旗', 447, 1),
(453, '突泉县', 447, 1),
(454, '锡林郭勒盟', 356, 1),
(455, '二连浩特市', 454, 1),
(456, '锡林浩特市', 454, 1),
(457, '阿巴嘎旗', 454, 1),
(458, '苏尼特左旗', 454, 1),
(459, '苏尼特右旗', 454, 1),
(460, '东乌珠穆沁旗', 454, 1),
(461, '西乌珠穆沁旗', 454, 1),
(462, '太仆寺旗', 454, 1),
(463, '镶黄旗', 454, 1),
(464, '正镶白旗', 454, 1),
(465, '正蓝旗', 454, 1),
(466, '多伦县', 454, 1),
(467, '阿拉善盟', 356, 1),
(468, '阿拉善左旗', 467, 1),
(469, '阿拉善右旗', 467, 1),
(470, '额济纳旗', 467, 1),
(471, '辽宁', 0, 1),
(472, '沈阳市', 471, 1),
(473, '和平区', 472, 1),
(474, '沈河区', 472, 1),
(475, '大东区', 472, 1),
(476, '皇姑区', 472, 1),
(477, '铁西区', 472, 1),
(478, '苏家屯区', 472, 1),
(479, '东陵区', 472, 1),
(480, '沈北新区', 472, 1),
(481, '于洪区', 472, 1),
(482, '辽中县', 472, 1),
(483, '康平县', 472, 1),
(484, '法库县', 472, 1),
(485, '新民市', 472, 1),
(486, '大连市', 471, 1),
(487, '中山区', 486, 1),
(488, '西岗区', 486, 1),
(489, '沙河口区', 486, 1),
(490, '甘井子区', 486, 1),
(491, '旅顺口区', 486, 1),
(492, '金州区', 486, 1),
(493, '长海县', 486, 1),
(494, '瓦房店市', 486, 1),
(495, '普兰店市', 486, 1),
(496, '庄河市', 486, 1),
(497, '鞍山市', 471, 1),
(498, '铁东区', 497, 1),
(499, '铁西区', 497, 1),
(500, '立山区', 497, 1),
(501, '千山区', 497, 1),
(502, '台安县', 497, 1),
(503, '岫岩满族自治县', 497, 1),
(504, '海城市', 497, 1),
(505, '抚顺市', 471, 1),
(506, '新抚区', 505, 1),
(507, '东洲区', 505, 1),
(508, '望花区', 505, 1),
(509, '顺城区', 505, 1),
(510, '抚顺县', 505, 1),
(511, '新宾满族自治县', 505, 1),
(512, '清原满族自治县', 505, 1),
(513, '本溪市', 471, 1),
(514, '平山区', 513, 1),
(515, '溪湖区', 513, 1),
(516, '明山区', 513, 1),
(517, '南芬区', 513, 1),
(518, '本溪满族自治县', 513, 1),
(519, '桓仁满族自治县', 513, 1),
(520, '丹东市', 471, 1),
(521, '元宝区', 520, 1),
(522, '振兴区', 520, 1),
(523, '振安区', 520, 1),
(524, '宽甸满族自治县', 520, 1),
(525, '东港市', 520, 1),
(526, '凤城市', 520, 1),
(527, '锦州市', 471, 1),
(528, '古塔区', 527, 1),
(529, '凌河区', 527, 1),
(530, '太和区', 527, 1),
(531, '黑山县', 527, 1),
(532, '义县', 527, 1),
(533, '凌海市', 527, 1),
(534, '北镇市', 527, 1),
(535, '营口市', 471, 1),
(536, '站前区', 535, 1),
(537, '西市区', 535, 1),
(538, '鲅鱼圈区', 535, 1),
(539, '老边区', 535, 1),
(540, '盖州市', 535, 1),
(541, '大石桥市', 535, 1),
(542, '阜新市', 471, 1),
(543, '海州区', 542, 1),
(544, '新邱区', 542, 1),
(545, '太平区', 542, 1),
(546, '清河门区', 542, 1),
(547, '细河区', 542, 1),
(548, '阜新蒙古族自治县', 542, 1),
(549, '彰武县', 542, 1),
(550, '辽阳市', 471, 1),
(551, '白塔区', 550, 1),
(552, '文圣区', 550, 1),
(553, '宏伟区', 550, 1),
(554, '弓长岭区', 550, 1),
(555, '太子河区', 550, 1),
(556, '辽阳县', 550, 1),
(557, '灯塔市', 550, 1),
(558, '盘锦市', 471, 1),
(559, '双台子区', 558, 1),
(560, '兴隆台区', 558, 1),
(561, '大洼县', 558, 1),
(562, '盘山县', 558, 1),
(563, '铁岭市', 471, 1),
(564, '银州区', 563, 1),
(565, '清河区', 563, 1),
(566, '铁岭县', 563, 1),
(567, '西丰县', 563, 1),
(568, '昌图县', 563, 1),
(569, '调兵山市', 563, 1),
(570, '开原市', 563, 1),
(571, '朝阳市', 471, 1),
(572, '双塔区', 571, 1),
(573, '龙城区', 571, 1),
(574, '朝阳县', 571, 1),
(575, '建平县', 571, 1),
(576, '喀喇沁左翼蒙古族自治县', 571, 1),
(577, '北票市', 571, 1),
(578, '凌源市', 571, 1),
(579, '葫芦岛市', 471, 1),
(580, '连山区', 579, 1),
(581, '龙港区', 579, 1),
(582, '南票区', 579, 1),
(583, '绥中县', 579, 1),
(584, '建昌县', 579, 1),
(585, '兴城市', 579, 1),
(586, '吉林', 0, 1),
(587, '长春市', 586, 1),
(588, '南关区', 587, 1),
(589, '宽城区', 587, 1),
(590, '朝阳区', 587, 1),
(591, '二道区', 587, 1),
(592, '绿园区', 587, 1),
(593, '双阳区', 587, 1),
(594, '农安县', 587, 1),
(595, '九台市', 587, 1),
(596, '榆树市', 587, 1),
(597, '德惠市', 587, 1),
(598, '吉林市', 586, 1),
(599, '昌邑区', 598, 1),
(600, '龙潭区', 598, 1),
(601, '船营区', 598, 1),
(602, '丰满区', 598, 1),
(603, '永吉县', 598, 1),
(604, '蛟河市', 598, 1),
(605, '桦甸市', 598, 1),
(606, '舒兰市', 598, 1),
(607, '磐石市', 598, 1),
(608, '四平市', 586, 1),
(609, '铁西区', 608, 1),
(610, '铁东区', 608, 1),
(611, '梨树县', 608, 1),
(612, '伊通满族自治县', 608, 1),
(613, '公主岭市', 608, 1),
(614, '双辽市', 608, 1),
(615, '辽源市', 586, 1),
(616, '龙山区', 615, 1),
(617, '西安区', 615, 1),
(618, '东丰县', 615, 1),
(619, '东辽县', 615, 1),
(620, '通化市', 586, 1),
(621, '东昌区', 620, 1),
(622, '二道江区', 620, 1),
(623, '通化县', 620, 1),
(624, '辉南县', 620, 1),
(625, '柳河县', 620, 1),
(626, '梅河口市', 620, 1),
(627, '集安市', 620, 1),
(628, '白山市', 586, 1),
(629, '八道江区', 628, 1),
(630, '  江源区', 628, 1),
(631, '抚松县', 628, 1),
(632, '靖宇县', 628, 1),
(633, '长白朝鲜族自治县', 628, 1),
(634, '临江市', 628, 1),
(635, '松原市', 586, 1),
(636, '宁江区', 635, 1),
(637, '前郭尔罗斯蒙古族自治县', 635, 1),
(638, '长岭县', 635, 1),
(639, '乾安县', 635, 1),
(640, '扶余县', 635, 1),
(641, '白城市', 586, 1),
(642, '洮北区', 641, 1),
(643, '镇赉县', 641, 1),
(644, '通榆县', 641, 1),
(645, '洮南市', 641, 1),
(646, '大安市', 641, 1),
(647, '延边朝鲜族自治州', 586, 1),
(648, '延吉市', 647, 1),
(649, '图们市', 647, 1),
(650, '敦化市', 647, 1),
(651, '珲春市', 647, 1),
(652, '龙井市', 647, 1),
(653, '和龙市', 647, 1),
(654, '汪清县', 647, 1),
(655, '安图县', 647, 1),
(656, '黑龙江', 0, 1),
(657, '哈尔滨市', 656, 1),
(658, '道里区', 657, 1),
(659, '南岗区', 657, 1),
(660, '道外区', 657, 1),
(661, '平房区', 657, 1),
(662, '松北区', 657, 1),
(663, '香坊区', 657, 1),
(664, '呼兰区', 657, 1),
(665, '阿城区                 ', 657, 1),
(666, '依兰县', 657, 1),
(667, '方正县', 657, 1),
(668, '宾县', 657, 1),
(669, '巴彦县', 657, 1),
(670, '木兰县', 657, 1),
(671, '通河县', 657, 1),
(672, '延寿县', 657, 1),
(673, '双城市', 657, 1),
(674, '尚志市', 657, 1),
(675, '五常市', 657, 1),
(676, '齐齐哈尔市', 656, 1),
(677, '龙沙区', 676, 1),
(678, '建华区', 676, 1),
(679, '铁锋区', 676, 1),
(680, '昂昂溪区', 676, 1),
(681, '富拉尔基区', 676, 1),
(682, '碾子山区', 676, 1),
(683, '梅里斯达斡尔族区', 676, 1),
(684, '龙江县', 676, 1),
(685, '依安县', 676, 1),
(686, '泰来县', 676, 1),
(687, '甘南县', 676, 1),
(688, '富裕县', 676, 1),
(689, '克山县', 676, 1),
(690, '克东县', 676, 1),
(691, '拜泉县', 676, 1),
(692, '讷河市', 676, 1),
(693, '鸡西市', 656, 1),
(694, '鸡冠区', 693, 1),
(695, '恒山区', 693, 1),
(696, '滴道区', 693, 1),
(697, '梨树区', 693, 1),
(698, '城子河区', 693, 1),
(699, '麻山区', 693, 1),
(700, '鸡东县', 693, 1),
(701, '虎林市', 693, 1),
(702, '密山市', 693, 1),
(703, '鹤岗市', 656, 1),
(704, '向阳区', 703, 1),
(705, '工农区', 703, 1),
(706, '南山区', 703, 1),
(707, '兴安区', 703, 1),
(708, '东山区', 703, 1),
(709, '兴山区', 703, 1),
(710, '萝北县', 703, 1),
(711, '绥滨县', 703, 1),
(712, '双鸭山市', 656, 1),
(713, '尖山区', 712, 1),
(714, '岭东区', 712, 1),
(715, '四方台区', 712, 1),
(716, '宝山区', 712, 1),
(717, '集贤县', 712, 1),
(718, '友谊县', 712, 1),
(719, '宝清县', 712, 1),
(720, '饶河县', 712, 1),
(721, '大庆市', 656, 1),
(722, '萨尔图区', 721, 1),
(723, '龙凤区', 721, 1),
(724, '让胡路区', 721, 1),
(725, '红岗区', 721, 1),
(726, '大同区', 721, 1),
(727, '肇州县', 721, 1),
(728, '肇源县', 721, 1),
(729, '林甸县', 721, 1),
(730, '杜尔伯特蒙古族自治县', 721, 1),
(731, '伊春市', 656, 1),
(732, '伊春区', 731, 1),
(733, '南岔区', 731, 1),
(734, '友好区', 731, 1),
(735, '西林区', 731, 1),
(736, '翠峦区', 731, 1),
(737, '新青区', 731, 1),
(738, '美溪区', 731, 1),
(739, '金山屯区', 731, 1),
(740, '五营区', 731, 1),
(741, '乌马河区', 731, 1),
(742, '汤旺河区', 731, 1),
(743, '带岭区', 731, 1),
(744, '乌伊岭区', 731, 1),
(745, '红星区', 731, 1),
(746, '上甘岭区', 731, 1),
(747, '嘉荫县', 731, 1),
(748, '铁力市', 731, 1),
(749, '佳木斯市', 656, 1),
(750, '向阳区', 749, 1),
(751, '前进区', 749, 1),
(752, '东风区', 749, 1),
(753, '郊区', 749, 1),
(754, '桦南县', 749, 1),
(755, '桦川县', 749, 1),
(756, '汤原县', 749, 1),
(757, '抚远县', 749, 1),
(758, '同江市', 749, 1),
(759, '富锦市', 749, 1),
(760, '七台河市', 656, 1),
(761, '新兴区', 760, 1),
(762, '桃山区', 760, 1),
(763, '茄子河区', 760, 1),
(764, '勃利县', 760, 1),
(765, '牡丹江市', 656, 1),
(766, '东安区', 765, 1),
(767, '阳明区', 765, 1),
(768, '爱民区', 765, 1),
(769, '西安区', 765, 1),
(770, '东宁县', 765, 1),
(771, '林口县', 765, 1),
(772, '绥芬河市', 765, 1),
(773, '海林市', 765, 1),
(774, '宁安市', 765, 1),
(775, '穆棱市', 765, 1),
(776, '黑河市', 656, 1),
(777, '爱辉区', 776, 1),
(778, '嫩江县', 776, 1),
(779, '逊克县', 776, 1),
(780, '孙吴县', 776, 1),
(781, '北安市', 776, 1),
(782, '五大连池市', 776, 1),
(783, '绥化市', 656, 1),
(784, '北林区', 783, 1),
(785, '望奎县', 783, 1),
(786, '兰西县', 783, 1),
(787, '青冈县', 783, 1),
(788, '庆安县', 783, 1),
(789, '明水县', 783, 1),
(790, '绥棱县', 783, 1),
(791, '安达市', 783, 1),
(792, '肇东市', 783, 1),
(793, '海伦市', 783, 1),
(794, '大兴安岭地区', 656, 1),
(795, '加格达奇区', 794, 1),
(796, '松岭区', 794, 1),
(797, '新林区', 794, 1),
(798, '呼中区', 794, 1),
(799, '呼玛县', 794, 1),
(800, '塔河县', 794, 1),
(801, '漠河县', 794, 1),
(802, '上海', 0, 1),
(803, '上海市', 802, 1),
(804, '黄浦区', 803, 1),
(805, '卢湾区', 803, 1),
(806, '徐汇区', 803, 1),
(807, '长宁区', 803, 1),
(808, '静安区', 803, 1),
(809, '普陀区', 803, 1),
(810, '闸北区', 803, 1),
(811, '虹口区', 803, 1),
(812, '杨浦区', 803, 1),
(813, '闵行区', 803, 1),
(814, '宝山区', 803, 1),
(815, '嘉定区', 803, 1),
(816, '浦东新区', 803, 1),
(817, '金山区', 803, 1),
(818, '松江区', 803, 1),
(819, '青浦区', 803, 1),
(820, '南汇区', 803, 1),
(821, '奉贤区', 803, 1),
(822, '崇明县', 803, 1),
(823, '江苏', 0, 1),
(824, '南京市', 823, 1),
(825, '玄武区', 824, 1),
(826, '白下区', 824, 1),
(827, '秦淮区', 824, 1),
(828, '建邺区', 824, 1),
(829, '鼓楼区', 824, 1),
(830, '下关区', 824, 1),
(831, '浦口区', 824, 1),
(832, '栖霞区', 824, 1),
(833, '雨花台区', 824, 1),
(834, '江宁区', 824, 1),
(835, '六合区', 824, 1),
(836, '溧水县', 824, 1),
(837, '高淳县', 824, 1),
(838, '无锡市', 823, 1),
(839, '崇安区', 838, 1),
(840, '南长区', 838, 1),
(841, '北塘区', 838, 1),
(842, '锡山区', 838, 1),
(843, '惠山区', 838, 1),
(844, '滨湖区', 838, 1),
(845, '江阴市', 838, 1),
(846, '宜兴市', 838, 1),
(847, '徐州市', 823, 1),
(848, '鼓楼区', 847, 1),
(849, '云龙区', 847, 1),
(850, '九里区', 847, 1),
(851, '贾汪区', 847, 1),
(852, '泉山区', 847, 1),
(853, '丰县', 847, 1),
(854, '沛县', 847, 1),
(855, '铜山县', 847, 1),
(856, '睢宁县', 847, 1),
(857, '新沂市', 847, 1),
(858, '邳州市', 847, 1),
(859, '常州市', 823, 1),
(860, '天宁区', 859, 1),
(861, '钟楼区', 859, 1),
(862, '戚墅堰区', 859, 1),
(863, '新北区', 859, 1),
(864, '武进区', 859, 1),
(865, '溧阳市', 859, 1),
(866, '金坛市', 859, 1),
(867, '苏州市', 823, 1),
(868, '沧浪区', 867, 1),
(869, '平江区', 867, 1),
(870, '金阊区', 867, 1),
(871, '虎丘区', 867, 1),
(872, '吴中区', 867, 1),
(873, '相城区', 867, 1),
(874, '常熟市', 867, 1),
(875, '张家港市', 867, 1),
(876, '昆山市', 867, 1),
(877, '吴江市', 867, 1),
(878, '太仓市', 867, 1),
(879, '南通市', 823, 1),
(880, '崇川区', 879, 1),
(881, '港闸区', 879, 1),
(882, '海安县', 879, 1),
(883, '如东县', 879, 1),
(884, '启东市', 879, 1),
(885, '如皋市', 879, 1),
(886, '通州市', 879, 1),
(887, '海门市', 879, 1),
(888, '连云港市', 823, 1),
(889, '连云区', 888, 1),
(890, '新浦区', 888, 1),
(891, '海州区', 888, 1),
(892, '赣榆县', 888, 1),
(893, '东海县', 888, 1),
(894, '灌云县', 888, 1),
(895, '灌南县', 888, 1),
(896, '淮安市', 823, 1),
(897, '清河区', 896, 1),
(898, '楚州区', 896, 1),
(899, '淮阴区', 896, 1),
(900, '清浦区', 896, 1),
(901, '涟水县', 896, 1),
(902, '洪泽县', 896, 1),
(903, '盱眙县', 896, 1),
(904, '金湖县', 896, 1),
(905, '盐城市', 823, 1),
(906, '亭湖区', 905, 1),
(907, '盐都区', 905, 1),
(908, '响水县', 905, 1),
(909, '滨海县', 905, 1),
(910, '阜宁县', 905, 1),
(911, '射阳县', 905, 1),
(912, '建湖县', 905, 1),
(913, '东台市', 905, 1),
(914, '大丰市', 905, 1),
(915, '扬州市', 823, 1),
(916, '广陵区', 915, 1),
(917, '邗江区', 915, 1),
(918, '维扬区', 915, 1),
(919, '宝应县', 915, 1),
(920, '仪征市', 915, 1),
(921, '高邮市', 915, 1),
(922, '江都市', 915, 1),
(923, '镇江市', 823, 1),
(924, '京口区', 923, 1),
(925, '润州区', 923, 1),
(926, '丹徒区', 923, 1),
(927, '丹阳市', 923, 1),
(928, '扬中市', 923, 1),
(929, '句容市', 923, 1),
(930, '泰州市', 823, 1),
(931, '海陵区', 930, 1),
(932, '高港区', 930, 1),
(933, '兴化市', 930, 1),
(934, '靖江市', 930, 1),
(935, '泰兴市', 930, 1),
(936, '姜堰市', 930, 1),
(937, '宿迁市', 823, 1),
(938, '宿城区', 937, 1),
(939, '宿豫区', 937, 1),
(940, '沭阳县', 937, 1),
(941, '泗阳县', 937, 1),
(942, '泗洪县', 937, 1),
(943, '浙江', 0, 1),
(944, '杭州市', 943, 1),
(945, '上城区', 944, 1),
(946, '下城区', 944, 1),
(947, '江干区', 944, 1),
(948, '拱墅区', 944, 1),
(949, '西湖区', 944, 1),
(950, '滨江区', 944, 1),
(951, '萧山区', 944, 1),
(952, '余杭区', 944, 1),
(953, '桐庐县', 944, 1),
(954, '淳安县', 944, 1),
(955, '建德市', 944, 1),
(956, '富阳市', 944, 1),
(957, '临安市', 944, 1),
(958, '宁波市', 943, 1),
(959, '海曙区', 958, 1),
(960, '江东区', 958, 1),
(961, '江北区', 958, 1),
(962, '北仑区', 958, 1),
(963, '镇海区', 958, 1),
(964, '鄞州区', 958, 1),
(965, '象山县', 958, 1),
(966, '宁海县', 958, 1),
(967, '余姚市', 958, 1),
(968, '慈溪市', 958, 1),
(969, '奉化市', 958, 1),
(970, '温州市', 943, 1),
(971, '鹿城区', 970, 1),
(972, '龙湾区', 970, 1),
(973, '瓯海区', 970, 1),
(974, '洞头县', 970, 1),
(975, '永嘉县', 970, 1),
(976, '平阳县', 970, 1),
(977, '苍南县', 970, 1),
(978, '文成县', 970, 1),
(979, '泰顺县', 970, 1),
(980, '瑞安市', 970, 1),
(981, '乐清市', 970, 1),
(982, '嘉兴市', 943, 1),
(983, '南湖区', 982, 1),
(984, '秀洲区', 982, 1),
(985, '嘉善县', 982, 1),
(986, '海盐县', 982, 1),
(987, '海宁市', 982, 1),
(988, '平湖市', 982, 1),
(989, '桐乡市', 982, 1),
(990, '湖州市', 943, 1),
(991, '吴兴区', 990, 1),
(992, '南浔区', 990, 1),
(993, '德清县', 990, 1),
(994, '长兴县', 990, 1),
(995, '安吉县', 990, 1),
(996, '绍兴市', 943, 1),
(997, '越城区', 996, 1),
(998, '绍兴县', 996, 1),
(999, '新昌县', 996, 1),
(1000, '诸暨市', 996, 1),
(1001, '上虞市', 996, 1),
(1002, '嵊州市', 996, 1),
(1003, '金华市', 943, 1),
(1004, '婺城区', 1003, 1),
(1005, '金东区', 1003, 1),
(1006, '武义县', 1003, 1),
(1007, '浦江县', 1003, 1),
(1008, '磐安县', 1003, 1),
(1009, '兰溪市', 1003, 1),
(1010, '义乌市', 1003, 1),
(1011, '东阳市', 1003, 1),
(1012, '永康市', 1003, 1),
(1013, '衢州市', 943, 1),
(1014, '柯城区', 1013, 1),
(1015, '衢江区', 1013, 1),
(1016, '常山县', 1013, 1),
(1017, '开化县', 1013, 1),
(1018, '龙游县', 1013, 1),
(1019, '江山市', 1013, 1),
(1020, '舟山市', 943, 1),
(1021, '定海区', 1020, 1),
(1022, '普陀区', 1020, 1),
(1023, '岱山县', 1020, 1),
(1024, '嵊泗县', 1020, 1),
(1025, '台州市', 943, 1),
(1026, '椒江区', 1025, 1),
(1027, '黄岩区', 1025, 1),
(1028, '路桥区', 1025, 1),
(1029, '玉环县', 1025, 1),
(1030, '三门县', 1025, 1),
(1031, '天台县', 1025, 1),
(1032, '仙居县', 1025, 1),
(1033, '温岭市', 1025, 1),
(1034, '临海市', 1025, 1),
(1035, '丽水市', 943, 1),
(1036, '莲都区', 1035, 1),
(1037, '青田县', 1035, 1),
(1038, '缙云县', 1035, 1),
(1039, '遂昌县', 1035, 1),
(1040, '松阳县', 1035, 1),
(1041, '云和县', 1035, 1),
(1042, '庆元县', 1035, 1),
(1043, '景宁畲族自治县', 1035, 1),
(1044, '龙泉市', 1035, 1),
(1045, '安徽', 0, 1),
(1046, '合肥市', 1045, 1),
(1047, '瑶海区', 1046, 1),
(1048, '庐阳区', 1046, 1),
(1049, '蜀山区', 1046, 1),
(1050, '包河区', 1046, 1),
(1051, '长丰县', 1046, 1),
(1052, '肥东县', 1046, 1),
(1053, '肥西县', 1046, 1),
(1054, '芜湖市', 1045, 1),
(1055, '镜湖区', 1054, 1),
(1056, '弋江区', 1054, 1),
(1057, '鸠江区', 1054, 1),
(1058, '三山区', 1054, 1),
(1059, '芜湖县', 1054, 1),
(1060, '繁昌县', 1054, 1),
(1061, '南陵县', 1054, 1),
(1062, '蚌埠市', 1045, 1),
(1063, '龙子湖区', 1062, 1),
(1064, '蚌山区', 1062, 1),
(1065, '禹会区', 1062, 1),
(1066, '淮上区', 1062, 1),
(1067, '怀远县', 1062, 1),
(1068, '五河县', 1062, 1),
(1069, '固镇县', 1062, 1),
(1070, '淮南市', 1045, 1),
(1071, '大通区', 1070, 1),
(1072, '田家庵区', 1070, 1),
(1073, '谢家集区', 1070, 1),
(1074, '八公山区', 1070, 1),
(1075, '潘集区', 1070, 1),
(1076, '凤台县', 1070, 1),
(1077, '马鞍山市', 1045, 1),
(1078, '金家庄区', 1077, 1),
(1079, '花山区', 1077, 1),
(1080, '雨山区', 1077, 1),
(1081, '当涂县', 1077, 1),
(1082, '淮北市', 1045, 1),
(1083, '杜集区', 1082, 1),
(1084, '相山区', 1082, 1),
(1085, '烈山区', 1082, 1),
(1086, '濉溪县', 1082, 1),
(1087, '铜陵市', 1045, 1),
(1088, '铜官山区', 1087, 1),
(1089, '狮子山区', 1087, 1),
(1090, '郊区', 1087, 1),
(1091, '铜陵县', 1087, 1),
(1092, '安庆市', 1045, 1),
(1093, '迎江区', 1092, 1),
(1094, '大观区', 1092, 1),
(1095, '宜秀区', 1092, 1),
(1096, '怀宁县', 1092, 1),
(1097, '枞阳县', 1092, 1),
(1098, '潜山县', 1092, 1),
(1099, '太湖县', 1092, 1),
(1100, '宿松县', 1092, 1),
(1101, '望江县', 1092, 1),
(1102, '岳西县', 1092, 1),
(1103, '桐城市', 1092, 1),
(1104, '黄山市', 1045, 1),
(1105, '屯溪区', 1104, 1),
(1106, '黄山区', 1104, 1),
(1107, '徽州区', 1104, 1),
(1108, '歙县', 1104, 1),
(1109, '休宁县', 1104, 1),
(1110, '黟县', 1104, 1),
(1111, '祁门县', 1104, 1),
(1112, '滁州市', 1045, 1),
(1113, '琅琊区', 1112, 1),
(1114, '南谯区', 1112, 1),
(1115, '来安县', 1112, 1),
(1116, '全椒县', 1112, 1),
(1117, '定远县', 1112, 1),
(1118, '凤阳县', 1112, 1),
(1119, '天长市', 1112, 1),
(1120, '明光市', 1112, 1),
(1121, '阜阳市', 1045, 1),
(1122, '颍州区', 1121, 1),
(1123, '颍东区', 1121, 1),
(1124, '颍泉区', 1121, 1),
(1125, '临泉县', 1121, 1),
(1126, '太和县', 1121, 1),
(1127, '阜南县', 1121, 1),
(1128, '颍上县', 1121, 1),
(1129, '界首市', 1121, 1),
(1130, '宿州市', 1045, 1),
(1131, '埇桥区', 1130, 1),
(1132, '砀山县', 1130, 1),
(1133, '萧县', 1130, 1),
(1134, '灵璧县', 1130, 1),
(1135, '泗县', 1130, 1),
(1136, '巢湖市', 1045, 1),
(1137, '居巢区', 1136, 1),
(1138, '庐江县', 1136, 1),
(1139, '无为县', 1136, 1),
(1140, '含山县', 1136, 1),
(1141, '和县', 1136, 1),
(1142, '六安市', 1045, 1),
(1143, '金安区', 1142, 1),
(1144, '裕安区', 1142, 1),
(1145, '寿县', 1142, 1),
(1146, '霍邱县', 1142, 1),
(1147, '舒城县', 1142, 1),
(1148, '金寨县', 1142, 1),
(1149, '霍山县', 1142, 1),
(1150, '亳州市', 1045, 1),
(1151, '谯城区', 1150, 1),
(1152, '涡阳县', 1150, 1),
(1153, '蒙城县', 1150, 1),
(1154, '利辛县', 1150, 1),
(1155, '池州市', 1045, 1),
(1156, '贵池区', 1155, 1),
(1157, '东至县', 1155, 1),
(1158, '石台县', 1155, 1),
(1159, '青阳县', 1155, 1),
(1160, '宣城市', 1045, 1),
(1161, '宣州区', 1160, 1),
(1162, '郎溪县', 1160, 1),
(1163, '广德县', 1160, 1),
(1164, '泾县', 1160, 1),
(1165, '绩溪县', 1160, 1),
(1166, '旌德县', 1160, 1),
(1167, '宁国市', 1160, 1),
(1168, '福建', 0, 1),
(1169, '福州市', 1168, 1),
(1170, '鼓楼区', 1169, 1),
(1171, '台江区', 1169, 1),
(1172, '仓山区', 1169, 1),
(1173, '马尾区', 1169, 1),
(1174, '晋安区', 1169, 1),
(1175, '闽侯县', 1169, 1),
(1176, '连江县', 1169, 1),
(1177, '罗源县', 1169, 1),
(1178, '闽清县', 1169, 1),
(1179, '永泰县', 1169, 1),
(1180, '平潭县', 1169, 1),
(1181, '福清市', 1169, 1),
(1182, '长乐市', 1169, 1),
(1183, '厦门市', 1168, 1),
(1184, '思明区', 1183, 1),
(1185, '海沧区', 1183, 1),
(1186, '湖里区', 1183, 1),
(1187, '集美区', 1183, 1),
(1188, '同安区', 1183, 1),
(1189, '翔安区', 1183, 1),
(1190, '莆田市', 1168, 1),
(1191, '城厢区', 1190, 1),
(1192, '涵江区', 1190, 1),
(1193, '荔城区', 1190, 1),
(1194, '秀屿区', 1190, 1),
(1195, '仙游县', 1190, 1),
(1196, '三明市', 1168, 1),
(1197, '梅列区', 1196, 1),
(1198, '三元区', 1196, 1),
(1199, '明溪县', 1196, 1),
(1200, '清流县', 1196, 1),
(1201, '宁化县', 1196, 1),
(1202, '大田县', 1196, 1),
(1203, '尤溪县', 1196, 1),
(1204, '沙县', 1196, 1),
(1205, '将乐县', 1196, 1),
(1206, '泰宁县', 1196, 1),
(1207, '建宁县', 1196, 1),
(1208, '永安市', 1196, 1),
(1209, '泉州市', 1168, 1),
(1210, '鲤城区', 1209, 1),
(1211, '丰泽区', 1209, 1),
(1212, '洛江区', 1209, 1),
(1213, '泉港区', 1209, 1),
(1214, '惠安县', 1209, 1),
(1215, '安溪县', 1209, 1),
(1216, '永春县', 1209, 1),
(1217, '德化县', 1209, 1),
(1218, '金门县', 1209, 1),
(1219, '石狮市', 1209, 1),
(1220, '晋江市', 1209, 1),
(1221, '南安市', 1209, 1),
(1222, '漳州市', 1168, 1),
(1223, '芗城区', 1222, 1),
(1224, '龙文区', 1222, 1),
(1225, '云霄县', 1222, 1),
(1226, '漳浦县', 1222, 1),
(1227, '诏安县', 1222, 1),
(1228, '长泰县', 1222, 1),
(1229, '东山县', 1222, 1),
(1230, '南靖县', 1222, 1),
(1231, '平和县', 1222, 1),
(1232, '华安县', 1222, 1),
(1233, '龙海市', 1222, 1),
(1234, '南平市', 1168, 1),
(1235, '延平区', 1234, 1),
(1236, '顺昌县', 1234, 1),
(1237, '浦城县', 1234, 1),
(1238, '光泽县', 1234, 1),
(1239, '松溪县', 1234, 1),
(1240, '政和县', 1234, 1),
(1241, '邵武市', 1234, 1),
(1242, '武夷山市', 1234, 1),
(1243, '建瓯市', 1234, 1),
(1244, '建阳市', 1234, 1),
(1245, '龙岩市', 1168, 1),
(1246, '新罗区', 1245, 1),
(1247, '长汀县', 1245, 1),
(1248, '永定县', 1245, 1),
(1249, '上杭县', 1245, 1),
(1250, '武平县', 1245, 1),
(1251, '连城县', 1245, 1),
(1252, '漳平市', 1245, 1),
(1253, '宁德市', 1168, 1),
(1254, '蕉城区', 1253, 1),
(1255, '霞浦县', 1253, 1),
(1256, '古田县', 1253, 1),
(1257, '屏南县', 1253, 1),
(1258, '寿宁县', 1253, 1),
(1259, '周宁县', 1253, 1),
(1260, '柘荣县', 1253, 1),
(1261, '福安市', 1253, 1),
(1262, '福鼎市', 1253, 1),
(1263, '江西', 0, 1),
(1264, '南昌市', 1263, 1),
(1265, '东湖区', 1264, 1),
(1266, '西湖区', 1264, 1),
(1267, '青云谱区', 1264, 1),
(1268, '湾里区', 1264, 1),
(1269, '青山湖区', 1264, 1),
(1270, '南昌县', 1264, 1),
(1271, '新建县', 1264, 1),
(1272, '安义县', 1264, 1),
(1273, '进贤县', 1264, 1),
(1274, '景德镇市', 1263, 1),
(1275, '昌江区', 1274, 1),
(1276, '珠山区', 1274, 1),
(1277, '浮梁县', 1274, 1),
(1278, '乐平市', 1274, 1),
(1279, '萍乡市', 1263, 1),
(1280, '安源区', 1279, 1),
(1281, '湘东区', 1279, 1),
(1282, '莲花县', 1279, 1),
(1283, '上栗县', 1279, 1),
(1284, '芦溪县', 1279, 1),
(1285, '九江市', 1263, 1),
(1286, '庐山区', 1285, 1),
(1287, '浔阳区', 1285, 1),
(1288, '九江县', 1285, 1),
(1289, '武宁县', 1285, 1),
(1290, '修水县', 1285, 1),
(1291, '永修县', 1285, 1),
(1292, '德安县', 1285, 1),
(1293, '星子县', 1285, 1),
(1294, '都昌县', 1285, 1),
(1295, '湖口县', 1285, 1),
(1296, '彭泽县', 1285, 1),
(1297, '瑞昌市', 1285, 1),
(1298, '新余市', 1263, 1),
(1299, '渝水区', 1298, 1),
(1300, '分宜县', 1298, 1),
(1301, '鹰潭市', 1263, 1),
(1302, '月湖区', 1301, 1),
(1303, '余江县', 1301, 1),
(1304, '贵溪市', 1301, 1),
(1305, '赣州市', 1263, 1),
(1306, '章贡区', 1305, 1),
(1307, '赣县', 1305, 1),
(1308, '信丰县', 1305, 1),
(1309, '大余县', 1305, 1),
(1310, '上犹县', 1305, 1),
(1311, '崇义县', 1305, 1),
(1312, '安远县', 1305, 1),
(1313, '龙南县', 1305, 1),
(1314, '定南县', 1305, 1),
(1315, '全南县', 1305, 1),
(1316, '宁都县', 1305, 1),
(1317, '于都县', 1305, 1),
(1318, '兴国县', 1305, 1),
(1319, '会昌县', 1305, 1),
(1320, '寻乌县', 1305, 1),
(1321, '石城县', 1305, 1),
(1322, '瑞金市', 1305, 1),
(1323, '南康市', 1305, 1),
(1324, '吉安市', 1263, 1),
(1325, '吉州区', 1324, 1),
(1326, '青原区', 1324, 1),
(1327, '吉安县', 1324, 1),
(1328, '吉水县', 1324, 1),
(1329, '峡江县', 1324, 1),
(1330, '新干县', 1324, 1),
(1331, '永丰县', 1324, 1),
(1332, '泰和县', 1324, 1),
(1333, '遂川县', 1324, 1),
(1334, '万安县', 1324, 1),
(1335, '安福县', 1324, 1),
(1336, '永新县', 1324, 1),
(1337, '井冈山市', 1324, 1),
(1338, '宜春市', 1263, 1),
(1339, '袁州区', 1338, 1),
(1340, '奉新县', 1338, 1),
(1341, '万载县', 1338, 1),
(1342, '上高县', 1338, 1),
(1343, '宜丰县', 1338, 1),
(1344, '靖安县', 1338, 1),
(1345, '铜鼓县', 1338, 1),
(1346, '丰城市', 1338, 1),
(1347, '樟树市', 1338, 1),
(1348, '高安市', 1338, 1),
(1349, '抚州市', 1263, 1),
(1350, '临川区', 1349, 1),
(1351, '南城县', 1349, 1),
(1352, '黎川县', 1349, 1),
(1353, '南丰县', 1349, 1),
(1354, '崇仁县', 1349, 1),
(1355, '乐安县', 1349, 1),
(1356, '宜黄县', 1349, 1),
(1357, '金溪县', 1349, 1),
(1358, '资溪县', 1349, 1),
(1359, '东乡县', 1349, 1),
(1360, '广昌县', 1349, 1),
(1361, '上饶市', 1263, 1),
(1362, '信州区', 1361, 1),
(1363, '上饶县', 1361, 1),
(1364, '广丰县', 1361, 1),
(1365, '玉山县', 1361, 1),
(1366, '铅山县', 1361, 1),
(1367, '横峰县', 1361, 1),
(1368, '弋阳县', 1361, 1),
(1369, '余干县', 1361, 1),
(1370, '鄱阳县', 1361, 1),
(1371, '万年县', 1361, 1),
(1372, '婺源县', 1361, 1),
(1373, '德兴市', 1361, 1),
(1374, '山东', 0, 1),
(1375, '济南市', 1374, 1),
(1376, '历下区', 1375, 1),
(1377, '市中区', 1375, 1),
(1378, '槐荫区', 1375, 1),
(1379, '天桥区', 1375, 1),
(1380, '历城区', 1375, 1),
(1381, '长清区', 1375, 1),
(1382, '平阴县', 1375, 1),
(1383, '济阳县', 1375, 1),
(1384, '商河县', 1375, 1),
(1385, '章丘市', 1375, 1),
(1386, '青岛市', 1374, 1),
(1387, '市南区', 1386, 1),
(1388, '市北区', 1386, 1),
(1389, '四方区', 1386, 1),
(1390, '黄岛区', 1386, 1),
(1391, '崂山区', 1386, 1),
(1392, '李沧区', 1386, 1),
(1393, '城阳区', 1386, 1),
(1394, '胶州市', 1386, 1),
(1395, '即墨市', 1386, 1),
(1396, '平度市', 1386, 1),
(1397, '胶南市', 1386, 1),
(1398, '莱西市', 1386, 1),
(1399, '淄博市', 1374, 1),
(1400, '淄川区', 1399, 1),
(1401, '张店区', 1399, 1),
(1402, '博山区', 1399, 1),
(1403, '临淄区', 1399, 1),
(1404, '周村区', 1399, 1),
(1405, '桓台县', 1399, 1),
(1406, '高青县', 1399, 1),
(1407, '沂源县', 1399, 1),
(1408, '枣庄市', 1374, 1),
(1409, '市中区', 1408, 1),
(1410, '薛城区', 1408, 1),
(1411, '峄城区', 1408, 1),
(1412, '台儿庄区', 1408, 1),
(1413, '山亭区', 1408, 1),
(1414, '滕州市', 1408, 1),
(1415, '东营市', 1374, 1),
(1416, '东营区', 1415, 1),
(1417, '河口区', 1415, 1),
(1418, '垦利县', 1415, 1),
(1419, '利津县', 1415, 1),
(1420, '广饶县', 1415, 1),
(1421, '烟台市', 1374, 1),
(1422, '芝罘区', 1421, 1),
(1423, '福山区', 1421, 1),
(1424, '牟平区', 1421, 1),
(1425, '莱山区', 1421, 1),
(1426, '长岛县', 1421, 1),
(1427, '龙口市', 1421, 1),
(1428, '莱阳市', 1421, 1),
(1429, '莱州市', 1421, 1),
(1430, '蓬莱市', 1421, 1),
(1431, '招远市', 1421, 1),
(1432, '栖霞市', 1421, 1),
(1433, '海阳市', 1421, 1),
(1434, '潍坊市', 1374, 1),
(1435, '潍城区', 1434, 1),
(1436, '寒亭区', 1434, 1),
(1437, '坊子区', 1434, 1),
(1438, '奎文区', 1434, 1),
(1439, '临朐县', 1434, 1),
(1440, '昌乐县', 1434, 1),
(1441, '青州市', 1434, 1),
(1442, '诸城市', 1434, 1),
(1443, '寿光市', 1434, 1),
(1444, '安丘市', 1434, 1),
(1445, '高密市', 1434, 1),
(1446, '昌邑市', 1434, 1),
(1447, '济宁市', 1374, 1),
(1448, '市中区', 1447, 1),
(1449, '任城区', 1447, 1),
(1450, '微山县', 1447, 1),
(1451, '鱼台县', 1447, 1),
(1452, '金乡县', 1447, 1),
(1453, '嘉祥县', 1447, 1),
(1454, '汶上县', 1447, 1),
(1455, '泗水县', 1447, 1),
(1456, '梁山县', 1447, 1),
(1457, '曲阜市', 1447, 1),
(1458, '兖州市', 1447, 1),
(1459, '邹城市', 1447, 1),
(1460, '泰安市', 1374, 1),
(1461, '泰山区', 1460, 1),
(1462, '岱岳区', 1460, 1),
(1463, '宁阳县', 1460, 1),
(1464, '东平县', 1460, 1),
(1465, '新泰市', 1460, 1),
(1466, '肥城市', 1460, 1),
(1467, '威海市', 1374, 1),
(1468, '环翠区', 1467, 1),
(1469, '文登市', 1467, 1),
(1470, '荣成市', 1467, 1),
(1471, '乳山市', 1467, 1),
(1472, '日照市', 1374, 1),
(1473, '东港区', 1472, 1),
(1474, '岚山区', 1472, 1),
(1475, '五莲县', 1472, 1),
(1476, '莒县', 1472, 1),
(1477, '莱芜市', 1374, 1),
(1478, '莱城区', 1477, 1),
(1479, '钢城区', 1477, 1),
(1480, '临沂市', 1374, 1),
(1481, '兰山区', 1480, 1),
(1482, '罗庄区', 1480, 1),
(1483, '河东区', 1480, 1),
(1484, '沂南县', 1480, 1),
(1485, '郯城县', 1480, 1),
(1486, '沂水县', 1480, 1),
(1487, '苍山县', 1480, 1),
(1488, '费县', 1480, 1),
(1489, '平邑县', 1480, 1),
(1490, '莒南县', 1480, 1),
(1491, '蒙阴县', 1480, 1),
(1492, '临沭县', 1480, 1),
(1493, '德州市', 1374, 1),
(1494, '德城区', 1493, 1),
(1495, '陵县', 1493, 1),
(1496, '宁津县', 1493, 1),
(1497, '庆云县', 1493, 1),
(1498, '临邑县', 1493, 1),
(1499, '齐河县', 1493, 1),
(1500, '平原县', 1493, 1),
(1501, '夏津县', 1493, 1),
(1502, '武城县', 1493, 1),
(1503, '乐陵市', 1493, 1),
(1504, '禹城市', 1493, 1),
(1505, '聊城市', 1374, 1),
(1506, '东昌府区', 1505, 1),
(1507, '阳谷县', 1505, 1),
(1508, '莘县', 1505, 1),
(1509, '茌平县', 1505, 1),
(1510, '东阿县', 1505, 1),
(1511, '冠县', 1505, 1),
(1512, '高唐县', 1505, 1),
(1513, '临清市', 1505, 1),
(1514, '滨州市', 1374, 1),
(1515, '滨城区', 1514, 1),
(1516, '惠民县', 1514, 1),
(1517, '阳信县', 1514, 1),
(1518, '无棣县', 1514, 1),
(1519, '沾化县', 1514, 1),
(1520, '博兴县', 1514, 1),
(1521, '邹平县', 1514, 1),
(1522, '菏泽市', 1374, 1),
(1523, '牡丹区', 1522, 1),
(1524, '曹县', 1522, 1),
(1525, '单县', 1522, 1),
(1526, '成武县', 1522, 1),
(1527, '巨野县', 1522, 1),
(1528, '郓城县', 1522, 1),
(1529, '鄄城县', 1522, 1),
(1530, '定陶县', 1522, 1),
(1531, '东明县', 1522, 1),
(1532, '河南', 0, 1),
(1533, '郑州市', 1532, 1),
(1534, '中原区', 1533, 1),
(1535, '二七区', 1533, 1),
(1536, '管城回族区', 1533, 1),
(1537, '金水区', 1533, 1),
(1538, '上街区', 1533, 1),
(1539, '惠济区', 1533, 1),
(1540, '中牟县', 1533, 1),
(1541, '巩义市', 1533, 1),
(1542, '荥阳市', 1533, 1),
(1543, '新密市', 1533, 1),
(1544, '新郑市', 1533, 1),
(1545, '登封市', 1533, 1),
(1546, '开封市', 1532, 1),
(1547, '龙亭区', 1546, 1),
(1548, '顺河回族区', 1546, 1),
(1549, '鼓楼区', 1546, 1),
(1550, '禹王台区', 1546, 1),
(1551, '金明区', 1546, 1),
(1552, '杞县', 1546, 1),
(1553, '通许县', 1546, 1),
(1554, '尉氏县', 1546, 1),
(1555, '开封县', 1546, 1),
(1556, '兰考县', 1546, 1),
(1557, '洛阳市', 1532, 1),
(1558, '老城区', 1557, 1),
(1559, '西工区', 1557, 1),
(1560, '瀍河回族区', 1557, 1),
(1561, '涧西区', 1557, 1),
(1562, '吉利区', 1557, 1),
(1563, '洛龙区', 1557, 1),
(1564, '孟津县', 1557, 1),
(1565, '新安县', 1557, 1),
(1566, '栾川县', 1557, 1),
(1567, '嵩县', 1557, 1),
(1568, '汝阳县', 1557, 1),
(1569, '宜阳县', 1557, 1),
(1570, '洛宁县', 1557, 1),
(1571, '伊川县', 1557, 1),
(1572, '偃师市', 1557, 1),
(1573, '平顶山市', 1532, 1),
(1574, '新华区', 1573, 1),
(1575, '卫东区', 1573, 1),
(1576, '石龙区', 1573, 1),
(1577, '湛河区', 1573, 1),
(1578, '宝丰县', 1573, 1),
(1579, '叶县', 1573, 1),
(1580, '鲁山县', 1573, 1),
(1581, '郏县', 1573, 1),
(1582, '舞钢市', 1573, 1),
(1583, '汝州市', 1573, 1),
(1584, '安阳市', 1532, 1),
(1585, '文峰区', 1584, 1),
(1586, '北关区', 1584, 1),
(1587, '殷都区', 1584, 1),
(1588, '龙安区', 1584, 1),
(1589, '安阳县', 1584, 1),
(1590, '汤阴县', 1584, 1),
(1591, '滑县', 1584, 1),
(1592, '内黄县', 1584, 1),
(1593, '林州市', 1584, 1),
(1594, '鹤壁市', 1532, 1),
(1595, '鹤山区', 1594, 1),
(1596, '山城区', 1594, 1),
(1597, '淇滨区', 1594, 1),
(1598, '浚县', 1594, 1),
(1599, '淇县', 1594, 1),
(1600, '新乡市', 1532, 1),
(1601, '红旗区', 1600, 1),
(1602, '卫滨区', 1600, 1),
(1603, '凤泉区', 1600, 1),
(1604, '牧野区', 1600, 1),
(1605, '新乡县', 1600, 1),
(1606, '获嘉县', 1600, 1),
(1607, '原阳县', 1600, 1),
(1608, '延津县', 1600, 1),
(1609, '封丘县', 1600, 1),
(1610, '长垣县', 1600, 1),
(1611, '卫辉市', 1600, 1),
(1612, '辉县市', 1600, 1),
(1613, '焦作市', 1532, 1),
(1614, '解放区', 1613, 1),
(1615, '中站区', 1613, 1),
(1616, '马村区', 1613, 1),
(1617, '山阳区', 1613, 1),
(1618, '修武县', 1613, 1),
(1619, '博爱县', 1613, 1),
(1620, '武陟县', 1613, 1),
(1621, '温县', 1613, 1),
(1622, '济源市', 1613, 1),
(1623, '沁阳市', 1613, 1),
(1624, '孟州市', 1613, 1),
(1625, '濮阳市', 1532, 1),
(1626, '华龙区', 1625, 1),
(1627, '清丰县', 1625, 1),
(1628, '南乐县', 1625, 1),
(1629, '范县', 1625, 1),
(1630, '台前县', 1625, 1),
(1631, '濮阳县', 1625, 1),
(1632, '许昌市', 1532, 1),
(1633, '魏都区', 1632, 1),
(1634, '许昌县', 1632, 1),
(1635, '鄢陵县', 1632, 1),
(1636, '襄城县', 1632, 1),
(1637, '禹州市', 1632, 1),
(1638, '长葛市', 1632, 1),
(1639, '漯河市', 1532, 1),
(1640, '源汇区', 1639, 1),
(1641, '郾城区', 1639, 1),
(1642, '召陵区', 1639, 1),
(1643, '舞阳县', 1639, 1),
(1644, '临颍县', 1639, 1),
(1645, '三门峡市', 1532, 1),
(1646, '湖滨区', 1645, 1),
(1647, '渑池县', 1645, 1),
(1648, '陕县', 1645, 1),
(1649, '卢氏县', 1645, 1),
(1650, '义马市', 1645, 1),
(1651, '灵宝市', 1645, 1),
(1652, '南阳市', 1532, 1),
(1653, '宛城区', 1652, 1),
(1654, '卧龙区', 1652, 1),
(1655, '南召县', 1652, 1),
(1656, '方城县', 1652, 1),
(1657, '西峡县', 1652, 1),
(1658, '镇平县', 1652, 1),
(1659, '内乡县', 1652, 1),
(1660, '淅川县', 1652, 1),
(1661, '社旗县', 1652, 1),
(1662, '唐河县', 1652, 1),
(1663, '新野县', 1652, 1),
(1664, '桐柏县', 1652, 1),
(1665, '邓州市', 1652, 1),
(1666, '商丘市', 1532, 1),
(1667, '梁园区', 1666, 1),
(1668, '睢阳区', 1666, 1),
(1669, '民权县', 1666, 1),
(1670, '睢县', 1666, 1),
(1671, '宁陵县', 1666, 1),
(1672, '柘城县', 1666, 1),
(1673, '虞城县', 1666, 1),
(1674, '夏邑县', 1666, 1),
(1675, '永城市', 1666, 1),
(1676, '信阳市', 1532, 1),
(1677, '浉河区', 1676, 1),
(1678, '平桥区', 1676, 1),
(1679, '罗山县', 1676, 1),
(1680, '光山县', 1676, 1),
(1681, '新县', 1676, 1),
(1682, '商城县', 1676, 1),
(1683, '固始县', 1676, 1),
(1684, '潢川县', 1676, 1),
(1685, '淮滨县', 1676, 1),
(1686, '息县', 1676, 1),
(1687, '周口市', 1532, 1),
(1688, '川汇区', 1687, 1),
(1689, '扶沟县', 1687, 1),
(1690, '西华县', 1687, 1),
(1691, '商水县', 1687, 1),
(1692, '沈丘县', 1687, 1),
(1693, '郸城县', 1687, 1),
(1694, '淮阳县', 1687, 1),
(1695, '太康县', 1687, 1),
(1696, '鹿邑县', 1687, 1),
(1697, '项城市', 1687, 1),
(1698, '驻马店市', 1532, 1),
(1699, '驿城区', 1698, 1),
(1700, '西平县', 1698, 1),
(1701, '上蔡县', 1698, 1),
(1702, '平舆县', 1698, 1),
(1703, '正阳县', 1698, 1),
(1704, '确山县', 1698, 1),
(1705, '泌阳县', 1698, 1),
(1706, '汝南县', 1698, 1),
(1707, '遂平县', 1698, 1),
(1708, '新蔡县', 1698, 1),
(1709, '湖北', 0, 1),
(1710, '武汉市', 1709, 1),
(1711, '江岸区', 1710, 1),
(1712, '江汉区', 1710, 1),
(1713, '硚口区', 1710, 1),
(1714, '汉阳区', 1710, 1),
(1715, '武昌区', 1710, 1),
(1716, '青山区', 1710, 1),
(1717, '洪山区', 1710, 1),
(1718, '东西湖区', 1710, 1),
(1719, '汉南区', 1710, 1),
(1720, '蔡甸区', 1710, 1),
(1721, '江夏区', 1710, 1),
(1722, '黄陂区', 1710, 1),
(1723, '新洲区', 1710, 1),
(1724, '黄石市', 1709, 1),
(1725, '黄石港区', 1724, 1),
(1726, '西塞山区', 1724, 1),
(1727, '下陆区', 1724, 1),
(1728, '铁山区', 1724, 1),
(1729, '阳新县', 1724, 1),
(1730, '大冶市', 1724, 1),
(1731, '十堰市', 1709, 1),
(1732, '茅箭区', 1731, 1),
(1733, '张湾区', 1731, 1),
(1734, '郧县', 1731, 1),
(1735, '郧西县', 1731, 1),
(1736, '竹山县', 1731, 1),
(1737, '竹溪县', 1731, 1),
(1738, '房县', 1731, 1),
(1739, '丹江口市', 1731, 1),
(1740, '宜昌市', 1709, 1),
(1741, '西陵区', 1740, 1),
(1742, '伍家岗区', 1740, 1),
(1743, '点军区', 1740, 1),
(1744, '猇亭区', 1740, 1),
(1745, '夷陵区', 1740, 1),
(1746, '远安县', 1740, 1),
(1747, '兴山县', 1740, 1),
(1748, '秭归县', 1740, 1),
(1749, '长阳土家族自治县', 1740, 1),
(1750, '五峰土家族自治县', 1740, 1),
(1751, '宜都市', 1740, 1),
(1752, '当阳市', 1740, 1),
(1753, '枝江市', 1740, 1),
(1754, '襄樊市', 1709, 1),
(1755, '襄城区', 1754, 1),
(1756, '樊城区', 1754, 1),
(1757, '襄阳区', 1754, 1),
(1758, '南漳县', 1754, 1),
(1759, '谷城县', 1754, 1),
(1760, '保康县', 1754, 1),
(1761, '老河口市', 1754, 1),
(1762, '枣阳市', 1754, 1),
(1763, '宜城市', 1754, 1),
(1764, '鄂州市', 1709, 1),
(1765, '梁子湖区', 1764, 1),
(1766, '华容区', 1764, 1),
(1767, '鄂城区', 1764, 1),
(1768, '荆门市', 1709, 1),
(1769, '东宝区', 1768, 1),
(1770, '掇刀区', 1768, 1),
(1771, '京山县', 1768, 1),
(1772, '沙洋县', 1768, 1),
(1773, '钟祥市', 1768, 1),
(1774, '孝感市', 1709, 1),
(1775, '孝南区', 1774, 1),
(1776, '孝昌县', 1774, 1),
(1777, '大悟县', 1774, 1),
(1778, '云梦县', 1774, 1),
(1779, '应城市', 1774, 1),
(1780, '安陆市', 1774, 1),
(1781, '汉川市', 1774, 1),
(1782, '荆州市', 1709, 1),
(1783, '沙市区', 1782, 1),
(1784, '荆州区', 1782, 1),
(1785, '公安县', 1782, 1),
(1786, '监利县', 1782, 1),
(1787, '江陵县', 1782, 1),
(1788, '石首市', 1782, 1),
(1789, '洪湖市', 1782, 1),
(1790, '松滋市', 1782, 1),
(1791, '黄冈市', 1709, 1),
(1792, '黄州区', 1791, 1),
(1793, '团风县', 1791, 1),
(1794, '红安县', 1791, 1),
(1795, '罗田县', 1791, 1),
(1796, '英山县', 1791, 1),
(1797, '浠水县', 1791, 1),
(1798, '蕲春县', 1791, 1),
(1799, '黄梅县', 1791, 1),
(1800, '麻城市', 1791, 1),
(1801, '武穴市', 1791, 1),
(1802, '咸宁市', 1709, 1),
(1803, '咸安区', 1802, 1),
(1804, '嘉鱼县', 1802, 1),
(1805, '通城县', 1802, 1),
(1806, '崇阳县', 1802, 1),
(1807, '通山县', 1802, 1),
(1808, '赤壁市', 1802, 1),
(1809, '随州市', 1709, 1),
(1810, '曾都区', 1809, 1),
(1811, '广水市', 1809, 1),
(1812, '恩施土家族苗族自治州', 1709, 1),
(1813, '恩施市', 1812, 1),
(1814, '利川市', 1812, 1),
(1815, '建始县', 1812, 1),
(1816, '巴东县', 1812, 1),
(1817, '宣恩县', 1812, 1),
(1818, '咸丰县', 1812, 1),
(1819, '来凤县', 1812, 1),
(1820, '鹤峰县', 1812, 1),
(1821, '省直辖县级行政单位', 1709, 1),
(1822, '仙桃市', 1821, 1),
(1823, '潜江市', 1821, 1),
(1824, '天门市', 1821, 1),
(1825, '神农架林区', 1821, 1),
(1826, '湖南', 0, 1),
(1827, '长沙市', 1826, 1),
(1828, '芙蓉区', 1827, 1),
(1829, '天心区', 1827, 1),
(1830, '岳麓区', 1827, 1),
(1831, '开福区', 1827, 1),
(1832, '雨花区', 1827, 1),
(1833, '长沙县', 1827, 1),
(1834, '望城县', 1827, 1);
INSERT INTO `area` (`id`, `title`, `pid`, `status`) VALUES
(1835, '宁乡县', 1827, 1),
(1836, '浏阳市', 1827, 1),
(1837, '株洲市', 1826, 1),
(1838, '荷塘区', 1837, 1),
(1839, '芦淞区', 1837, 1),
(1840, '石峰区', 1837, 1),
(1841, '天元区', 1837, 1),
(1842, '株洲县', 1837, 1),
(1843, '攸县', 1837, 1),
(1844, '茶陵县', 1837, 1),
(1845, '炎陵县', 1837, 1),
(1846, '醴陵市', 1837, 1),
(1847, '湘潭市', 1826, 1),
(1848, '雨湖区', 1847, 1),
(1849, '岳塘区', 1847, 1),
(1850, '湘潭县', 1847, 1),
(1851, '湘乡市', 1847, 1),
(1852, '韶山市', 1847, 1),
(1853, '衡阳市', 1826, 1),
(1854, '珠晖区', 1853, 1),
(1855, '雁峰区', 1853, 1),
(1856, '石鼓区', 1853, 1),
(1857, '蒸湘区', 1853, 1),
(1858, '南岳区', 1853, 1),
(1859, '衡阳县', 1853, 1),
(1860, '衡南县', 1853, 1),
(1861, '衡山县', 1853, 1),
(1862, '衡东县', 1853, 1),
(1863, '祁东县', 1853, 1),
(1864, '耒阳市', 1853, 1),
(1865, '常宁市', 1853, 1),
(1866, '邵阳市', 1826, 1),
(1867, '双清区', 1866, 1),
(1868, '大祥区', 1866, 1),
(1869, '北塔区', 1866, 1),
(1870, '邵东县', 1866, 1),
(1871, '新邵县', 1866, 1),
(1872, '邵阳县', 1866, 1),
(1873, '隆回县', 1866, 1),
(1874, '洞口县', 1866, 1),
(1875, '绥宁县', 1866, 1),
(1876, '新宁县', 1866, 1),
(1877, '城步苗族自治县', 1866, 1),
(1878, '武冈市', 1866, 1),
(1879, '岳阳市', 1826, 1),
(1880, '岳阳楼区', 1879, 1),
(1881, '云溪区', 1879, 1),
(1882, '君山区', 1879, 1),
(1883, '岳阳县', 1879, 1),
(1884, '华容县', 1879, 1),
(1885, '湘阴县', 1879, 1),
(1886, '平江县', 1879, 1),
(1887, '汨罗市', 1879, 1),
(1888, '临湘市', 1879, 1),
(1889, '常德市', 1826, 1),
(1890, '武陵区', 1889, 1),
(1891, '鼎城区', 1889, 1),
(1892, '安乡县', 1889, 1),
(1893, '汉寿县', 1889, 1),
(1894, '澧县', 1889, 1),
(1895, '临澧县', 1889, 1),
(1896, '桃源县', 1889, 1),
(1897, '石门县', 1889, 1),
(1898, '津市市', 1889, 1),
(1899, '张家界市', 1826, 1),
(1900, '永定区', 1899, 1),
(1901, '武陵源区', 1899, 1),
(1902, '慈利县', 1899, 1),
(1903, '桑植县', 1899, 1),
(1904, '益阳市', 1826, 1),
(1905, '资阳区', 1904, 1),
(1906, '赫山区', 1904, 1),
(1907, '南县', 1904, 1),
(1908, '桃江县', 1904, 1),
(1909, '安化县', 1904, 1),
(1910, '沅江市', 1904, 1),
(1911, '郴州市', 1826, 1),
(1912, '北湖区', 1911, 1),
(1913, '苏仙区', 1911, 1),
(1914, '桂阳县', 1911, 1),
(1915, '宜章县', 1911, 1),
(1916, '永兴县', 1911, 1),
(1917, '嘉禾县', 1911, 1),
(1918, '临武县', 1911, 1),
(1919, '汝城县', 1911, 1),
(1920, '桂东县', 1911, 1),
(1921, '安仁县', 1911, 1),
(1922, '资兴市', 1911, 1),
(1923, '永州市', 1826, 1),
(1924, '零陵区', 1923, 1),
(1925, '冷水滩区', 1923, 1),
(1926, '祁阳县', 1923, 1),
(1927, '东安县', 1923, 1),
(1928, '双牌县', 1923, 1),
(1929, '道县', 1923, 1),
(1930, '江永县', 1923, 1),
(1931, '宁远县', 1923, 1),
(1932, '蓝山县', 1923, 1),
(1933, '新田县', 1923, 1),
(1934, '江华瑶族自治县', 1923, 1),
(1935, '怀化市', 1826, 1),
(1936, '鹤城区', 1935, 1),
(1937, '中方县', 1935, 1),
(1938, '沅陵县', 1935, 1),
(1939, '辰溪县', 1935, 1),
(1940, '溆浦县', 1935, 1),
(1941, '会同县', 1935, 1),
(1942, '麻阳苗族自治县', 1935, 1),
(1943, '新晃侗族自治县', 1935, 1),
(1944, '芷江侗族自治县', 1935, 1),
(1945, '靖州苗族侗族自治县', 1935, 1),
(1946, '通道侗族自治县', 1935, 1),
(1947, '洪江市', 1935, 1),
(1948, '娄底市', 1826, 1),
(1949, '娄星区', 1948, 1),
(1950, '双峰县', 1948, 1),
(1951, '新化县', 1948, 1),
(1952, '冷水江市', 1948, 1),
(1953, '涟源市', 1948, 1),
(1954, '湘西土家族苗族自治州', 1826, 1),
(1955, '吉首市', 1954, 1),
(1956, '泸溪县', 1954, 1),
(1957, '凤凰县', 1954, 1),
(1958, '花垣县', 1954, 1),
(1959, '保靖县', 1954, 1),
(1960, '古丈县', 1954, 1),
(1961, '永顺县', 1954, 1),
(1962, '龙山县', 1954, 1),
(1963, '广东', 0, 1),
(1964, '广州市', 1963, 1),
(1965, '荔湾区', 1964, 1),
(1966, '越秀区', 1964, 1),
(1967, '海珠区', 1964, 1),
(1968, '天河区', 1964, 1),
(1969, '白云区', 1964, 1),
(1970, '黄埔区', 1964, 1),
(1971, '番禺区', 1964, 1),
(1972, '花都区', 1964, 1),
(1973, '南沙区', 1964, 1),
(1974, '萝岗区', 1964, 1),
(1975, '增城市', 1964, 1),
(1976, '从化市', 1964, 1),
(1977, '韶关市', 1963, 1),
(1978, '武江区', 1977, 1),
(1979, '浈江区', 1977, 1),
(1980, '曲江区', 1977, 1),
(1981, '始兴县', 1977, 1),
(1982, '仁化县', 1977, 1),
(1983, '翁源县', 1977, 1),
(1984, '乳源瑶族自治县', 1977, 1),
(1985, '新丰县', 1977, 1),
(1986, '乐昌市', 1977, 1),
(1987, '南雄市', 1977, 1),
(1988, '深圳市', 1963, 1),
(1989, '罗湖区', 1988, 1),
(1990, '福田区', 1988, 1),
(1991, '南山区', 1988, 1),
(1992, '宝安区', 1988, 1),
(1993, '龙岗区', 1988, 1),
(1994, '盐田区', 1988, 1),
(1995, '珠海市', 1963, 1),
(1996, '香洲区', 1995, 1),
(1997, '斗门区', 1995, 1),
(1998, '金湾区', 1995, 1),
(1999, '汕头市', 1963, 1),
(2000, '龙湖区', 1999, 1),
(2001, '金平区', 1999, 1),
(2002, '濠江区', 1999, 1),
(2003, '潮阳区', 1999, 1),
(2004, '潮南区', 1999, 1),
(2005, '澄海区', 1999, 1),
(2006, '南澳县', 1999, 1),
(2007, '佛山市', 1963, 1),
(2008, '禅城区', 2007, 1),
(2009, '南海区', 2007, 1),
(2010, '顺德区', 2007, 1),
(2011, '三水区', 2007, 1),
(2012, '高明区', 2007, 1),
(2013, '江门市', 1963, 1),
(2014, '蓬江区', 2013, 1),
(2015, '江海区', 2013, 1),
(2016, '新会区', 2013, 1),
(2017, '台山市', 2013, 1),
(2018, '开平市', 2013, 1),
(2019, '鹤山市', 2013, 1),
(2020, '恩平市', 2013, 1),
(2021, '湛江市', 1963, 1),
(2022, '赤坎区', 2021, 1),
(2023, '霞山区', 2021, 1),
(2024, '坡头区', 2021, 1),
(2025, '麻章区', 2021, 1),
(2026, '遂溪县', 2021, 1),
(2027, '徐闻县', 2021, 1),
(2028, '廉江市', 2021, 1),
(2029, '雷州市', 2021, 1),
(2030, '吴川市', 2021, 1),
(2031, '茂名市', 1963, 1),
(2032, '茂南区', 2031, 1),
(2033, '茂港区', 2031, 1),
(2034, '电白县', 2031, 1),
(2035, '高州市', 2031, 1),
(2036, '化州市', 2031, 1),
(2037, '信宜市', 2031, 1),
(2038, '肇庆市', 1963, 1),
(2039, '端州区', 2038, 1),
(2040, '鼎湖区', 2038, 1),
(2041, '广宁县', 2038, 1),
(2042, '怀集县', 2038, 1),
(2043, '封开县', 2038, 1),
(2044, '德庆县', 2038, 1),
(2045, '高要市', 2038, 1),
(2046, '四会市', 2038, 1),
(2047, '惠州市', 1963, 1),
(2048, '惠城区', 2047, 1),
(2049, '惠阳区', 2047, 1),
(2050, '博罗县', 2047, 1),
(2051, '惠东县', 2047, 1),
(2052, '龙门县', 2047, 1),
(2053, '梅州市', 1963, 1),
(2054, '梅江区', 2053, 1),
(2055, '梅县', 2053, 1),
(2056, '大埔县', 2053, 1),
(2057, '丰顺县', 2053, 1),
(2058, '五华县', 2053, 1),
(2059, '平远县', 2053, 1),
(2060, '蕉岭县', 2053, 1),
(2061, '兴宁市', 2053, 1),
(2062, '汕尾市', 1963, 1),
(2063, '城区', 2062, 1),
(2064, '海丰县', 2062, 1),
(2065, '陆河县', 2062, 1),
(2066, '陆丰市', 2062, 1),
(2067, '河源市', 1963, 1),
(2068, '源城区', 2067, 1),
(2069, '紫金县', 2067, 1),
(2070, '龙川县', 2067, 1),
(2071, '连平县', 2067, 1),
(2072, '和平县', 2067, 1),
(2073, '东源县', 2067, 1),
(2074, '阳江市', 1963, 1),
(2075, '江城区', 2074, 1),
(2076, '阳西县', 2074, 1),
(2077, '阳东县', 2074, 1),
(2078, '阳春市', 2074, 1),
(2079, '清远市', 1963, 1),
(2080, '清城区', 2079, 1),
(2081, '佛冈县', 2079, 1),
(2082, '阳山县', 2079, 1),
(2083, '连山壮族瑶族自治县', 2079, 1),
(2084, '连南瑶族自治县', 2079, 1),
(2085, '清新县', 2079, 1),
(2086, '英德市', 2079, 1),
(2087, '连州市', 2079, 1),
(2088, '东莞市', 1963, 1),
(2089, '中山市', 1963, 1),
(2090, '潮州市', 1963, 1),
(2091, '湘桥区', 2090, 1),
(2092, '潮安县', 2090, 1),
(2093, '饶平县', 2090, 1),
(2094, '揭阳市', 1963, 1),
(2095, '榕城区', 2094, 1),
(2096, '揭东县', 2094, 1),
(2097, '揭西县', 2094, 1),
(2098, '惠来县', 2094, 1),
(2099, '普宁市', 2094, 1),
(2100, '云浮市', 1963, 1),
(2101, '云城区', 2100, 1),
(2102, '新兴县', 2100, 1),
(2103, '郁南县', 2100, 1),
(2104, '云安县', 2100, 1),
(2105, '罗定市', 2100, 1),
(2106, '广西', 0, 1),
(2107, '南宁市', 2106, 1),
(2108, '兴宁区', 2107, 1),
(2109, '青秀区', 2107, 1),
(2110, '江南区', 2107, 1),
(2111, '西乡塘区', 2107, 1),
(2112, '良庆区', 2107, 1),
(2113, '邕宁区', 2107, 1),
(2114, '武鸣县', 2107, 1),
(2115, '隆安县', 2107, 1),
(2116, '马山县', 2107, 1),
(2117, '上林县', 2107, 1),
(2118, '宾阳县', 2107, 1),
(2119, '横县', 2107, 1),
(2120, '柳州市', 2106, 1),
(2121, '城中区', 2120, 1),
(2122, '鱼峰区', 2120, 1),
(2123, '柳南区', 2120, 1),
(2124, '柳北区', 2120, 1),
(2125, '柳江县', 2120, 1),
(2126, '柳城县', 2120, 1),
(2127, '鹿寨县', 2120, 1),
(2128, '融安县', 2120, 1),
(2129, '融水苗族自治县', 2120, 1),
(2130, '三江侗族自治县', 2120, 1),
(2131, '桂林市', 2106, 1),
(2132, '秀峰区', 2131, 1),
(2133, '叠彩区', 2131, 1),
(2134, '象山区', 2131, 1),
(2135, '七星区', 2131, 1),
(2136, '雁山区', 2131, 1),
(2137, '阳朔县', 2131, 1),
(2138, '临桂县', 2131, 1),
(2139, '灵川县', 2131, 1),
(2140, '全州县', 2131, 1),
(2141, '兴安县', 2131, 1),
(2142, '永福县', 2131, 1),
(2143, '灌阳县', 2131, 1),
(2144, '龙胜各族自治县', 2131, 1),
(2145, '资源县', 2131, 1),
(2146, '平乐县', 2131, 1),
(2147, '荔蒲县', 2131, 1),
(2148, '恭城瑶族自治县', 2131, 1),
(2149, '梧州市', 2106, 1),
(2150, '万秀区', 2149, 1),
(2151, '蝶山区', 2149, 1),
(2152, '长洲区', 2149, 1),
(2153, '苍梧县', 2149, 1),
(2154, '藤县', 2149, 1),
(2155, '蒙山县', 2149, 1),
(2156, '岑溪市', 2149, 1),
(2157, '北海市', 2106, 1),
(2158, '海城区', 2157, 1),
(2159, '银海区', 2157, 1),
(2160, '铁山港区', 2157, 1),
(2161, '合浦县', 2157, 1),
(2162, '防城港市', 2106, 1),
(2163, '港口区', 2162, 1),
(2164, '防城区', 2162, 1),
(2165, '上思县', 2162, 1),
(2166, '东兴市', 2162, 1),
(2167, '钦州市', 2106, 1),
(2168, '钦南区', 2167, 1),
(2169, '钦北区', 2167, 1),
(2170, '灵山县', 2167, 1),
(2171, '浦北县', 2167, 1),
(2172, '贵港市', 2106, 1),
(2173, '港北区', 2172, 1),
(2174, '港南区', 2172, 1),
(2175, '覃塘区', 2172, 1),
(2176, '平南县', 2172, 1),
(2177, '桂平市', 2172, 1),
(2178, '玉林市', 2106, 1),
(2179, '玉州区', 2178, 1),
(2180, '容县', 2178, 1),
(2181, '陆川县', 2178, 1),
(2182, '博白县', 2178, 1),
(2183, '兴业县', 2178, 1),
(2184, '北流市', 2178, 1),
(2185, '百色市', 2106, 1),
(2186, '右江区', 2185, 1),
(2187, '田阳县', 2185, 1),
(2188, '田东县', 2185, 1),
(2189, '平果县', 2185, 1),
(2190, '德保县', 2185, 1),
(2191, '靖西县', 2185, 1),
(2192, '那坡县', 2185, 1),
(2193, '凌云县', 2185, 1),
(2194, '乐业县', 2185, 1),
(2195, '田林县', 2185, 1),
(2196, '西林县', 2185, 1),
(2197, '隆林各族自治县', 2185, 1),
(2198, '贺州市', 2106, 1),
(2199, '八步区', 2198, 1),
(2200, '昭平县', 2198, 1),
(2201, '钟山县', 2198, 1),
(2202, '富川瑶族自治县', 2198, 1),
(2203, '河池市', 2106, 1),
(2204, '金城江区', 2203, 1),
(2205, '南丹县', 2203, 1),
(2206, '天峨县', 2203, 1),
(2207, '凤山县', 2203, 1),
(2208, '东兰县', 2203, 1),
(2209, '罗城仫佬族自治县', 2203, 1),
(2210, '环江毛南族自治县', 2203, 1),
(2211, '巴马瑶族自治县', 2203, 1),
(2212, '都安瑶族自治县', 2203, 1),
(2213, '大化瑶族自治县', 2203, 1),
(2214, '宜州市', 2203, 1),
(2215, '来宾市', 2106, 1),
(2216, '兴宾区', 2215, 1),
(2217, '忻城县', 2215, 1),
(2218, '象州县', 2215, 1),
(2219, '武宣县', 2215, 1),
(2220, '金秀瑶族自治县', 2215, 1),
(2221, '合山市', 2215, 1),
(2222, '崇左市', 2106, 1),
(2223, '江洲区', 2222, 1),
(2224, '扶绥县', 2222, 1),
(2225, '宁明县', 2222, 1),
(2226, '龙州县', 2222, 1),
(2227, '大新县', 2222, 1),
(2228, '天等县', 2222, 1),
(2229, '凭祥市', 2222, 1),
(2230, '海南', 0, 1),
(2231, '海口市', 2230, 1),
(2232, '秀英区', 2231, 1),
(2233, '龙华区', 2231, 1),
(2234, '琼山区', 2231, 1),
(2235, '美兰区', 2231, 1),
(2236, '三亚市', 2230, 1),
(2237, '省直辖县级行政单位', 2230, 1),
(2238, '五指山市', 2237, 1),
(2239, '琼海市', 2237, 1),
(2240, '儋州市', 2237, 1),
(2241, '文昌市', 2237, 1),
(2242, '万宁市', 2237, 1),
(2243, '东方市', 2237, 1),
(2244, '定安县', 2237, 1),
(2245, '屯昌县', 2237, 1),
(2246, '澄迈县', 2237, 1),
(2247, '临高县', 2237, 1),
(2248, '白沙黎族自治县', 2237, 1),
(2249, '昌江黎族自治县', 2237, 1),
(2250, '乐东黎族自治县', 2237, 1),
(2251, '陵水黎族自治县', 2237, 1),
(2252, '保亭黎族苗族自治县', 2237, 1),
(2253, '琼中黎族苗族自治县', 2237, 1),
(2254, '西沙群岛', 2237, 1),
(2255, '南沙群岛', 2237, 1),
(2256, '中沙群岛的岛礁及其海域', 2237, 1),
(2257, '重庆市', 0, 1),
(2258, '重庆市', 2257, 1),
(2259, '万州区', 2258, 1),
(2260, '涪陵区', 2258, 1),
(2261, '渝中区', 2258, 1),
(2262, '大渡口区', 2258, 1),
(2263, '江北区', 2258, 1),
(2264, '沙坪坝区', 2258, 1),
(2265, '九龙坡区', 2258, 1),
(2266, '南岸区', 2258, 1),
(2267, '北碚区', 2258, 1),
(2268, '万盛区', 2258, 1),
(2269, '双桥区', 2258, 1),
(2270, '渝北区', 2258, 1),
(2271, '巴南区', 2258, 1),
(2272, '黔江区', 2258, 1),
(2273, '长寿区', 2258, 1),
(2274, '江津区', 2258, 1),
(2275, '合川区', 2258, 1),
(2276, '永川区', 2258, 1),
(2277, '南川区', 2258, 1),
(2278, '綦江县', 2258, 1),
(2279, '潼南县', 2258, 1),
(2280, '铜梁县', 2258, 1),
(2281, '大足县', 2258, 1),
(2282, '荣昌县', 2258, 1),
(2283, '璧山县', 2258, 1),
(2284, '梁平县', 2258, 1),
(2285, '城口县', 2258, 1),
(2286, '丰都县', 2258, 1),
(2287, '垫江县', 2258, 1),
(2288, '武隆县', 2258, 1),
(2289, '忠县', 2258, 1),
(2290, '开县', 2258, 1),
(2291, '云阳县', 2258, 1),
(2292, '奉节县', 2258, 1),
(2293, '巫山县', 2258, 1),
(2294, '巫溪县', 2258, 1),
(2295, '石柱土家族自治县', 2258, 1),
(2296, '秀山土家族苗族自治县', 2258, 1),
(2297, '酉阳土家族苗族自治县', 2258, 1),
(2298, '彭水苗族土家族自治县', 2258, 1),
(2299, '四川', 0, 1),
(2300, '成都市', 2299, 1),
(2301, '锦江区', 2300, 1),
(2302, '青羊区', 2300, 1),
(2303, '金牛区', 2300, 1),
(2304, '武侯区', 2300, 1),
(2305, '成华区', 2300, 1),
(2306, '龙泉驿区', 2300, 1),
(2307, '青白江区', 2300, 1),
(2308, '新都区', 2300, 1),
(2309, '温江区', 2300, 1),
(2310, '金堂县', 2300, 1),
(2311, '双流县', 2300, 1),
(2312, '郫县', 2300, 1),
(2313, '大邑县', 2300, 1),
(2314, '蒲江县', 2300, 1),
(2315, '新津县', 2300, 1),
(2316, '都江堰市', 2300, 1),
(2317, '彭州市', 2300, 1),
(2318, '邛崃市', 2300, 1),
(2319, '崇州市', 2300, 1),
(2320, '自贡市', 2299, 1),
(2321, '自流井区', 2320, 1),
(2322, '贡井区', 2320, 1),
(2323, '大安区', 2320, 1),
(2324, '沿滩区', 2320, 1),
(2325, '荣县', 2320, 1),
(2326, '富顺县', 2320, 1),
(2327, '攀枝花市', 2299, 1),
(2328, '东区', 2327, 1),
(2329, '西区', 2327, 1),
(2330, '仁和区', 2327, 1),
(2331, '米易县', 2327, 1),
(2332, '盐边县', 2327, 1),
(2333, '泸州市', 2299, 1),
(2334, '江阳区', 2333, 1),
(2335, '纳溪区', 2333, 1),
(2336, '龙马潭区', 2333, 1),
(2337, '泸县', 2333, 1),
(2338, '合江县', 2333, 1),
(2339, '叙永县', 2333, 1),
(2340, '古蔺县', 2333, 1),
(2341, '德阳市', 2299, 1),
(2342, '旌阳区', 2341, 1),
(2343, '中江县', 2341, 1),
(2344, '罗江县', 2341, 1),
(2345, '广汉市', 2341, 1),
(2346, '什邡市', 2341, 1),
(2347, '绵竹市', 2341, 1),
(2348, '绵阳市', 2299, 1),
(2349, '涪城区', 2348, 1),
(2350, '游仙区', 2348, 1),
(2351, '三台县', 2348, 1),
(2352, '盐亭县', 2348, 1),
(2353, '安县', 2348, 1),
(2354, '梓潼县', 2348, 1),
(2355, '北川羌族自治县', 2348, 1),
(2356, '平武县', 2348, 1),
(2357, '江油市', 2348, 1),
(2358, '广元市', 2299, 1),
(2359, '市中区', 2358, 1),
(2360, '元坝区', 2358, 1),
(2361, '朝天区', 2358, 1),
(2362, '旺苍县', 2358, 1),
(2363, '青川县', 2358, 1),
(2364, '剑阁县', 2358, 1),
(2365, '苍溪县', 2358, 1),
(2366, '遂宁市', 2299, 1),
(2367, '船山区', 2366, 1),
(2368, '安居区', 2366, 1),
(2369, '蓬溪县', 2366, 1),
(2370, '射洪县', 2366, 1),
(2371, '大英县', 2366, 1),
(2372, '内江市', 2299, 1),
(2373, '市中区', 2372, 1),
(2374, '东兴区', 2372, 1),
(2375, '威远县', 2372, 1),
(2376, '资中县', 2372, 1),
(2377, '隆昌县', 2372, 1),
(2378, '乐山市', 2299, 1),
(2379, '市中区', 2378, 1),
(2380, '沙湾区', 2378, 1),
(2381, '五通桥区', 2378, 1),
(2382, '金口河区', 2378, 1),
(2383, '犍为县', 2378, 1),
(2384, '井研县', 2378, 1),
(2385, '夹江县', 2378, 1),
(2386, '沐川县', 2378, 1),
(2387, '峨边彝族自治县', 2378, 1),
(2388, '马边彝族自治县', 2378, 1),
(2389, '峨眉山市', 2378, 1),
(2390, '南充市', 2299, 1),
(2391, '顺庆区', 2390, 1),
(2392, '高坪区', 2390, 1),
(2393, '嘉陵区', 2390, 1),
(2394, '南部县', 2390, 1),
(2395, '营山县', 2390, 1),
(2396, '蓬安县', 2390, 1),
(2397, '仪陇县', 2390, 1),
(2398, '西充县', 2390, 1),
(2399, '阆中市', 2390, 1),
(2400, '眉山市', 2299, 1),
(2401, '东坡区', 2400, 1),
(2402, '仁寿县', 2400, 1),
(2403, '彭山县', 2400, 1),
(2404, '洪雅县', 2400, 1),
(2405, '丹棱县', 2400, 1),
(2406, '青神县', 2400, 1),
(2407, '宜宾市', 2299, 1),
(2408, '翠屏区', 2407, 1),
(2409, '宜宾县', 2407, 1),
(2410, '南溪县', 2407, 1),
(2411, '江安县', 2407, 1),
(2412, '长宁县', 2407, 1),
(2413, '高县', 2407, 1),
(2414, '珙县', 2407, 1),
(2415, '筠连县', 2407, 1),
(2416, '兴文县', 2407, 1),
(2417, '屏山县', 2407, 1),
(2418, '广安市', 2299, 1),
(2419, '广安区', 2418, 1),
(2420, '岳池县', 2418, 1),
(2421, '武胜县', 2418, 1),
(2422, '邻水县', 2418, 1),
(2423, '华蓥市', 2418, 1),
(2424, '达州市', 2299, 1),
(2425, '通川区', 2424, 1),
(2426, '达县', 2424, 1),
(2427, '宣汉县', 2424, 1),
(2428, '开江县', 2424, 1),
(2429, '大竹县', 2424, 1),
(2430, '渠县', 2424, 1),
(2431, '万源市', 2424, 1),
(2432, '雅安市', 2299, 1),
(2433, '雨城区', 2432, 1),
(2434, '名山县', 2432, 1),
(2435, '荥经县', 2432, 1),
(2436, '汉源县', 2432, 1),
(2437, '石棉县', 2432, 1),
(2438, '天全县', 2432, 1),
(2439, '芦山县', 2432, 1),
(2440, '宝兴县', 2432, 1),
(2441, '巴中市', 2299, 1),
(2442, '巴州区', 2441, 1),
(2443, '通江县', 2441, 1),
(2444, '南江县', 2441, 1),
(2445, '平昌县', 2441, 1),
(2446, '资阳市', 2299, 1),
(2447, '雁江区', 2446, 1),
(2448, '安岳县', 2446, 1),
(2449, '乐至县', 2446, 1),
(2450, '简阳市', 2446, 1),
(2451, '阿坝藏族羌族自治州', 2299, 1),
(2452, '汶川县', 2451, 1),
(2453, '理县', 2451, 1),
(2454, '茂县', 2451, 1),
(2455, '松潘县', 2451, 1),
(2456, '九寨沟县', 2451, 1),
(2457, '金川县', 2451, 1),
(2458, '小金县', 2451, 1),
(2459, '黑水县', 2451, 1),
(2460, '马尔康县', 2451, 1),
(2461, '壤塘县', 2451, 1),
(2462, '阿坝县', 2451, 1),
(2463, '若尔盖县', 2451, 1),
(2464, '红原县', 2451, 1),
(2465, '甘孜藏族自治州', 2299, 1),
(2466, '康定县', 2465, 1),
(2467, '泸定县', 2465, 1),
(2468, '丹巴县', 2465, 1),
(2469, '九龙县', 2465, 1),
(2470, '雅江县', 2465, 1),
(2471, '道孚县', 2465, 1),
(2472, '炉霍县', 2465, 1),
(2473, '甘孜县', 2465, 1),
(2474, '新龙县', 2465, 1),
(2475, '德格县', 2465, 1),
(2476, '白玉县', 2465, 1),
(2477, '石渠县', 2465, 1),
(2478, '色达县', 2465, 1),
(2479, '理塘县', 2465, 1),
(2480, '巴塘县', 2465, 1),
(2481, '乡城县', 2465, 1),
(2482, '稻城县', 2465, 1),
(2483, '得荣县', 2465, 1),
(2484, '凉山彝族自治州', 2299, 1),
(2485, '西昌市', 2484, 1),
(2486, '木里藏族自治县', 2484, 1),
(2487, '盐源县', 2484, 1),
(2488, '德昌县', 2484, 1),
(2489, '会理县', 2484, 1),
(2490, '会东县', 2484, 1),
(2491, '宁南县', 2484, 1),
(2492, '普格县', 2484, 1),
(2493, '布拖县', 2484, 1),
(2494, '金阳县', 2484, 1),
(2495, '昭觉县', 2484, 1),
(2496, '喜德县', 2484, 1),
(2497, '冕宁县', 2484, 1),
(2498, '越西县', 2484, 1),
(2499, '甘洛县', 2484, 1),
(2500, '美姑县', 2484, 1),
(2501, '雷波县', 2484, 1),
(2502, '贵州', 0, 1),
(2503, '贵阳市', 2502, 1),
(2504, '南明区', 2503, 1),
(2505, '云岩区', 2503, 1),
(2506, '花溪区', 2503, 1),
(2507, '乌当区', 2503, 1),
(2508, '白云区', 2503, 1),
(2509, '小河区', 2503, 1),
(2510, '开阳县', 2503, 1),
(2511, '息烽县', 2503, 1),
(2512, '修文县', 2503, 1),
(2513, '清镇市', 2503, 1),
(2514, '六盘水市', 2502, 1),
(2515, '钟山区', 2514, 1),
(2516, '六枝特区', 2514, 1),
(2517, '水城县', 2514, 1),
(2518, '盘县', 2514, 1),
(2519, '遵义市', 2502, 1),
(2520, '红花岗区', 2519, 1),
(2521, '汇川区', 2519, 1),
(2522, '遵义县', 2519, 1),
(2523, '桐梓县', 2519, 1),
(2524, '绥阳县', 2519, 1),
(2525, '正安县', 2519, 1),
(2526, '道真仡佬族苗族自治县', 2519, 1),
(2527, '务川仡佬族苗族自治县', 2519, 1),
(2528, '凤冈县', 2519, 1),
(2529, '湄潭县', 2519, 1),
(2530, '余庆县', 2519, 1),
(2531, '习水县', 2519, 1),
(2532, '赤水市', 2519, 1),
(2533, '仁怀市', 2519, 1),
(2534, '安顺市', 2502, 1),
(2535, '西秀区', 2534, 1),
(2536, '平坝县', 2534, 1),
(2537, '普定县', 2534, 1),
(2538, '镇宁布依族苗族自治县', 2534, 1),
(2539, '关岭布依族苗族自治县', 2534, 1),
(2540, '紫云苗族布依族自治县', 2534, 1),
(2541, '铜仁地区', 2502, 1),
(2542, '铜仁市', 2541, 1),
(2543, '江口县', 2541, 1),
(2544, '玉屏侗族自治县', 2541, 1),
(2545, '石阡县', 2541, 1),
(2546, '思南县', 2541, 1),
(2547, '印江土家族苗族自治县', 2541, 1),
(2548, '德江县', 2541, 1),
(2549, '沿河土家族自治县', 2541, 1),
(2550, '松桃苗族自治县', 2541, 1),
(2551, '万山特区', 2541, 1),
(2552, '黔西南布依族苗族自治州', 2502, 1),
(2553, '兴义市', 2552, 1),
(2554, '兴仁县', 2552, 1),
(2555, '普安县', 2552, 1),
(2556, '晴隆县', 2552, 1),
(2557, '贞丰县', 2552, 1),
(2558, '望谟县', 2552, 1),
(2559, '册亨县', 2552, 1),
(2560, '安龙县', 2552, 1),
(2561, '毕节地区', 2502, 1),
(2562, '毕节市', 2561, 1),
(2563, '大方县', 2561, 1),
(2564, '黔西县', 2561, 1),
(2565, '金沙县', 2561, 1),
(2566, '织金县', 2561, 1),
(2567, '纳雍县', 2561, 1),
(2568, '威宁彝族回族苗族自治县', 2561, 1),
(2569, '赫章县', 2561, 1),
(2570, '黔东南苗族侗族自治州', 2502, 1),
(2571, '凯里市', 2570, 1),
(2572, '黄平县', 2570, 1),
(2573, '施秉县', 2570, 1),
(2574, '三穗县', 2570, 1),
(2575, '镇远县', 2570, 1),
(2576, '岑巩县', 2570, 1),
(2577, '天柱县', 2570, 1),
(2578, '锦屏县', 2570, 1),
(2579, '剑河县', 2570, 1),
(2580, '台江县', 2570, 1),
(2581, '黎平县', 2570, 1),
(2582, '榕江县', 2570, 1),
(2583, '从江县', 2570, 1),
(2584, '雷山县', 2570, 1),
(2585, '麻江县', 2570, 1),
(2586, '丹寨县', 2570, 1),
(2587, '黔南布依族苗族自治州', 2502, 1),
(2588, '都匀市', 2587, 1),
(2589, '福泉市', 2587, 1),
(2590, '荔波县', 2587, 1),
(2591, '贵定县', 2587, 1),
(2592, '瓮安县', 2587, 1),
(2593, '独山县', 2587, 1),
(2594, '平塘县', 2587, 1),
(2595, '罗甸县', 2587, 1),
(2596, '长顺县', 2587, 1),
(2597, '龙里县', 2587, 1),
(2598, '惠水县', 2587, 1),
(2599, '三都水族自治县', 2587, 1),
(2600, '云南', 0, 1),
(2601, '昆明市', 2600, 1),
(2602, '五华区', 2601, 1),
(2603, '盘龙区', 2601, 1),
(2604, '官渡区', 2601, 1),
(2605, '西山区', 2601, 1),
(2606, '东川区', 2601, 1),
(2607, '呈贡县', 2601, 1),
(2608, '晋宁县', 2601, 1),
(2609, '富民县', 2601, 1),
(2610, '宜良县', 2601, 1),
(2611, '石林彝族自治县', 2601, 1),
(2612, '嵩明县', 2601, 1),
(2613, '禄劝彝族苗族自治县', 2601, 1),
(2614, '寻甸回族彝族自治县', 2601, 1),
(2615, '安宁市', 2601, 1),
(2616, '曲靖市', 2600, 1),
(2617, '麒麟区', 2616, 1),
(2618, '马龙县', 2616, 1),
(2619, '陆良县', 2616, 1),
(2620, '师宗县', 2616, 1),
(2621, '罗平县', 2616, 1),
(2622, '富源县', 2616, 1),
(2623, '会泽县', 2616, 1),
(2624, '沾益县', 2616, 1),
(2625, '宣威市', 2616, 1),
(2626, '玉溪市', 2600, 1),
(2627, '红塔区', 2626, 1),
(2628, '江川县', 2626, 1),
(2629, '澄江县', 2626, 1),
(2630, '通海县', 2626, 1),
(2631, '华宁县', 2626, 1),
(2632, '易门县', 2626, 1),
(2633, '峨山彝族自治县', 2626, 1),
(2634, '新平彝族傣族自治县', 2626, 1),
(2635, '元江哈尼族彝族傣族自治县', 2626, 1),
(2636, '保山市', 2600, 1),
(2637, '隆阳区', 2636, 1),
(2638, '施甸县', 2636, 1),
(2639, '腾冲县', 2636, 1),
(2640, '龙陵县', 2636, 1),
(2641, '昌宁县', 2636, 1),
(2642, '昭通市', 2600, 1),
(2643, '昭阳区', 2642, 1),
(2644, '鲁甸县', 2642, 1),
(2645, '巧家县', 2642, 1),
(2646, '盐津县', 2642, 1),
(2647, '大关县', 2642, 1),
(2648, '永善县', 2642, 1),
(2649, '绥江县', 2642, 1),
(2650, '镇雄县', 2642, 1),
(2651, '彝良县', 2642, 1),
(2652, '威信县', 2642, 1),
(2653, '水富县', 2642, 1),
(2654, '丽江市', 2600, 1),
(2655, '古城区', 2654, 1),
(2656, '玉龙纳西族自治县', 2654, 1),
(2657, '永胜县', 2654, 1),
(2658, '华坪县', 2654, 1),
(2659, '宁蒗彝族自治县', 2654, 1),
(2660, '普洱市', 2600, 1),
(2661, '思茅区', 2660, 1),
(2662, '宁洱哈尼族彝族自治县', 2660, 1),
(2663, '墨江哈尼族自治县', 2660, 1),
(2664, '景东彝族自治县', 2660, 1),
(2665, '景谷傣族彝族自治县', 2660, 1),
(2666, '镇沅彝族哈尼族拉祜族自治县', 2660, 1),
(2667, '江城哈尼族彝族自治县', 2660, 1),
(2668, '孟连傣族拉祜族佤族自治县', 2660, 1),
(2669, '澜沧拉祜族自治县', 2660, 1),
(2670, '西盟佤族自治县', 2660, 1),
(2671, '临沧市', 2600, 1),
(2672, '临翔区', 2671, 1),
(2673, '凤庆县', 2671, 1),
(2674, '云县', 2671, 1),
(2675, '永德县', 2671, 1),
(2676, '镇康县', 2671, 1),
(2677, '双江拉祜族佤族布朗族傣族自治县', 2671, 1),
(2678, '耿马傣族佤族自治县', 2671, 1),
(2679, '沧源佤族自治县', 2671, 1),
(2680, '楚雄彝族自治州', 2600, 1),
(2681, '楚雄市', 2680, 1),
(2682, '双柏县', 2680, 1),
(2683, '牟定县', 2680, 1),
(2684, '南华县', 2680, 1),
(2685, '姚安县', 2680, 1),
(2686, '大姚县', 2680, 1),
(2687, '永仁县', 2680, 1),
(2688, '元谋县', 2680, 1),
(2689, '武定县', 2680, 1),
(2690, '禄丰县', 2680, 1),
(2691, '红河哈尼族彝族自治州', 2600, 1),
(2692, '个旧市', 2691, 1),
(2693, '开远市', 2691, 1),
(2694, '蒙自县', 2691, 1),
(2695, '屏边苗族自治县', 2691, 1),
(2696, '建水县', 2691, 1),
(2697, '石屏县', 2691, 1),
(2698, '弥勒县', 2691, 1),
(2699, '泸西县', 2691, 1),
(2700, '元阳县', 2691, 1),
(2701, '红河县', 2691, 1),
(2702, '金平苗族瑶族傣族自治县', 2691, 1),
(2703, '绿春县', 2691, 1),
(2704, '河口瑶族自治县', 2691, 1),
(2705, '文山壮族苗族自治州', 2600, 1),
(2706, '文山县', 2705, 1),
(2707, '砚山县', 2705, 1),
(2708, '西畴县', 2705, 1),
(2709, '麻栗坡县', 2705, 1),
(2710, '马关县', 2705, 1),
(2711, '丘北县', 2705, 1),
(2712, '广南县', 2705, 1),
(2713, '富宁县', 2705, 1),
(2714, '西双版纳傣族自治州', 2600, 1),
(2715, '景洪市', 2714, 1),
(2716, '勐海县', 2714, 1),
(2717, '勐腊县', 2714, 1),
(2718, '大理白族自治州', 2600, 1),
(2719, '大理市', 2718, 1),
(2720, '漾濞彝族自治县', 2718, 1),
(2721, '祥云县', 2718, 1),
(2722, '宾川县', 2718, 1),
(2723, '弥渡县', 2718, 1),
(2724, '南涧彝族自治县', 2718, 1),
(2725, '巍山彝族回族自治县', 2718, 1),
(2726, '永平县', 2718, 1),
(2727, '云龙县', 2718, 1),
(2728, '洱源县', 2718, 1),
(2729, '剑川县', 2718, 1),
(2730, '鹤庆县', 2718, 1),
(2731, '德宏傣族景颇族自治州', 2600, 1),
(2732, '瑞丽市', 2731, 1),
(2733, '潞西市', 2731, 1),
(2734, '梁河县', 2731, 1),
(2735, '盈江县', 2731, 1),
(2736, '陇川县', 2731, 1),
(2737, '怒江傈僳族自治州', 2600, 1),
(2738, '泸水县', 2737, 1),
(2739, '福贡县', 2737, 1),
(2740, '贡山独龙族怒族自治县', 2737, 1),
(2741, '兰坪白族普米族自治县', 2737, 1),
(2742, '迪庆藏族自治州', 2600, 1),
(2743, '香格里拉县', 2742, 1),
(2744, '德钦县', 2742, 1),
(2745, '维西傈僳族自治县', 2742, 1),
(2746, '西藏', 0, 1),
(2747, '拉萨市', 2746, 1),
(2748, '城关区', 2747, 1),
(2749, '林周县', 2747, 1),
(2750, '当雄县', 2747, 1),
(2751, '尼木县', 2747, 1),
(2752, '曲水县', 2747, 1),
(2753, '堆龙德庆县', 2747, 1),
(2754, '达孜县', 2747, 1),
(2755, '墨竹工卡县', 2747, 1),
(2756, '昌都地区', 2746, 1),
(2757, '昌都县', 2756, 1),
(2758, '江达县', 2756, 1),
(2759, '贡觉县', 2756, 1),
(2760, '类乌齐县', 2756, 1),
(2761, '丁青县', 2756, 1),
(2762, '察雅县', 2756, 1),
(2763, '八宿县', 2756, 1),
(2764, '左贡县', 2756, 1),
(2765, '芒康县', 2756, 1),
(2766, '洛隆县', 2756, 1),
(2767, '边坝县', 2756, 1),
(2768, '山南地区', 2746, 1),
(2769, '乃东县', 2768, 1),
(2770, '扎囊县', 2768, 1),
(2771, '贡嘎县', 2768, 1),
(2772, '桑日县', 2768, 1),
(2773, '琼结县', 2768, 1),
(2774, '曲松县', 2768, 1),
(2775, '措美县', 2768, 1),
(2776, '洛扎县', 2768, 1),
(2777, '加查县', 2768, 1),
(2778, '隆子县', 2768, 1),
(2779, '错那县', 2768, 1),
(2780, '浪卡子县', 2768, 1),
(2781, '日喀则地区', 2746, 1),
(2782, '日喀则市', 2781, 1),
(2783, '南木林县', 2781, 1),
(2784, '江孜县', 2781, 1),
(2785, '定日县', 2781, 1),
(2786, '萨迦县', 2781, 1),
(2787, '拉孜县', 2781, 1),
(2788, '昂仁县', 2781, 1),
(2789, '谢通门县', 2781, 1),
(2790, '白朗县', 2781, 1),
(2791, '仁布县', 2781, 1),
(2792, '康马县', 2781, 1),
(2793, '定结县', 2781, 1),
(2794, '仲巴县', 2781, 1),
(2795, '亚东县', 2781, 1),
(2796, '吉隆县', 2781, 1),
(2797, '聂拉木县', 2781, 1),
(2798, '萨嘎县', 2781, 1),
(2799, '岗巴县', 2781, 1),
(2800, '那曲地区', 2746, 1),
(2801, '那曲县', 2800, 1),
(2802, '嘉黎县', 2800, 1),
(2803, '比如县', 2800, 1),
(2804, '聂荣县', 2800, 1),
(2805, '安多县', 2800, 1),
(2806, '申扎县', 2800, 1),
(2807, '索县', 2800, 1),
(2808, '班戈县', 2800, 1),
(2809, '巴青县', 2800, 1),
(2810, '尼玛县', 2800, 1),
(2811, '阿里地区', 2746, 1),
(2812, '普兰县', 2811, 1),
(2813, '札达县', 2811, 1),
(2814, '噶尔县', 2811, 1),
(2815, '日土县', 2811, 1),
(2816, '革吉县', 2811, 1),
(2817, '改则县', 2811, 1),
(2818, '措勤县', 2811, 1),
(2819, '林芝地区', 2746, 1),
(2820, '林芝县', 2819, 1),
(2821, '工布江达县', 2819, 1),
(2822, '米林县', 2819, 1),
(2823, '墨脱县', 2819, 1),
(2824, '波密县', 2819, 1),
(2825, '察隅县', 2819, 1),
(2826, '朗县', 2819, 1),
(2827, '陕西', 0, 1),
(2828, '西安市', 2827, 1),
(2829, '新城区', 2828, 1),
(2830, '碑林区', 2828, 1),
(2831, '莲湖区', 2828, 1),
(2832, '灞桥区', 2828, 1),
(2833, '未央区', 2828, 1),
(2834, '雁塔区', 2828, 1),
(2835, '阎良区', 2828, 1),
(2836, '临潼区', 2828, 1),
(2837, '长安区', 2828, 1),
(2838, '蓝田县', 2828, 1),
(2839, '周至县', 2828, 1),
(2840, '户县', 2828, 1),
(2841, '高陵县', 2828, 1),
(2842, '铜川市', 2827, 1),
(2843, '王益区', 2842, 1),
(2844, '印台区', 2842, 1),
(2845, '耀州区', 2842, 1),
(2846, '宜君县', 2842, 1),
(2847, '宝鸡市', 2827, 1),
(2848, '渭滨区', 2847, 1),
(2849, '金台区', 2847, 1),
(2850, '陈仓区', 2847, 1),
(2851, '凤翔县', 2847, 1),
(2852, '岐山县', 2847, 1),
(2853, '扶风县', 2847, 1),
(2854, '眉县', 2847, 1),
(2855, '陇县', 2847, 1),
(2856, '千阳县', 2847, 1),
(2857, '麟游县', 2847, 1),
(2858, '凤县', 2847, 1),
(2859, '太白县', 2847, 1),
(2860, '咸阳市', 2827, 1),
(2861, '秦都区', 2860, 1),
(2862, '杨凌区', 2860, 1),
(2863, '渭城区', 2860, 1),
(2864, '三原县', 2860, 1),
(2865, '泾阳县', 2860, 1),
(2866, '乾县', 2860, 1),
(2867, '礼泉县', 2860, 1),
(2868, '永寿县', 2860, 1),
(2869, '彬县', 2860, 1),
(2870, '长武县', 2860, 1),
(2871, '旬邑县', 2860, 1),
(2872, '淳化县', 2860, 1),
(2873, '武功县', 2860, 1),
(2874, '兴平市', 2860, 1),
(2875, '渭南市', 2827, 1),
(2876, '临渭区', 2875, 1),
(2877, '华县', 2875, 1),
(2878, '潼关县', 2875, 1),
(2879, '大荔县', 2875, 1),
(2880, '合阳县', 2875, 1),
(2881, '澄城县', 2875, 1),
(2882, '蒲城县', 2875, 1),
(2883, '白水县', 2875, 1),
(2884, '富平县', 2875, 1),
(2885, '韩城市', 2875, 1),
(2886, '华阴市', 2875, 1),
(2887, '延安市', 2827, 1),
(2888, '宝塔区', 2887, 1),
(2889, '延长县', 2887, 1),
(2890, '延川县', 2887, 1),
(2891, '子长县', 2887, 1),
(2892, '安塞县', 2887, 1),
(2893, '志丹县', 2887, 1),
(2894, '吴起县', 2887, 1),
(2895, '甘泉县', 2887, 1),
(2896, '富县', 2887, 1),
(2897, '洛川县', 2887, 1),
(2898, '宜川县', 2887, 1),
(2899, '黄龙县', 2887, 1),
(2900, '黄陵县', 2887, 1),
(2901, '汉中市', 2827, 1),
(2902, '汉台区', 2901, 1),
(2903, '南郑县', 2901, 1),
(2904, '城固县', 2901, 1),
(2905, '洋县', 2901, 1),
(2906, '西乡县', 2901, 1),
(2907, '勉县', 2901, 1),
(2908, '宁强县', 2901, 1),
(2909, '略阳县', 2901, 1),
(2910, '镇巴县', 2901, 1),
(2911, '留坝县', 2901, 1),
(2912, '佛坪县', 2901, 1),
(2913, '榆林市', 2827, 1),
(2914, '榆阳区', 2913, 1),
(2915, '神木县', 2913, 1),
(2916, '府谷县', 2913, 1),
(2917, '横山县', 2913, 1),
(2918, '靖边县', 2913, 1),
(2919, '定边县', 2913, 1),
(2920, '绥德县', 2913, 1),
(2921, '米脂县', 2913, 1),
(2922, '佳县', 2913, 1),
(2923, '吴堡县', 2913, 1),
(2924, '清涧县', 2913, 1),
(2925, '子洲县', 2913, 1),
(2926, '安康市', 2827, 1),
(2927, '汉滨区', 2926, 1),
(2928, '汉阴县', 2926, 1),
(2929, '石泉县', 2926, 1),
(2930, '宁陕县', 2926, 1),
(2931, '紫阳县', 2926, 1),
(2932, '岚皋县', 2926, 1),
(2933, '平利县', 2926, 1),
(2934, '镇坪县', 2926, 1),
(2935, '旬阳县', 2926, 1),
(2936, '白河县', 2926, 1),
(2937, '商洛市', 2827, 1),
(2938, '商州区', 2937, 1),
(2939, '洛南县', 2937, 1),
(2940, '丹凤县', 2937, 1),
(2941, '商南县', 2937, 1),
(2942, '山阳县', 2937, 1),
(2943, '镇安县', 2937, 1),
(2944, '柞水县', 2937, 1),
(2945, '甘肃', 0, 1),
(2946, '兰州市', 2945, 1),
(2947, '城关区', 2946, 1),
(2948, '七里河区', 2946, 1),
(2949, '西固区', 2946, 1),
(2950, '安宁区', 2946, 1),
(2951, '红古区', 2946, 1),
(2952, '永登县', 2946, 1),
(2953, '皋兰县', 2946, 1),
(2954, '榆中县', 2946, 1),
(2955, '嘉峪关市', 2945, 1),
(2956, '金昌市', 2945, 1),
(2957, '金川区', 2956, 1),
(2958, '永昌县', 2956, 1),
(2959, '白银市', 2945, 1),
(2960, '白银区', 2959, 1),
(2961, '平川区', 2959, 1),
(2962, '靖远县', 2959, 1),
(2963, '会宁县', 2959, 1),
(2964, '景泰县', 2959, 1),
(2965, '天水市', 2945, 1),
(2966, '秦州区', 2965, 1),
(2967, '麦积区', 2965, 1),
(2968, '清水县', 2965, 1),
(2969, '秦安县', 2965, 1),
(2970, '甘谷县', 2965, 1),
(2971, '武山县', 2965, 1),
(2972, '张家川回族自治县', 2965, 1),
(2973, '武威市', 2945, 1),
(2974, '凉州区', 2973, 1),
(2975, '民勤县', 2973, 1),
(2976, '古浪县', 2973, 1),
(2977, '天祝藏族自治县', 2973, 1),
(2978, '张掖市', 2945, 1),
(2979, '甘州区', 2978, 1),
(2980, '肃南裕固族自治县', 2978, 1),
(2981, '民乐县', 2978, 1),
(2982, '临泽县', 2978, 1),
(2983, '高台县', 2978, 1),
(2984, '山丹县', 2978, 1),
(2985, '平凉市', 2945, 1),
(2986, '崆峒区', 2985, 1),
(2987, '泾川县', 2985, 1),
(2988, '灵台县', 2985, 1),
(2989, '崇信县', 2985, 1),
(2990, '华亭县', 2985, 1),
(2991, '庄浪县', 2985, 1),
(2992, '静宁县', 2985, 1),
(2993, '酒泉市', 2945, 1),
(2994, '肃州区', 2993, 1),
(2995, '金塔县', 2993, 1),
(2996, '瓜州县', 2993, 1),
(2997, '肃北蒙古族自治县', 2993, 1),
(2998, '阿克塞哈萨克族自治县', 2993, 1),
(2999, '玉门市', 2993, 1),
(3000, '敦煌市', 2993, 1),
(3001, '庆阳市', 2945, 1),
(3002, '西峰区', 3001, 1),
(3003, '庆城县', 3001, 1),
(3004, '环县', 3001, 1),
(3005, '华池县', 3001, 1),
(3006, '合水县', 3001, 1),
(3007, '正宁县', 3001, 1),
(3008, '宁县', 3001, 1),
(3009, '镇原县', 3001, 1),
(3010, '定西市', 2945, 1),
(3011, '安定区', 3010, 1),
(3012, '通渭县', 3010, 1),
(3013, '陇西县', 3010, 1),
(3014, '渭源县', 3010, 1),
(3015, '临洮县', 3010, 1),
(3016, '漳县', 3010, 1),
(3017, '岷县', 3010, 1),
(3018, '陇南市', 2945, 1),
(3019, '武都区', 3018, 1),
(3020, '成县', 3018, 1),
(3021, '文县', 3018, 1),
(3022, '宕昌县', 3018, 1),
(3023, '康县', 3018, 1),
(3024, '西和县', 3018, 1),
(3025, '礼县', 3018, 1),
(3026, '徽县', 3018, 1),
(3027, '两当县', 3018, 1),
(3028, '临夏回族自治州', 2945, 1),
(3029, '临夏市', 3028, 1),
(3030, '临夏县', 3028, 1),
(3031, '康乐县', 3028, 1),
(3032, '永靖县', 3028, 1),
(3033, '广河县', 3028, 1),
(3034, '和政县', 3028, 1),
(3035, '东乡族自治县', 3028, 1),
(3036, '积石山保安族东乡族撒拉族自治县', 3028, 1),
(3037, '甘南藏族自治州', 2945, 1),
(3038, '合作市', 3037, 1),
(3039, '临潭县', 3037, 1),
(3040, '卓尼县', 3037, 1),
(3041, '舟曲县', 3037, 1),
(3042, '迭部县', 3037, 1),
(3043, '玛曲县', 3037, 1),
(3044, '碌曲县', 3037, 1),
(3045, '夏河县', 3037, 1),
(3046, '青海', 0, 1),
(3047, '西宁市', 3046, 1),
(3048, '城东区', 3047, 1),
(3049, '城中区', 3047, 1),
(3050, '城西区', 3047, 1),
(3051, '城北区', 3047, 1),
(3052, '大通回族土族自治县', 3047, 1),
(3053, '湟中县', 3047, 1),
(3054, '湟源县', 3047, 1),
(3055, '海东地区', 3046, 1),
(3056, '平安县', 3055, 1),
(3057, '民和回族土族自治县', 3055, 1),
(3058, '乐都县', 3055, 1),
(3059, '互助土族自治县', 3055, 1),
(3060, '化隆回族自治县', 3055, 1),
(3061, '循化撒拉族自治县', 3055, 1),
(3062, '海北藏族自治州', 3046, 1),
(3063, '门源回族自治县', 3062, 1),
(3064, '祁连县', 3062, 1),
(3065, '海晏县', 3062, 1),
(3066, '刚察县', 3062, 1),
(3067, '黄南藏族自治州', 3046, 1),
(3068, '同仁县', 3067, 1),
(3069, '尖扎县', 3067, 1),
(3070, '泽库县', 3067, 1),
(3071, '河南蒙古族自治县', 3067, 1),
(3072, '海南藏族自治州', 3046, 1),
(3073, '共和县', 3072, 1),
(3074, '同德县', 3072, 1),
(3075, '贵德县', 3072, 1),
(3076, '兴海县', 3072, 1),
(3077, '贵南县', 3072, 1),
(3078, '果洛藏族自治州', 3046, 1),
(3079, '玛沁县', 3078, 1),
(3080, '班玛县', 3078, 1),
(3081, '甘德县', 3078, 1),
(3082, '达日县', 3078, 1),
(3083, '久治县', 3078, 1),
(3084, '玛多县', 3078, 1),
(3085, '玉树藏族自治州', 3046, 1),
(3086, '玉树县', 3085, 1),
(3087, '杂多县', 3085, 1),
(3088, '称多县', 3085, 1),
(3089, '治多县', 3085, 1),
(3090, '囊谦县', 3085, 1),
(3091, '曲麻莱县', 3085, 1),
(3092, '海西蒙古族藏族自治州', 3046, 1),
(3093, '格尔木市', 3092, 1),
(3094, '德令哈市', 3092, 1),
(3095, '乌兰县', 3092, 1),
(3096, '都兰县', 3092, 1),
(3097, '天峻县', 3092, 1),
(3098, '宁夏', 0, 1),
(3099, '银川市', 3098, 1),
(3100, '兴庆区', 3099, 1),
(3101, '西夏区', 3099, 1),
(3102, '金凤区', 3099, 1),
(3103, '永宁县', 3099, 1),
(3104, '贺兰县', 3099, 1),
(3105, '灵武市', 3099, 1),
(3106, '石嘴山市', 3098, 1),
(3107, '大武口区', 3106, 1),
(3108, '惠农区', 3106, 1),
(3109, '平罗县', 3106, 1),
(3110, '吴忠市', 3098, 1),
(3111, '利通区', 3110, 1),
(3112, '盐池县', 3110, 1),
(3113, '同心县', 3110, 1),
(3114, '青铜峡市', 3110, 1),
(3115, '固原市', 3098, 1),
(3116, '原州区', 3115, 1),
(3117, '西吉县', 3115, 1),
(3118, '隆德县', 3115, 1),
(3119, '泾源县', 3115, 1),
(3120, '彭阳县', 3115, 1),
(3121, '中卫市', 3098, 1),
(3122, '沙坡头区', 3121, 1),
(3123, '中宁县', 3121, 1),
(3124, '海原县', 3121, 1),
(3125, '新疆', 0, 1),
(3126, '乌鲁木齐市', 3125, 1),
(3127, '天山区', 3126, 1),
(3128, '沙依巴克区', 3126, 1),
(3129, '新市区', 3126, 1),
(3130, '水磨沟区', 3126, 1),
(3131, '头屯河区', 3126, 1),
(3132, '达坂城区', 3126, 1),
(3133, '米东区', 3126, 1),
(3134, '乌鲁木齐县', 3126, 1),
(3135, '克拉玛依市', 3125, 1),
(3136, '独山子区', 3135, 1),
(3137, '克拉玛依区', 3135, 1),
(3138, '白碱滩区', 3135, 1),
(3139, '乌尔禾区', 3135, 1),
(3140, '吐鲁番地区', 3125, 1),
(3141, '吐鲁番市', 3140, 1),
(3142, '鄯善县', 3140, 1),
(3143, '托克逊县', 3140, 1),
(3144, '哈密地区', 3125, 1),
(3145, '昌吉回族自治州', 3125, 1),
(3146, '昌吉市', 3145, 1),
(3147, '阜康市', 3145, 1),
(3148, '呼图壁县', 3145, 1),
(3149, '玛纳斯县', 3145, 1),
(3150, '奇台县', 3145, 1),
(3151, '吉木萨尔县', 3145, 1),
(3152, '木垒哈萨克自治县', 3145, 1),
(3153, '博尔塔拉蒙古自治州', 3125, 1),
(3154, '博乐市', 3153, 1),
(3155, '精河县', 3153, 1),
(3156, '温泉县', 3153, 1),
(3157, '巴音郭楞蒙古自治州', 3125, 1),
(3158, '库尔勒市', 3157, 1),
(3159, '轮台县', 3157, 1),
(3160, '尉犁县', 3157, 1),
(3161, '若羌县', 3157, 1),
(3162, '且末县', 3157, 1),
(3163, '焉耆回族自治县', 3157, 1),
(3164, '和静县', 3157, 1),
(3165, '和硕县', 3157, 1),
(3166, '博湖县', 3157, 1),
(3167, '阿克苏地区', 3125, 1),
(3168, '阿克苏市', 3167, 1),
(3169, '温宿县', 3167, 1),
(3170, '库车县', 3167, 1),
(3171, '沙雅县', 3167, 1),
(3172, '新和县', 3167, 1),
(3173, '拜城县', 3167, 1),
(3174, '乌什县', 3167, 1),
(3175, '阿瓦提县', 3167, 1),
(3176, '柯坪县', 3167, 1),
(3177, '克孜勒苏柯尔克孜自治州', 3125, 1),
(3178, '阿图什市', 3177, 1),
(3179, '阿克陶县', 3177, 1),
(3180, '阿合奇县', 3177, 1),
(3181, '乌恰县', 3177, 1),
(3182, '喀什地区', 3125, 1),
(3183, '喀什市', 3182, 1),
(3184, '疏附县', 3182, 1),
(3185, '疏勒县', 3182, 1),
(3186, '英吉沙县', 3182, 1),
(3187, '泽普县', 3182, 1),
(3188, '莎车县', 3182, 1),
(3189, '叶城县', 3182, 1),
(3190, '麦盖提县', 3182, 1),
(3191, '岳普湖县', 3182, 1),
(3192, '伽师县', 3182, 1),
(3193, '巴楚县', 3182, 1),
(3194, '塔什库尔干塔吉克自治县', 3182, 1),
(3195, '和田地区', 3125, 1),
(3196, '和田市', 3195, 1),
(3197, '和田县', 3195, 1),
(3198, '墨玉县', 3195, 1),
(3199, '皮山县', 3195, 1),
(3200, '洛浦县', 3195, 1),
(3201, '策勒县', 3195, 1),
(3202, '于田县', 3195, 1),
(3203, '民丰县', 3195, 1),
(3204, '伊犁哈萨克自治州', 3125, 1),
(3205, '伊宁市', 3204, 1),
(3206, '奎屯市', 3204, 1),
(3207, '伊宁县', 3204, 1),
(3208, '察布查尔锡伯自治县', 3204, 1),
(3209, '霍城县', 3204, 1),
(3210, '巩留县', 3204, 1),
(3211, '新源县', 3204, 1),
(3212, '昭苏县', 3204, 1),
(3213, '特克斯县', 3204, 1),
(3214, '尼勒克县', 3204, 1),
(3215, '塔城地区', 3125, 1),
(3216, '塔城市', 3215, 1),
(3217, '乌苏市', 3215, 1),
(3218, '额敏县', 3215, 1),
(3219, '沙湾县', 3215, 1),
(3220, '托里县', 3215, 1),
(3221, '裕民县', 3215, 1),
(3222, '和布克赛尔蒙古自治县', 3215, 1),
(3223, '阿勒泰地区', 3125, 1),
(3224, '阿勒泰市', 3223, 1),
(3225, '布尔津县', 3223, 1),
(3226, '富蕴县', 3223, 1),
(3227, '福海县', 3223, 1),
(3228, '哈巴河县', 3223, 1),
(3229, '青河县', 3223, 1),
(3230, '吉木乃县', 3223, 1),
(3231, '石河子市', 3223, 1),
(3232, '阿拉尔市', 3223, 1),
(3233, '图木舒克市', 3223, 1),
(3234, '五家渠', 3223, 1);

-- --------------------------------------------------------

--
-- 表的结构 `attach`
--

CREATE TABLE IF NOT EXISTS `attach` (
  `id` int(11) NOT NULL AUTO_INCREMENT,
  `attach_type` varchar(50) NOT NULL DEFAULT 'attach',
  `userId` int(11) unsigned DEFAULT NULL,
  `uploadTime` int(11) unsigned DEFAULT NULL,
  `name` varchar(255) DEFAULT NULL,
  `type` varchar(255) DEFAULT NULL,
  `size` varchar(20) DEFAULT NULL,
  `extension` varchar(20) DEFAULT NULL,
  `hash` varchar(32) DEFAULT NULL,
  `private` tinyint(1) DEFAULT '0',
  `isDel` tinyint(1) DEFAULT '0',
  `savepath` varchar(255) DEFAULT NULL,
  `savename` varchar(255) DEFAULT NULL,
  `savedomain` tinyint(3) DEFAULT '0',
  PRIMARY KEY (`id`),
  KEY `userId` (`userId`)
) ENGINE=MyISAM  DEFAULT CHARSET=utf8 COMMENT='附件表' AUTO_INCREMENT=9 ;

--
-- 转存表中的数据 `attach`
--

INSERT INTO `attach` (`id`, `attach_type`, `userId`, `uploadTime`, `name`, `type`, `size`, `extension`, `hash`, `private`, `isDel`, `savepath`, `savename`, `savedomain`) VALUES
(1, '', 1, 1261033323, 'pic2.gif', 'image/gif', '5222', 'gif', '18b75c8b3fc3b38ddb0d829fce634bc6', 0, 0, '20091217/15/', '4b29d76b7a9f7.gif', 0),
(2, '', 1, 1261033491, 'pic2.gif', 'image/gif', '5222', 'gif', '18b75c8b3fc3b38ddb0d829fce634bc6', 0, 0, '20091217/15/', '4b29d813ae606.gif', 0),
(3, '', 1, 1261040923, 'pic2.gif', 'image/gif', '5222', 'gif', '18b75c8b3fc3b38ddb0d829fce634bc6', 0, 0, '20091217/17/', '4b29f51b11da2.gif', 0),
(4, '', 1, 1261040926, 'pic2.gif', 'image/gif', '5222', 'gif', '18b75c8b3fc3b38ddb0d829fce634bc6', 0, 0, '20091217/17/', '4b29f51e9eacb.gif', 0),
(5, '', 1, 1261041037, 'pic2.gif', 'image/gif', '5222', 'gif', '18b75c8b3fc3b38ddb0d829fce634bc6', 0, 0, '20091217/17/', '4b29f58deeb65.gif', 0),
(6, 'photo', 1, 1262844930, '四叶草.jpg', 'image/jpeg', '29677', 'jpg', '00bf9fdf896f0c42d4494bdcd48aa5d2', 0, 0, '20100107/14/', '4b457c023534e.jpg', 0),
(7, 'photo', 1, 1262847094, '四叶草.jpg', 'image/jpeg', '29677', 'jpg', '00bf9fdf896f0c42d4494bdcd48aa5d2', 0, 0, '20100107/14/', '4b4584764b72b.jpg', 0),
(8, 'photo', 1, 1262848006, 'android.gif', 'image/gif', '788', 'gif', 'fcd178383af6e21bf51c26c879cc6e20', 0, 0, '20100107/15/', '4b458806bf9a7.gif', 0);

-- --------------------------------------------------------

--
-- 表的结构 `auth_assignment`
--

CREATE TABLE IF NOT EXISTS `auth_assignment` (
  `itemname` varchar(64) NOT NULL,
  `userid` varchar(64) NOT NULL,
  `bizrule` text,
  `data` text,
  PRIMARY KEY (`itemname`,`userid`)
) ENGINE=MyISAM DEFAULT CHARSET=utf8 COMMENT='权限分配表';

--
-- 转存表中的数据 `auth_assignment`
--

INSERT INTO `auth_assignment` (`itemname`, `userid`, `bizrule`, `data`) VALUES
('管理员', '8', '', 's:0:"";'),
('Authority', '8', '', 's:0:"";');

-- --------------------------------------------------------

--
-- 表的结构 `auth_item`
--

CREATE TABLE IF NOT EXISTS `auth_item` (
  `name` varchar(64) NOT NULL,
  `type` int(11) NOT NULL,
  `description` text,
  `bizrule` text,
  `data` text,
  PRIMARY KEY (`name`)
) ENGINE=MyISAM DEFAULT CHARSET=utf8 COMMENT='权限表';

--
-- 转存表中的数据 `auth_item`
--

INSERT INTO `auth_item` (`name`, `type`, `description`, `bizrule`, `data`) VALUES
('Authority', 2, NULL, NULL, NULL),
('管理员', 2, NULL, NULL, NULL),
('UserCreate', 0, NULL, NULL, NULL),
('UserDelete', 0, NULL, NULL, NULL),
('UserUpdate', 0, NULL, NULL, NULL),
('UserShow', 0, NULL, NULL, NULL),
('后台用户管理', 1, NULL, NULL, NULL),
('UserList', 0, NULL, NULL, NULL),
('UserAdmin', 0, NULL, NULL, NULL),
('教师管理', 1, NULL, NULL, NULL),
('TeacherShow', 0, NULL, NULL, NULL),
('TeacherCreate', 0, NULL, NULL, NULL),
('TeacherUpdate', 0, NULL, NULL, NULL),
('TeacherDelete', 0, NULL, NULL, NULL),
('TeacherSubject_in_School', 0, NULL, NULL, NULL),
('TeacherList', 0, NULL, NULL, NULL),
('TeacherAdmin', 0, NULL, NULL, NULL),
('内容管理', 1, NULL, NULL, NULL),
('ContentShow', 0, NULL, NULL, NULL),
('ContentDay', 0, NULL, NULL, NULL),
('ContentCreate', 0, NULL, NULL, NULL),
('ContentUpdate', 0, NULL, NULL, NULL),
('ContentDelete', 0, NULL, NULL, NULL),
('ContentList', 0, NULL, NULL, NULL),
('ContentAdmin', 0, NULL, NULL, NULL),
('学校管理', 1, NULL, NULL, NULL),
('SchoolShow', 0, NULL, NULL, NULL),
('SchoolCreate', 0, NULL, NULL, NULL),
('SchoolUpdate', 0, NULL, NULL, NULL),
('SchoolDelete', 0, NULL, NULL, NULL),
('SchoolList', 0, NULL, NULL, NULL),
('SchoolAdmin', 0, NULL, NULL, NULL),
('学生管理', 1, NULL, NULL, NULL),
('StudentShow', 0, NULL, NULL, NULL),
('StudentAddClass', 0, NULL, NULL, NULL),
('StudentCreate', 0, NULL, NULL, NULL),
('StudentClass_in_School', 0, NULL, NULL, NULL),
('StudentAddParent', 0, NULL, NULL, NULL),
('StudentUpdate', 0, NULL, NULL, NULL),
('StudentDelete', 0, NULL, NULL, NULL),
('StudentList', 0, NULL, NULL, NULL),
('StudentAdmin', 0, NULL, NULL, NULL),
('StudentClass', 0, NULL, NULL, NULL),
('StudentTest', 0, NULL, NULL, NULL),
('StudentRemoteValidate', 0, NULL, NULL, NULL),
('加入班级申请管理', 1, NULL, NULL, NULL),
('Hope_class_tempShow', 0, NULL, NULL, NULL),
('Hope_class_tempCreate', 0, NULL, NULL, NULL),
('Hope_class_tempUpdate', 0, NULL, NULL, NULL),
('Hope_class_tempDelete', 0, NULL, NULL, NULL),
('Hope_class_tempList', 0, NULL, NULL, NULL),
('Hope_class_tempAdmin', 0, NULL, NULL, NULL),
('BaseAdministrating', 1, NULL, NULL, NULL),
('班级管理', 1, NULL, NULL, NULL),
('ClassShow', 0, NULL, NULL, NULL),
('ClassCreate', 0, NULL, NULL, NULL),
('ClassUpdate', 0, NULL, NULL, NULL),
('ClassDelete', 0, NULL, NULL, NULL),
('ClassList', 0, NULL, NULL, NULL),
('ClassAdmin', 0, NULL, NULL, NULL),
('ClassTeacher', 0, NULL, NULL, NULL),
('导入管理', 1, NULL, NULL, NULL),
('ImportYEY', 0, NULL, NULL, NULL),
('ImportTeacher', 0, NULL, NULL, NULL),
('ImportParent', 0, NULL, NULL, NULL),
('ImportShow', 0, NULL, NULL, NULL),
('ImportCreate', 0, NULL, NULL, NULL),
('ImportUpdate', 0, NULL, NULL, NULL),
('ImportDelete', 0, NULL, NULL, NULL),
('ImportList', 0, NULL, NULL, NULL),
('ImportAdmin', 0, NULL, NULL, NULL),
('ImportUpload', 0, NULL, NULL, NULL),
('ImportBackdown', 0, NULL, NULL, NULL);

-- --------------------------------------------------------

--
-- 表的结构 `auth_item_child`
--

CREATE TABLE IF NOT EXISTS `auth_item_child` (
  `parent` varchar(64) NOT NULL,
  `child` varchar(64) NOT NULL,
  PRIMARY KEY (`parent`,`child`),
  KEY `child` (`child`)
) ENGINE=MyISAM DEFAULT CHARSET=utf8 COMMENT='权限上下级关系表';

--
-- 转存表中的数据 `auth_item_child`
--

INSERT INTO `auth_item_child` (`parent`, `child`) VALUES
('内容管理', 'ContentAdmin'),
('内容管理', 'ContentCreate'),
('内容管理', 'ContentDay'),
('内容管理', 'ContentDelete'),
('内容管理', 'ContentList'),
('内容管理', 'ContentShow'),
('内容管理', 'ContentUpdate'),
('加入班级申请管理', 'Hope_class_tempAdmin'),
('加入班级申请管理', 'Hope_class_tempCreate'),
('加入班级申请管理', 'Hope_class_tempDelete'),
('加入班级申请管理', 'Hope_class_tempList'),
('加入班级申请管理', 'Hope_class_tempShow'),
('加入班级申请管理', 'Hope_class_tempUpdate'),
('后台用户管理', 'UserAdmin'),
('后台用户管理', 'UserCreate'),
('后台用户管理', 'UserDelete'),
('后台用户管理', 'UserList'),
('后台用户管理', 'UserShow'),
('后台用户管理', 'UserUpdate'),
('学校管理', 'SchoolAdmin'),
('学校管理', 'SchoolCreate'),
('学校管理', 'SchoolDelete'),
('学校管理', 'SchoolList'),
('学校管理', 'SchoolShow'),
('学校管理', 'SchoolUpdate'),
('学生管理', 'StudentAddClass'),
('学生管理', 'StudentAddParent'),
('学生管理', 'StudentAdmin'),
('学生管理', 'StudentClass'),
('学生管理', 'StudentClass_in_School'),
('学生管理', 'StudentCreate'),
('学生管理', 'StudentDelete'),
('学生管理', 'StudentList'),
('学生管理', 'StudentRemoteValidate'),
('学生管理', 'StudentShow'),
('学生管理', 'StudentTest'),
('学生管理', 'StudentUpdate'),
('导入管理', 'ImportAdmin'),
('导入管理', 'ImportBackdown'),
('导入管理', 'ImportCreate'),
('导入管理', 'ImportDelete'),
('导入管理', 'ImportList'),
('导入管理', 'ImportParent'),
('导入管理', 'ImportShow'),
('导入管理', 'ImportTeacher'),
('导入管理', 'ImportUpdate'),
('导入管理', 'ImportUpload'),
('导入管理', 'ImportYEY'),
('教师管理', 'TeacherAdmin'),
('教师管理', 'TeacherCreate'),
('教师管理', 'TeacherDelete'),
('教师管理', 'TeacherList'),
('教师管理', 'TeacherShow'),
('教师管理', 'TeacherSubject_in_School'),
('教师管理', 'TeacherUpdate'),
('班级管理', 'ClassAdmin'),
('班级管理', 'ClassCreate'),
('班级管理', 'ClassDelete'),
('班级管理', 'ClassList'),
('班级管理', 'ClassShow'),
('班级管理', 'ClassTeacher'),
('班级管理', 'ClassUpdate'),
('管理员', 'BaseAdministrating'),
('管理员', 'MemberAdministrating'),
('管理员', '内容管理'),
('管理员', '加入班级申请管理'),
('管理员', '后台用户管理'),
('管理员', '学校管理'),
('管理员', '学生管理'),
('管理员', '导入管理'),
('管理员', '教师管理'),
('管理员', '班级管理');

-- --------------------------------------------------------

--
-- 表的结构 `blog`
--

CREATE TABLE IF NOT EXISTS `blog` (
  `blogid` mediumint(8) unsigned NOT NULL AUTO_INCREMENT,
  `uid` mediumint(8) unsigned NOT NULL DEFAULT '0',
  `topicid` mediumint(8) NOT NULL DEFAULT '0',
  `cate_id` mediumint(8) NOT NULL,
  `username` varchar(40) NOT NULL,
  `tag` varchar(255) DEFAULT NULL,
  `subject` varchar(255) NOT NULL,
  `message` mediumtext NOT NULL,
  `postip` varchar(20) NOT NULL DEFAULT '',
  `dateline` int(10) unsigned NOT NULL DEFAULT '0',
  `hot` mediumint(8) NOT NULL DEFAULT '0',
  `hotuser` text,
  `magiccolor` tinyint(6) NOT NULL DEFAULT '0',
  `magicpaper` tinyint(6) NOT NULL DEFAULT '0',
  `magiccall` tinyint(1) NOT NULL DEFAULT '0',
  `noview` tinyint(1) NOT NULL DEFAULT '0',
  `noreply` tinyint(1) NOT NULL DEFAULT '0',
  `viewnum` mediumint(8) NOT NULL DEFAULT '0',
  `replynum` mediumint(8) NOT NULL DEFAULT '0',
  `click_1` smallint(6) unsigned NOT NULL DEFAULT '0',
  `click_2` smallint(6) unsigned NOT NULL DEFAULT '0',
  `click_3` smallint(6) unsigned NOT NULL DEFAULT '0',
  `click_4` smallint(6) unsigned NOT NULL DEFAULT '0',
  `click_5` smallint(6) unsigned NOT NULL DEFAULT '0',
  PRIMARY KEY (`blogid`)
) ENGINE=MyISAM  DEFAULT CHARSET=utf8 AUTO_INCREMENT=17 ;

--
-- 转存表中的数据 `blog`
--

INSERT INTO `blog` (`blogid`, `uid`, `topicid`, `cate_id`, `username`, `tag`, `subject`, `message`, `postip`, `dateline`, `hot`, `hotuser`, `magiccolor`, `magicpaper`, `magiccall`, `noview`, `noreply`, `viewnum`, `replynum`, `click_1`, `click_2`, `click_3`, `click_4`, `click_5`) VALUES
(1, 2, 0, 1, 'test', 'a:1:{i:23;s:6:"热情";}', '发撒热情额外', '人我却认为', '127.0.0.1', 1250153860, 0, NULL, 0, 0, 0, 0, 0, 25, 1, 0, 0, 0, 0, 0),
(2, 2, 0, 1, 'test', 'a:3:{i:1;s:6:"大水";i:34;s:3:"fas";i:35;s:4:"w发";}', '发大水发大水1223发', '发生发生', '127.0.0.1', 1250153847, 0, NULL, 0, 0, 0, 0, 0, 14, 0, 0, 0, 0, 0, 0),
(7, 2, 0, 1, 'test', 'a:2:{i:36;s:6:"发文";i:5;s:6:"发生";}', '发生大幅发文额', '额外人为恶', '127.0.0.1', 1250154056, 40, NULL, 1, 0, 0, 0, 0, 15, 0, 0, 0, 0, 0, 0),
(8, 2, 0, 1, 'test', 'Array', '新帖子', '发发生', '127.0.0.1', 1250154174, 2, NULL, 1, 1, 0, 0, 0, 78, 4, 0, 0, 1, 0, 0),
(9, 1, 0, 0, 'he21cn', '', '发生', '发大水', '127.0.0.1', 1250994357, 0, NULL, 0, 0, 0, 0, 0, 1, 0, 0, 0, 0, 0, 0),
(10, 1, 0, 0, 'he21cn', '', '发大水', '发的阿斯发大水', '127.0.0.1', 1250994386, 0, NULL, 0, 0, 0, 0, 0, 1, 0, 0, 0, 0, 0, 0),
(11, 1, 0, 2, 'he21cn', '', '发大水飞洒', '飞打算发生的', '127.0.0.1', 1250994426, 0, NULL, 0, 0, 0, 0, 0, 0, 0, 0, 0, 0, 0, 0),
(12, 1, 0, 2, 'he21cn', '', '发大水飞洒', '飞打算发生的', '127.0.0.1', 1250994438, 0, NULL, 0, 0, 0, 0, 0, 0, 0, 0, 0, 0, 0, 0),
(13, 1, 0, 2, 'he21cn', '', '发大水飞洒', '飞打算发生的', '127.0.0.1', 1250994460, 0, NULL, 0, 0, 0, 0, 0, 3, 0, 0, 0, 0, 0, 0),
(14, 1, 0, 2, 'he21cn', '', '我今天有个日志', '但是发撒发撒', '127.0.0.1', 1251163532, 0, NULL, 0, 0, 0, 0, 1, 47, 7, 0, 0, 0, 0, 0),
(15, 1, 0, 2, 'he21cn', '', 'fdas', 'dfasfdas', '127.0.0.1', 1252909091, 0, NULL, 0, 0, 0, 0, 0, 3, 0, 0, 0, 0, 0, 0),
(16, 1, 0, 2, 'he21cn', '', '2222222', '22222222', '127.0.0.1', 1252909134, 0, NULL, 0, 0, 0, 0, 0, 2, 0, 0, 0, 0, 0, 0);

-- --------------------------------------------------------

--
-- 表的结构 `blog_category`
--

CREATE TABLE IF NOT EXISTS `blog_category` (
  `cate_id` mediumint(8) unsigned NOT NULL AUTO_INCREMENT,
  `pid` mediumint(8) NOT NULL,
  `cate_name` varchar(100) NOT NULL,
  `uid` mediumint(8) unsigned NOT NULL DEFAULT '0',
  `dateline` int(10) unsigned NOT NULL DEFAULT '0',
  PRIMARY KEY (`cate_id`),
  KEY `uid` (`uid`)
) ENGINE=MyISAM  DEFAULT CHARSET=utf8 AUTO_INCREMENT=3 ;

--
-- 转存表中的数据 `blog_category`
--

INSERT INTO `blog_category` (`cate_id`, `pid`, `cate_name`, `uid`, `dateline`) VALUES
(2, 1, '范德萨', 1, 1250994357);

-- --------------------------------------------------------

--
-- 表的结构 `click`
--

CREATE TABLE IF NOT EXISTS `click` (
  `clickid` smallint(6) unsigned NOT NULL AUTO_INCREMENT,
  `name` varchar(50) NOT NULL DEFAULT '',
  `icon` varchar(100) NOT NULL DEFAULT '',
  `idtype` varchar(15) NOT NULL DEFAULT '',
  `displayorder` tinyint(6) unsigned NOT NULL DEFAULT '0',
  PRIMARY KEY (`clickid`),
  KEY `idtype` (`idtype`,`displayorder`)
) ENGINE=MyISAM  DEFAULT CHARSET=utf8 COMMENT='点击图标表' AUTO_INCREMENT=16 ;

--
-- 转存表中的数据 `click`
--

INSERT INTO `click` (`clickid`, `name`, `icon`, `idtype`, `displayorder`) VALUES
(2, '雷人', 'leiren.gif', 'blogid', 0),
(3, '握手', 'woshou.gif', 'blogid', 0),
(4, '鲜花', 'xianhua.gif', 'blogid', 0),
(5, '鸡蛋', 'jidan.gif', 'blogid', 0),
(6, '漂亮', 'piaoliang.gif', 'picid', 0),
(7, '酷毙', 'kubi.gif', 'picid', 0),
(8, '雷人', 'leiren.gif', 'picid', 0),
(9, '鲜花', 'xianhua.gif', 'picid', 0),
(10, '鸡蛋', 'jidan.gif', 'picid', 0),
(11, '搞笑', 'gaoxiao.gif', 'tid', 0),
(12, '迷惑', 'mihuo.gif', 'tid', 0),
(13, '雷人', 'leiren.gif', 'tid', 0),
(14, '鲜花', 'xianhua.gif', 'tid', 0),
(15, '鸡蛋', 'jidan.gif', 'tid', 0);

-- --------------------------------------------------------

--
-- 表的结构 `click_user`
--

CREATE TABLE IF NOT EXISTS `click_user` (
  `uid` mediumint(8) unsigned NOT NULL DEFAULT '0' COMMENT '用户id',
  `username` varchar(15) NOT NULL DEFAULT '' COMMENT '用户名',
  `id` mediumint(8) unsigned NOT NULL DEFAULT '0',
  `idtype` varchar(15) NOT NULL DEFAULT '' COMMENT '类型(tid指代话题)',
  `clickid` smallint(6) unsigned NOT NULL DEFAULT '0' COMMENT '点击的图标',
  `dateline` int(10) unsigned NOT NULL DEFAULT '0' COMMENT '时间',
  PRIMARY KEY (`uid`,`id`,`idtype`),
  KEY `id` (`id`,`idtype`,`dateline`),
  KEY `uid` (`uid`,`idtype`,`dateline`)
) ENGINE=MyISAM DEFAULT CHARSET=utf8 CHECKSUM=1 DELAY_KEY_WRITE=1 ROW_FORMAT=DYNAMIC COMMENT='用户表态(路过,雷人,鲜花,鸡蛋等等)';

--
-- 转存表中的数据 `click_user`
--

INSERT INTO `click_user` (`uid`, `username`, `id`, `idtype`, `clickid`, `dateline`) VALUES
(3, 'test2', 2, 'tid', 15, 1250751871),
(4, 'kelan1210', 58, 'tid', 13, 1251701515),
(3, 'test1', 58, 'tid', 13, 1251709752),
(2, 'test', 58, 'tid', 13, 1251709843),
(911, 'hope00000062', 75, 'tid', 13, 1255679601),
(917, 'hope00000917', 84, 'tid', 11, 1257302028),
(911, 'hope00000062', 86, 'tid', 13, 1257387783),
(911, 'hope00000062', 83, 'tid', 13, 1257403507);

-- --------------------------------------------------------

--
-- 表的结构 `cms_content`
--

CREATE TABLE IF NOT EXISTS `cms_content` (
  `id` int(11) NOT NULL AUTO_INCREMENT,
  `cate_id` int(11) NOT NULL,
  `title` varchar(255) NOT NULL,
  `desc` text,
  `datetime` timestamp NOT NULL DEFAULT CURRENT_TIMESTAMP ON UPDATE CURRENT_TIMESTAMP,
  `tag` varchar(255) DEFAULT NULL,
  PRIMARY KEY (`id`)
) ENGINE=MyISAM  DEFAULT CHARSET=utf8 COMMENT='cms书' AUTO_INCREMENT=2 ;

--
-- 转存表中的数据 `cms_content`
--

INSERT INTO `cms_content` (`id`, `cate_id`, `title`, `desc`, `datetime`, `tag`) VALUES
(1, 1, '聆听风声', '', '2009-11-04 10:25:22', '');

-- --------------------------------------------------------

--
-- 表的结构 `cms_content_day`
--

CREATE TABLE IF NOT EXISTS `cms_content_day` (
  `id` int(11) NOT NULL AUTO_INCREMENT,
  `content_id` int(11) NOT NULL,
  `daily` text NOT NULL,
  `month` int(11) NOT NULL,
  `day` int(11) NOT NULL,
  `datetime` int(11) NOT NULL,
  PRIMARY KEY (`id`)
) ENGINE=MyISAM  DEFAULT CHARSET=utf8 AUTO_INCREMENT=9 ;

--
-- 转存表中的数据 `cms_content_day`
--

INSERT INTO `cms_content_day` (`id`, `content_id`, `daily`, `month`, `day`, `datetime`) VALUES
(1, 1, '本报讯 (记者林其玲)昨天有媒体报道招聘网站智联招聘上一财年亏1.5亿元，CEO刘浩因为业绩不佳，被迫“下课”。智联招聘方面表示，“刘浩是主动请辞”，“董事会是肯定刘浩业绩的”。\r\n智联持续亏损\r\n据媒体报道，智联招聘的最大股东澳大利亚seek前天公布上一财年报告。财报显示，由于智联招聘的亏损，使seek产生了1725.4万澳元的税后亏损额。“如此计算，智联招聘本身的亏损约1.5亿多人民币。”而seek公司今年3月公布的一份财报显示，智联招聘2008年的亏损额约1.7亿元人民币。\r\n上月刘浩接受记者采访时表示，“现在还不是赚钱的时候，市场份额才是目的。”业内人士认为，这可能是刘浩跟股东和高层意见不一致的导火索。不过智联招聘公关强调，刘浩辞职是个人原因，智联招聘“如果亏损，肯定是战略性亏损”。\r\n三招聘龙头仅前程无忧盈利\r\n本月初，中华英才的母公司Monster发布第二季度财报显示，中华英才网也处于亏损状态。而去年中华英才网的亏损额高达1.75亿元人民币。其前总裁张建国也于今年年初离职。\r\n目前国内三家龙头招聘网站中，只有前程无忧保持盈利，其第二季度净利润比去年同期增长7.78%。\r\n- 相关\r\n“网络招聘行业或生变”\r\n据易观国际最新的市场检测数据，前程无忧目前占有国内26.3%的市场份额，而英才网和智联分别占有22.4%、15.3%。易观国际分析师表示，中华英才有可能抢占市场份额。业内人士表示，网络招聘行业格局可能将会发生变化。\r\n据悉，英才和智联上半年都在新业务上进行尝试，企业在战略上也有调整。英才网今年推出开发简历助手业务，希望从注册用户数上追赶51job，而智联招聘也于6月推出简历增强显示的增值业务服务，并成立培训咨询服务公司。 ', 11, 1, 0),
(2, 1, '', 11, 2, 0),
(3, 1, 'intro_doing.gif', 11, 7, 0),
(4, 1, '', 11, 3, 0),
(5, 1, '<input type="hidden" name="r" value="<?\r\n<input type="hidden" name="class_id" value="<?=$class_id?>">', 1, 2, 0),
(6, 1, '这里写内容\r\n', 11, 5, 0),
(7, 1, '11月4日\r\n', 11, 4, 0),
(8, 1, '<p>\r\n	<span style="color: rgb(0, 128, 128);">1111111111111111</span></p>\r\n', 11, 11, 0);

-- --------------------------------------------------------

--
-- 表的结构 `cms_expert`
--

CREATE TABLE IF NOT EXISTS `cms_expert` (
  `id` mediumint(8) NOT NULL AUTO_INCREMENT COMMENT '自动增长id',
  `name` varchar(255) NOT NULL COMMENT '专家名',
  `cate_id` tinyint(1) NOT NULL,
  `descript` text NOT NULL COMMENT '专家描述',
  `pic` varchar(255) NOT NULL COMMENT '专家相片',
  `url` varchar(255) NOT NULL COMMENT '专家链接',
  `top` tinyint(1) NOT NULL COMMENT '置顶',
  `sort` tinyint(1) NOT NULL COMMENT '排序',
  PRIMARY KEY (`id`)
) ENGINE=MyISAM  DEFAULT CHARSET=utf8 COMMENT='专家专栏表' AUTO_INCREMENT=11 ;

--
-- 转存表中的数据 `cms_expert`
--

INSERT INTO `cms_expert` (`id`, `name`, `cate_id`, `descript`, `pic`, `url`, `top`, `sort`) VALUES
(10, '武装', 1, '盟爱心理咨询师', '/uploads/images/%E6%AD%A6%E8%A3%85.jpg', 'http://www.hopejy.cn/?1125', 0, 1),
(9, '孙翱飞', 1, '盟爱教育机构创办人', '/uploads/images/%E5%AD%99%E7%BF%B1%E9%A3%9E.jpg', 'http://www.hopejy.cn/?1124', 1, 1),
(8, '何张沛然', 1, '盟爱教育机构资深讲师', '/uploads/images/%E4%BD%95%E5%BC%A0%E6%B2%9B%E7%84%B6.jpg', 'http://www.hopejy.cn/?1122', 1, 1);

-- --------------------------------------------------------

--
-- 表的结构 `cms_myshow`
--

CREATE TABLE IF NOT EXISTS `cms_myshow` (
  `showid` int(11) NOT NULL AUTO_INCREMENT,
  `cate_id` int(11) NOT NULL,
  `create_time` timestamp NOT NULL DEFAULT CURRENT_TIMESTAMP ON UPDATE CURRENT_TIMESTAMP,
  `title` varchar(255) NOT NULL,
  `descript` varchar(255) DEFAULT NULL,
  `url` varchar(255) DEFAULT NULL,
  `icon` varchar(255) DEFAULT NULL,
  `sort` int(11) DEFAULT NULL,
  `start_date` timestamp NOT NULL DEFAULT '0000-00-00 00:00:00',
  `end_date` timestamp NOT NULL DEFAULT '0000-00-00 00:00:00',
  `idtype` varchar(15) DEFAULT NULL,
  `id` mediumint(8) DEFAULT NULL,
  `hits` int(11) NOT NULL,
  `top` tinyint(1) NOT NULL,
  `digest` tinyint(1) NOT NULL,
  `state` tinyint(1) NOT NULL,
  PRIMARY KEY (`showid`)
) ENGINE=MyISAM  DEFAULT CHARSET=utf8 COMMENT='推荐图片' AUTO_INCREMENT=39 ;

--
-- 转存表中的数据 `cms_myshow`
--

INSERT INTO `cms_myshow` (`showid`, `cate_id`, `create_time`, `title`, `descript`, `url`, `icon`, `sort`, `start_date`, `end_date`, `idtype`, `id`, `hits`, `top`, `digest`, `state`) VALUES
(1, 2, '2009-11-12 09:12:20', '珠海从小学到高中12年全免费！深圳家长有什么反应呢？', '教育在深圳是个难题，外来人口多，学生户籍复杂，基础差,民办学校多。但我们的经济实力却是全国最强的，能否适时在某个时候推出一项振奋人心的民生大政策啊。我想说的是', 'http://www.hopejy.cn/space.php?uid=26&do=thread&id=264', '/uploads/images/ajax-loading.gif', 10, '2009-12-18 00:00:00', '2011-01-01 00:00:00', NULL, NULL, 0, 1, 0, 0),
(3, 2, '2009-12-02 08:47:37', '任志强:目前未出现房价泡沫', '目前未出现房价泡沫,目前未出现房价泡沫,目前未出现房价泡沫,目前未出现房价泡沫,目前未出现房价泡沫,目前未出现.........', 'http://localhost/uchome/hope.php?r=thread/show&tid=71&class_id=1', '', NULL, '2009-12-01 00:00:00', '2009-12-03 00:00:00', NULL, NULL, 0, 1, 0, 0),
(4, 1, '2009-12-03 10:11:55', '图片推荐1', '', '', '/uploads/images/01.jpg', NULL, '2009-12-03 00:00:00', '2009-12-12 00:00:00', NULL, NULL, 0, 0, 0, 1),
(5, 3, '2009-12-03 10:12:58', '大家来评价评价深圳这个城市怎么样', '　大家来评价评价深圳这个城市怎么样？有人说遍地是机会，有人说想在这里生存很难，请问你是怎么看你生活的这个城市？', 'http://www.hopejy.cn/space.php?do=mtag&tagid=30', '', NULL, '0000-00-00 00:00:00', '0000-00-00 00:00:00', NULL, NULL, 0, 0, 0, 1),
(6, 4, '2009-12-03 14:02:22', '反对经济复苏', '谁是下一个迪拜', 'http://www.hopejy.cn/space.php?uid=22&do=blog&id=183', '', 1, '0000-00-00 00:00:00', '0000-00-00 00:00:00', NULL, NULL, 0, 0, 0, 0),
(7, 4, '2009-12-03 14:02:40', '话疯狂的实验--读<疯狂实验史>', '人类的求知欲，无论何时何地，无论什么样的人，搜有通过自己的方式了解未知世界的愿望。', 'http://www.hopejy.cn/space.php?uid=1&do=thread&id=262', '', NULL, '0000-00-00 00:00:00', '0000-00-00 00:00:00', NULL, NULL, 0, 0, 0, 0),
(9, 3, '2009-12-03 10:12:58', '25岁后的女人', '当你过了25岁，或者正踏在青春的尾巴上的时候，千万不要再天真地以为你还如18岁般青秀可人，请记住，你已经过了那个可以洒脱地说“只在乎曾经拥有，不在乎天长地久”的妙龄。 ', 'http://www.hopejy.cn/space.php?uid=5&do=thread&id=232', '', NULL, '0000-00-00 00:00:00', '0000-00-00 00:00:00', NULL, NULL, 0, 0, 0, 1),
(10, 3, '2009-12-03 10:12:58', '女儿写作文速度超慢,酷爱电脑,不知咋办?', '小孩子迷上了电脑，怎么办？', 'http://www.hopejy.cn/space.php?uid=26&do=thread&id=268', '', NULL, '0000-00-00 00:00:00', '0000-00-00 00:00:00', NULL, NULL, 0, 0, 0, 1),
(11, 3, '2009-12-03 10:12:58', '讨论,发烧时是否洗澡就能物理降温了', '物理降温', 'http://www.hopejy.cn/space.php?uid=254&do=thread&id=267', '', NULL, '0000-00-00 00:00:00', '0000-00-00 00:00:00', NULL, NULL, 0, 0, 0, 1),
(12, 3, '2009-12-03 10:12:58', '儿子尿床怎么办？', '儿子尿床怎么办？', 'http://www.hopejy.cn/space.php?uid=254&do=thread&id=265', '', NULL, '0000-00-00 00:00:00', '0000-00-00 00:00:00', NULL, NULL, 0, 0, 0, 1),
(13, 3, '2009-12-03 10:12:58', '你家孩子打甲流感疫苗了吗？', '你家孩子打甲流感疫苗了吗？', 'http://www.hopejy.cn/space.php?uid=254&do=thread&id=259', '', NULL, '0000-00-00 00:00:00', '0000-00-00 00:00:00', NULL, NULL, 0, 0, 0, 1),
(14, 3, '2009-12-03 10:12:58', '给宝宝止咳的简单方法，不用吃药打针宝', '给宝宝止咳的简单方法，不用吃药打针宝', 'http://www.hopejy.cn/space.php?uid=26&do=thread&id=249', '', NULL, '0000-00-00 00:00:00', '0000-00-00 00:00:00', NULL, NULL, 0, 0, 0, 1),
(15, 3, '2009-12-03 10:12:58', '孩子的自学能力差怎么办?', '孩子的自学能力差怎么办?', 'http://www.hopejy.cn/space.php?uid=26&do=thread&id=248', '', NULL, '0000-00-00 00:00:00', '0000-00-00 00:00:00', NULL, NULL, 0, 0, 0, 1),
(16, 3, '2009-12-03 10:12:58', '你愿意要一个什么样的孩子', '你愿意要一个什么样的孩子', 'http://www.hopejy.cn/space.php?uid=254&do=thread&id=260', '', NULL, '0000-00-00 00:00:00', '0000-00-00 00:00:00', NULL, NULL, 0, 0, 0, 1),
(17, 3, '2009-12-03 10:12:58', '宝宝的问题，我要怎么回答才好？', '宝宝的问题，我要怎么回答才好？', 'http://www.hopejy.cn/space.php?uid=254&do=thread&id=263', '', NULL, '0000-00-00 00:00:00', '0000-00-00 00:00:00', NULL, NULL, 0, 0, 0, 1),
(18, 3, '2009-12-03 10:12:58', '轻轻的我唱首歌', '轻轻的我唱首歌', '321', '', NULL, '0000-00-00 00:00:00', '0000-00-00 00:00:00', NULL, NULL, 0, 0, 0, 1),
(19, 3, '2009-12-03 10:12:58', '轻轻的我唱首歌', '轻轻的我唱首歌', '321', '', NULL, '0000-00-00 00:00:00', '0000-00-00 00:00:00', NULL, NULL, 0, 0, 0, 1),
(20, 3, '2009-12-03 10:12:58', '怎样给孩子戒除网瘾啊!!', '怎样给孩子戒除网瘾啊!!', 'http://www.hopejy.cn/space.php?uid=26&do=thread&id=247', '', NULL, '0000-00-00 00:00:00', '0000-00-00 00:00:00', NULL, NULL, 0, 0, 0, 1),
(21, 3, '2009-12-03 10:12:58', '上课老走神怎么办？', '上课老走神怎么办？', 'http://www.hopejy.cn/space.php?uid=254&do=thread&id=261', '', NULL, '0000-00-00 00:00:00', '0000-00-00 00:00:00', NULL, NULL, 0, 0, 0, 1),
(22, 1, '2009-12-04 15:38:25', '图片推荐2', '', '#', '/uploads/images/02.jpg', NULL, '0000-00-00 00:00:00', '0000-00-00 00:00:00', NULL, NULL, 0, 0, 0, 0),
(23, 1, '2009-12-04 15:38:47', '图片推荐3', '', '#', '/uploads/images/03.jpg', NULL, '0000-00-00 00:00:00', '0000-00-00 00:00:00', NULL, NULL, 0, 0, 0, 0),
(24, 1, '2009-12-08 13:37:02', '图片推荐4', '✿', '', '/uploads/images/04.jpg', NULL, '0000-00-00 00:00:00', '0000-00-00 00:00:00', NULL, NULL, 0, 0, 0, 0),
(25, 1, '2009-12-08 13:37:31', '图片推荐5', '❤', '', '/uploads/images/05.jpg', NULL, '0000-00-00 00:00:00', '0000-00-00 00:00:00', NULL, NULL, 0, 0, 0, 0),
(26, 5, '2009-12-08 13:49:30', '我眼里的“成功”', '每个人的经历不一样，所以眼里的成功也不一样。你眼里的成功是什么呢？', 'http://www.hopejy.cn/space.php?uid=22&do=blog&id=184', '', NULL, '0000-00-00 00:00:00', '0000-00-00 00:00:00', NULL, NULL, 0, 0, 0, 0),
(27, 5, '2009-12-08 13:50:39', '給領導的TP心靈管理10戒', 'TP10戒', 'http://www.hopejy.cn/space.php?uid=272&do=blog&id=142', '', NULL, '0000-00-00 00:00:00', '0000-00-00 00:00:00', NULL, NULL, 0, 0, 0, 0),
(28, 5, '2009-12-08 13:51:08', '給領導的TP心靈管理10修', 'TP10修', 'http://www.hopejy.cn/space.php?uid=272&do=blog&id=143', '', NULL, '0000-00-00 00:00:00', '0000-00-00 00:00:00', NULL, NULL, 0, 0, 0, 0),
(29, 5, '2009-12-08 13:52:41', '感动VS惭愧', '感动就在一瞬间，惭愧却永无消除', 'http://www.hopejy.cn/space.php?uid=22&do=blog&id=182', '', NULL, '0000-00-00 00:00:00', '0000-00-00 00:00:00', NULL, NULL, 0, 0, 0, 0),
(30, 5, '2009-12-08 13:54:13', '请努力做这样的“母亲”', '做母亲也是一门很大的人生学问', 'http://www.hopejy.cn/space.php?uid=22&do=blog&id=150', '', NULL, '0000-00-00 00:00:00', '0000-00-00 00:00:00', NULL, NULL, 0, 0, 0, 0),
(31, 5, '2009-12-08 13:55:31', '我的心事，我的烦恼', '我的心事，我的烦恼，只有自己最懂', 'http://www.hopejy.cn/space.php?uid=918&do=blog&id=171', '', NULL, '0000-00-00 00:00:00', '0000-00-00 00:00:00', NULL, NULL, 0, 0, 0, 0),
(32, 5, '2009-12-08 13:56:18', '有的时候', '有的时候，自己常常会突发奇想', 'http://www.hopejy.cn/space.php?uid=918&do=blog&id=166', '', NULL, '0000-00-00 00:00:00', '0000-00-00 00:00:00', NULL, NULL, 0, 0, 0, 0),
(33, 4, '2009-12-08 14:25:10', '《蜗居》100句。血淋淋的经典', '100经典蜗居语录', 'http://www.hopejy.cn/space.php?uid=15&do=blog&id=185', '', NULL, '0000-00-00 00:00:00', '0000-00-00 00:00:00', NULL, NULL, 0, 0, 0, 0),
(34, 4, '2009-12-08 14:26:50', '电视剧《蜗居》引热议：嫁给爱情，还是嫁给生活？', '你愿意嫁给爱情还是生活？', 'http://www.hopejy.cn/space.php?uid=15&do=blog&id=186', '', NULL, '0000-00-00 00:00:00', '0000-00-00 00:00:00', NULL, NULL, 0, 0, 0, 0),
(35, 4, '2009-12-08 14:30:37', '[唠家常]你是《蜗居》中的谁？', '你像其中的哪个角色呢？', 'http://www.hopejy.cn/space.php?uid=15&do=blog&id=187', '', NULL, '0000-00-00 00:00:00', '0000-00-00 00:00:00', NULL, NULL, 0, 0, 0, 0),
(36, 4, '2009-12-14 09:35:57', '浅谈如何培养学生自己修改作文', '在作文教学中，引导学生自改作文是一个很重要的环节，一定要改变“老师改，学生看”的传统观念，', 'http://www.hopejy.cn/space.php?uid=280&do=thread&id=203', '', NULL, '0000-00-00 00:00:00', '0000-00-00 00:00:00', NULL, NULL, 0, 0, 0, 0),
(37, 4, '2009-12-14 09:37:59', '您对中小学生恋爱有什么看法?责任在谁,是学校还是家长?', '说说您的看法', 'http://www.hopejy.cn/space.php?uid=26&do=thread&id=114', '', NULL, '0000-00-00 00:00:00', '0000-00-00 00:00:00', NULL, NULL, 0, 0, 0, 0);

-- --------------------------------------------------------

--
-- 表的结构 `comment`
--

CREATE TABLE IF NOT EXISTS `comment` (
  `rid` mediumint(8) unsigned NOT NULL AUTO_INCREMENT COMMENT '评论id',
  `uid` mediumint(8) unsigned NOT NULL DEFAULT '0' COMMENT '用户id',
  `id` mediumint(8) unsigned NOT NULL DEFAULT '0' COMMENT '模块id',
  `idtype` varchar(20) NOT NULL DEFAULT '' COMMENT '回复的模块',
  `authorid` mediumint(8) unsigned NOT NULL DEFAULT '0',
  `author` varchar(15) NOT NULL DEFAULT '',
  `ip` varchar(20) NOT NULL DEFAULT '' COMMENT 'ip',
  `dateline` int(10) unsigned NOT NULL DEFAULT '0' COMMENT '时间',
  `message` text NOT NULL COMMENT '内容',
  `magicflicker` tinyint(1) NOT NULL DEFAULT '0' COMMENT '魔法道具',
  PRIMARY KEY (`rid`),
  KEY `authorid` (`authorid`,`idtype`),
  KEY `id` (`id`,`idtype`,`dateline`)
) ENGINE=MyISAM  DEFAULT CHARSET=utf8 CHECKSUM=1 DELAY_KEY_WRITE=1 ROW_FORMAT=DYNAMIC COMMENT='评论表' AUTO_INCREMENT=26 ;

--
-- 转存表中的数据 `comment`
--

INSERT INTO `comment` (`rid`, `uid`, `id`, `idtype`, `authorid`, `author`, `ip`, `dateline`, `message`, `magicflicker`) VALUES
(1, 1, 2, 'pid', 1, 'he21cn', '127.0.0.1', 1253153437, '<img src="image/face/8.gif" class="face">', 0),
(2, 1, 5, 'pid', 1, 'he21cn', '127.0.0.1', 1253236467, '我要评论', 0),
(20, 1, 3, 'noticeid', 911, 'hope00000062', '192.168.1.3', 1257302352, '<div class="quote"><span class="q"><b>hope00000917</b>: <img src="image/face/1.gif" class="face">不明白</span></div><img src="image/face/24.gif" class="face">不明白就问', 0),
(21, 1, 2, 'noticeid', 911, 'hope00000062', '192.168.1.3', 1258338642, '<img src="image/face/3.gif" class="face">', 0),
(15, 1, 3, 'noticeid', 917, 'hope00000917', '192.168.1.3', 1257301734, '<img src="image/face/12.gif" class="face">', 0),
(14, 1, 2, 'noticeid', 917, 'hope00000917', '192.168.1.3', 1257301723, '<img src="image/face/24.gif" class="face">', 0),
(13, 1, 2, 'noticeid', 917, 'hope00000917', '192.168.1.3', 1257301679, '<img src="image/face/5.gif" class="face">', 0),
(12, 1, 3, 'noticeid', 917, 'hope00000917', '192.168.1.3', 1257301670, '<img src="image/face/11.gif" class="face"><img src="image/face/19.gif" class="face"><img src="image/face/20.gif" class="face">', 0),
(11, 1, 3, 'noticeid', 917, 'hope00000917', '192.168.1.3', 1257301588, '<img src="image/face/1.gif" class="face">不明白', 0),
(22, 1, 2, 'noticeid', 911, 'hope00000062', '192.168.1.3', 1258338646, '<img src="image/face/3.gif" class="face">', 0),
(23, 1, 2, 'noticeid', 911, 'hope00000062', '192.168.1.3', 1258338649, '<img src="image/face/3.gif" class="face">', 0),
(24, 1, 3, 'noticeid', 911, 'hope00000062', '192.168.1.3', 1258423959, '<img src="image/face/24.gif" class="face"> 什么意思?', 0),
(25, 1, 2, 'noticeid', 911, 'hope00000062', '192.168.1.3', 1258424515, '<img src="image/face/12.gif" class="face">', 0);

-- --------------------------------------------------------

--
-- 表的结构 `event`
--

CREATE TABLE IF NOT EXISTS `event` (
  `id` int(11) NOT NULL AUTO_INCREMENT,
  `uid` int(11) DEFAULT NULL,
  `name` varchar(32) DEFAULT NULL,
  `title` text,
  `explain` text,
  `contact` varchar(32) DEFAULT NULL,
  `type` tinyint(4) DEFAULT NULL,
  `sTime` int(11) DEFAULT NULL,
  `eTime` int(11) DEFAULT NULL,
  `address` varchar(255) DEFAULT NULL,
  `cTime` int(11) DEFAULT NULL,
  `deadline` int(11) DEFAULT NULL,
  `joinCount` int(11) NOT NULL DEFAULT '0',
  `attentionCount` int(11) NOT NULL DEFAULT '0',
  `limitCount` int(11) NOT NULL DEFAULT '0',
  `commentCount` int(11) NOT NULL DEFAULT '0',
  `coverId` int(11) NOT NULL DEFAULT '0',
  `optsId` int(11) NOT NULL DEFAULT '0',
  `feedId` int(11) NOT NULL DEFAULT '0',
  PRIMARY KEY (`id`)
) ENGINE=MyISAM DEFAULT CHARSET=utf8 COMMENT='活动表' AUTO_INCREMENT=1 ;

--
-- 转存表中的数据 `event`
--


-- --------------------------------------------------------

--
-- 表的结构 `event_opts`
--

CREATE TABLE IF NOT EXISTS `event_opts` (
  `id` int(11) NOT NULL AUTO_INCREMENT,
  `cost` char(10) NOT NULL DEFAULT '0',
  `costExplain` varchar(255) DEFAULT '0',
  `province` char(10) DEFAULT NULL,
  `city` char(10) DEFAULT NULL,
  `area` varchar(10) DEFAULT NULL,
  `opts` varchar(50) NOT NULL DEFAULT '0',
  `isHot` tinyint(1) NOT NULL DEFAULT '0',
  PRIMARY KEY (`id`)
) ENGINE=MyISAM DEFAULT CHARSET=utf8 AUTO_INCREMENT=1 ;

--
-- 转存表中的数据 `event_opts`
--


-- --------------------------------------------------------

--
-- 表的结构 `event_photo`
--

CREATE TABLE IF NOT EXISTS `event_photo` (
  `id` int(11) NOT NULL AUTO_INCREMENT,
  `eventId` int(11) DEFAULT NULL,
  `uid` int(11) DEFAULT NULL,
  `name` char(10) DEFAULT NULL,
  `filename` varchar(255) DEFAULT NULL,
  `filepath` varchar(255) DEFAULT NULL,
  `savename` varchar(255) DEFAULT NULL,
  `aid` int(11) DEFAULT NULL,
  `cTime` int(11) DEFAULT NULL,
  `commentCount` int(11) NOT NULL DEFAULT '0',
  PRIMARY KEY (`id`)
) ENGINE=MyISAM DEFAULT CHARSET=utf8 AUTO_INCREMENT=1 ;

--
-- 转存表中的数据 `event_photo`
--


-- --------------------------------------------------------

--
-- 表的结构 `event_type`
--

CREATE TABLE IF NOT EXISTS `event_type` (
  `id` int(11) NOT NULL AUTO_INCREMENT,
  `name` varchar(255) DEFAULT NULL,
  PRIMARY KEY (`id`)
) ENGINE=MyISAM  DEFAULT CHARSET=utf8 AUTO_INCREMENT=12 ;

--
-- 转存表中的数据 `event_type`
--

INSERT INTO `event_type` (`id`, `name`) VALUES
(1, '音乐/演出'),
(2, '展览'),
(3, '电影'),
(4, '讲座/沙龙'),
(5, '戏剧/曲艺'),
(8, '体育'),
(9, '旅行'),
(10, '公益'),
(11, '其他');

-- --------------------------------------------------------

--
-- 表的结构 `event_user`
--

CREATE TABLE IF NOT EXISTS `event_user` (
  `id` int(11) NOT NULL AUTO_INCREMENT,
  `eventId` int(11) DEFAULT NULL,
  `uid` int(11) DEFAULT NULL,
  `name` varchar(32) DEFAULT NULL,
  `contact` text,
  `action` char(10) NOT NULL DEFAULT 'attention',
  `status` tinyint(1) NOT NULL DEFAULT '1',
  `cTime` int(11) DEFAULT NULL,
  `feedId` int(11) DEFAULT NULL,
  PRIMARY KEY (`id`)
) ENGINE=MyISAM DEFAULT CHARSET=utf8 AUTO_INCREMENT=1 ;

--
-- 转存表中的数据 `event_user`
--


-- --------------------------------------------------------

--
-- 表的结构 `feed`
--

CREATE TABLE IF NOT EXISTS `feed` (
  `id` int(11) NOT NULL AUTO_INCREMENT,
  `uid` int(11) DEFAULT NULL,
  `username` varchar(255) DEFAULT NULL,
  `type` varchar(255) DEFAULT NULL,
  `title_data` text,
  `body_data` text,
  `cTime` int(11) DEFAULT NULL,
  `appid` varchar(25) DEFAULT '',
  `feedtype` tinyint(3) NOT NULL DEFAULT '0',
  `fid` int(11) NOT NULL DEFAULT '0',
  `cache` text,
  PRIMARY KEY (`id`)
) ENGINE=MyISAM  DEFAULT CHARSET=utf8 AUTO_INCREMENT=14 ;

--
-- 转存表中的数据 `feed`
--

INSERT INTO `feed` (`id`, `uid`, `username`, `type`, `title_data`, `body_data`, `cTime`, `appid`, `feedtype`, `fid`, `cache`) VALUES
(1, 1, '管理员', 'add_friend', 'a:2:{s:4:"user";s:40:"<a href=''{__TS__}/space/1''>管理员</a>";s:5:"fuser";s:37:"<a href=''{__TS__}/space/2''>黄大</a>";}', '0', 1260770316, '', 0, 0, 'a:6:{s:4:"type";s:10:"add_friend";s:2:"id";i:1;s:5:"cTime";i:1260770316;s:3:"uid";i:1;s:5:"title";s:91:"<a href=''__TS__/space/1''>管理员</a> 和 <a href=''__TS__/space/2''>黄大</a> 成为好友";s:4:"icon";s:50:"http://localhost/thinksns/public/images/system.gif";}'),
(2, 2, '黄大', 'add_friend', 'a:2:{s:4:"user";s:37:"<a href=''{__TS__}/space/2''>黄大</a>";s:5:"fuser";s:40:"<a href=''{__TS__}/space/1''>管理员</a>";}', '0', 1260770316, '', 0, 0, 'a:6:{s:4:"type";s:10:"add_friend";s:2:"id";i:2;s:5:"cTime";i:1260770316;s:3:"uid";i:2;s:5:"title";s:91:"<a href=''__TS__/space/2''>黄大</a> 和 <a href=''__TS__/space/1''>管理员</a> 成为好友";s:4:"icon";s:50:"http://localhost/thinksns/public/images/system.gif";}'),
(3, 1, '管理员', 'blog', 'a:1:{s:5:"title";s:56:"<a href="{SITE_URL}/Index/show/id/1/mid/1">放大萨</a>";}', 'a:2:{s:7:"content";s:15:"放大萨发送";s:5:"title";s:0:"";}', 1261033225, '4', 0, 0, 'a:7:{s:4:"type";s:4:"blog";s:2:"id";i:3;s:5:"cTime";i:1261033225;s:3:"uid";i:1;s:5:"title";s:186:"<a style=''white-space: nowrap;'' href=''__TS__/space/1''>管理员</a> 发表了一篇日志：<a href="http://localhost/thinksns/apps/blog/index.php?s=/Index/show/id/1/mid/1">放大萨</a>";s:4:"body";s:15:"放大萨发送";s:4:"icon";s:57:"http://localhost/thinksns/apps/blog/appinfo/ico_app01.gif";}'),
(4, 1, '管理员', 'blog', 'a:1:{s:5:"title";s:56:"<a href="{SITE_URL}/Index/show/id/2/mid/1">放大萨</a>";}', 'a:2:{s:7:"content";s:9:"放大萨";s:5:"title";s:0:"";}', 1261033329, '4', 0, 0, 'a:7:{s:4:"type";s:4:"blog";s:2:"id";i:4;s:5:"cTime";i:1261033329;s:3:"uid";i:1;s:5:"title";s:186:"<a style=''white-space: nowrap;'' href=''__TS__/space/1''>管理员</a> 发表了一篇日志：<a href="http://localhost/thinksns/apps/blog/index.php?s=/Index/show/id/2/mid/1">放大萨</a>";s:4:"body";s:9:"放大萨";s:4:"icon";s:57:"http://localhost/thinksns/apps/blog/appinfo/ico_app01.gif";}'),
(5, 1, '管理员', 'group_create', 'a:1:{s:5:"actor";s:9:"管理员";}', 'a:2:{s:3:"gid";i:1;s:10:"group_name";s:9:"放大萨";}', 1261033391, '12', 0, 1, 'a:7:{s:4:"type";s:12:"group_create";s:2:"id";i:5;s:5:"cTime";i:1261033391;s:3:"uid";i:1;s:5:"title";s:92:"<a style=''white-space: nowrap;'' href=''__TS__/space/1''>管理员</a> 创建了一个新群组";s:4:"body";s:92:" <a href=''http://localhost/thinksns/apps/group/index.php?s=/Group/index/gid/1''>放大萨</a>";s:4:"icon";s:58:"http://localhost/thinksns/apps/group/appinfo/ico_app05.gif";}'),
(6, 1, '管理员', 'group_topic', 'a:3:{s:5:"actor";s:9:"管理员";s:3:"gid";i:1;s:10:"group_name";s:9:"放大萨";}', 'a:3:{s:5:"title";s:3:"123";s:3:"gid";i:1;s:3:"tid";i:1;}', 1261033453, '12', 0, 1, 'a:7:{s:4:"type";s:11:"group_topic";s:2:"id";i:6;s:5:"cTime";i:1261033453;s:3:"uid";i:1;s:5:"title";s:191:"<a style=''white-space: nowrap;'' href=''__TS__/space/1''>管理员</a> 在 <a href=''http://localhost/thinksns/apps/group/index.php?s=/Group/index/gid/1''>放大萨</a> 中发表了一个新话题";s:4:"body";s:91:"<a href="http://localhost/thinksns/apps/group/index.php?s=/Topic/topic/gid/1/tid/1">123</a>";s:4:"icon";s:58:"http://localhost/thinksns/apps/group/appinfo/ico_app05.gif";}'),
(7, 1, '管理员', 'group_topic', 'a:3:{s:5:"actor";s:9:"管理员";s:3:"gid";i:1;s:10:"group_name";s:9:"放大萨";}', 'a:3:{s:5:"title";s:3:"123";s:3:"gid";i:1;s:3:"tid";i:2;}', 1261040927, '12', 0, 1, 'a:7:{s:4:"type";s:11:"group_topic";s:2:"id";i:7;s:5:"cTime";i:1261040927;s:3:"uid";i:1;s:5:"title";s:191:"<a style=''white-space: nowrap;'' href=''__TS__/space/1''>管理员</a> 在 <a href=''http://localhost/thinksns/apps/group/index.php?s=/Group/index/gid/1''>放大萨</a> 中发表了一个新话题";s:4:"body";s:91:"<a href="http://localhost/thinksns/apps/group/index.php?s=/Topic/topic/gid/1/tid/2">123</a>";s:4:"icon";s:58:"http://localhost/thinksns/apps/group/appinfo/ico_app05.gif";}'),
(8, 2, '黄大', 'add_friend', 'a:2:{s:4:"user";s:37:"<a href=''{__TS__}/space/2''>黄大</a>";s:5:"fuser";s:40:"<a href=''{__TS__}/space/1''>管理员</a>";}', '0', 1262749737, '', 0, 0, 'a:6:{s:4:"type";s:10:"add_friend";s:2:"id";i:8;s:5:"cTime";i:1262749737;s:3:"uid";i:2;s:5:"title";s:91:"<a href=''__TS__/space/2''>黄大</a> 和 <a href=''__TS__/space/1''>管理员</a> 成为好友";s:4:"icon";s:50:"http://localhost/thinksns/public/images/system.gif";}'),
(9, 1, '管理员', 'add_friend', 'a:2:{s:4:"user";s:40:"<a href=''{__TS__}/space/1''>管理员</a>";s:5:"fuser";s:37:"<a href=''{__TS__}/space/2''>黄大</a>";}', '0', 1262749737, '', 0, 0, 'a:6:{s:4:"type";s:10:"add_friend";s:2:"id";i:9;s:5:"cTime";i:1262749737;s:3:"uid";i:1;s:5:"title";s:91:"<a href=''__TS__/space/1''>管理员</a> 和 <a href=''__TS__/space/2''>黄大</a> 成为好友";s:4:"icon";s:50:"http://localhost/thinksns/public/images/system.gif";}'),
(10, 1, '管理员', 'vote_add', 'a:1:{s:5:"title";s:51:"<a href=''{SITE_URL}/Index/pollDetail/id/1''>1234</a>";}', 'a:2:{s:3:"url";s:56:"<a href=''{SITE_URL}/Index/pollDetail/id/1''>去投票</a>";s:4:"body";s:27:"1.1<br />2.2<br />3.3<br />";}', 1262828895, '13', 0, 0, 'a:7:{s:4:"type";s:8:"vote_add";s:2:"id";i:10;s:5:"cTime";i:1262828895;s:3:"uid";i:1;s:5:"title";s:173:"<a style=''white-space: nowrap;'' href=''__TS__/space/1''>管理员</a> 发起了投票 <a href=''http://localhost/thinksns/apps/vote/index.php?s=/Index/pollDetail/id/1''>1234</a>";s:4:"body";s:123:"1.1<br />2.2<br />3.3<br />\r\n<a href=''http://localhost/thinksns/apps/vote/index.php?s=/Index/pollDetail/id/1''>去投票</a>";s:4:"icon";s:57:"http://localhost/thinksns/apps/vote/appinfo/ico_app06.gif";}'),
(11, 1, '管理员', 'vote_in', 'a:1:{s:5:"title";s:51:"<a href=''{SITE_URL}/Index/pollDetail/id/1''>1234</a>";}', '0', 1262828929, '13', 0, 0, 'a:6:{s:4:"type";s:7:"vote_in";s:2:"id";i:11;s:5:"cTime";i:1262828929;s:3:"uid";i:1;s:5:"title";s:173:"<a style=''white-space: nowrap;'' href=''__TS__/space/1''>管理员</a> 参与了投票 <a href=''http://localhost/thinksns/apps/vote/index.php?s=/Index/pollDetail/id/1''>1234</a>";s:4:"icon";s:57:"http://localhost/thinksns/apps/vote/appinfo/ico_app06.gif";}'),
(12, 1, '管理员', 'mini', 'a:1:{s:7:"content";s:70:"<img title=''流汗'' src=''{PUBLIC_URL}/images/biaoqing/mini/sweat.gif''>";}', 'a:3:{s:2:"id";i:1;s:3:"uid";i:1;s:3:"con";s:7:"/流汗";}', 1262831743, '3', 0, 0, 'a:7:{s:4:"type";s:4:"mini";s:2:"id";i:12;s:5:"cTime";i:1262831743;s:3:"uid";i:1;s:5:"title";s:233:"<a style=''white-space: nowrap;'' href=''__TS__/space/1''>管理员</a>:<img title=''流汗'' src=''http://localhost/thinksns/public/images/biaoqing/mini/sweat.gif''>  <a href="javascript:void(0)" onclick="hide_reply(this);">收起回复</a>";s:4:"body";s:149:"<input type="hidden" value="/流汗" class="mini_con"><input type="hidden" value="1" class="mini_id"><input type="hidden" value="1" class="mini_uid">";s:4:"icon";s:57:"http://localhost/thinksns/apps/mini/appinfo/ico_app04.gif";}'),
(13, 1, '管理员', 'share_blog', 'a:1:{s:2:"id";i:1;}', 'a:10:{s:4:"name";s:9:"管理员";s:3:"uid";s:1:"1";s:5:"title";s:9:"放大萨";s:5:"intro";s:9:"放大萨";s:5:"aimId";i:2;s:6:"typeId";i:5;s:5:"toUid";i:1;s:10:"toUserName";s:9:"管理员";s:4:"info";s:2:"12";s:2:"id";i:1;}', 1262831945, '11', 0, 0, 'a:7:{s:4:"type";s:10:"share_blog";s:2:"id";i:13;s:5:"cTime";i:1262831945;s:3:"uid";i:1;s:5:"title";s:181:"<a style=''white-space: nowrap;'' href=''__TS__/space/1''>管理员</a> 分享了一个日志 (<a href=''http://localhost/thinksns/apps/share/index.php?s=/Index/content/id/1''>评论</a>)";s:4:"body";s:331:"<div class="lh30 fB"><a href=''http://localhost/thinksns/apps/blog/index.php?s=/Index/show/id/2/mid/1''>放大萨</a></div> \r\n<div class="lh20">来自:<a href=''http://localhost/thinksns/index.php?s=/space/1''>管理员</a></div>\r\n<div class="lh20 cGray2">放大萨</div>\r\n<div class="quote"><p><span class="quoteR">12</span></p></div>";s:4:"icon";s:62:"http://localhost/thinksns/apps/share/appinfo/ico_app_share.gif";}');

-- --------------------------------------------------------

--
-- 表的结构 `feed_del`
--

CREATE TABLE IF NOT EXISTS `feed_del` (
  `uid` int(11) DEFAULT NULL,
  `feedId` int(11) NOT NULL
) ENGINE=MyISAM DEFAULT CHARSET=utf8;

--
-- 转存表中的数据 `feed_del`
--


-- --------------------------------------------------------

--
-- 表的结构 `feed_template`
--

CREATE TABLE IF NOT EXISTS `feed_template` (
  `id` int(11) NOT NULL AUTO_INCREMENT,
  `type` varchar(255) DEFAULT NULL,
  `title` text,
  `body` text,
  PRIMARY KEY (`id`)
) ENGINE=MyISAM  DEFAULT CHARSET=utf8 AUTO_INCREMENT=60 ;

--
-- 转存表中的数据 `feed_template`
--

INSERT INTO `feed_template` (`id`, `type`, `title`, `body`) VALUES
(13, 'photo', '{actor}上传了{num}张照片至{album}', '<div class="left mr5">{pic}</div>'),
(5, 'friend', '{actor} 和 {touser} 成为了好友', ''),
(14, 'record', '{actor} 发了一条记录了: {content}', ''),
(15, 'parking', '{actor}把{car}停在了{xxx}的车位上~~~', ''),
(16, 'share_url', '{actor} 分享了一个网址 (<a href=''{WR}/apps/share/index.php?s=/Index/content/id/{id}''>评论</a>)', '<div class="lh30"><a href=''{url}'' target=''_blank''>{title}</a></div>\r\n\r\n<div class="lh30"><a href=''{url}'' target=''_blank''>{url}</a></div>\r\n\r\n<div class="quote"><p><span class="quoteR">{info}</span></p></div>'),
(17, 'mini', '{actor}:{content}  <a href="javascript:void(0)" onclick="hide_reply(this);">收起回复</a>', '<input type="hidden" value="{con}" class="mini_con"><input type="hidden" value="{id}" class="mini_id"><input type="hidden" value="{uid}" class="mini_uid">'),
(28, 'vote_add', '{actor} 发起了投票 {title}', '{body}\r\n{url}'),
(19, 'blog', '{actor} 发表了一篇日志：{title}', '{content}'),
(20, 'head', '{actor} 上传了新头像', '<img height="50" width="50" src="{src}"/>'),
(27, 'info', '{actor} {content}', ''),
(29, 'vote_in', '{actor} 参与了投票 {title}', ''),
(30, 'event', '{actor} 发起了一个活动: {title}', ''),
(31, 'share_music', '{actor} 分享了一个音乐 (<a href=''{WR}/apps/share/index.php?s=/Index/content/id/{id}''>评论</a>)', '<img class="hand" src="{WR}/apps/share/Tpl/default/Public/images/music.gif" alt="音乐" onclick="javascript:playmusic(''{url}'', this, ''{id}'');" /> <p id="flash_mp3_{id}"></p> <a class="video-close-link" id="mp3_close_{id}" href="javascript:void(0)"  onClick="mp3_close(this)" rel="{id}" style="display:none">收起</a>\r\n\r\n<div class="quote"><p><span class="quoteR">{info}</span></p></div>'),
(32, 'share', '{actor} 分享了一个 {type}', '{title}<br />\r\n{content}'),
(33, 'share_video', '{actor} 分享了一个视频 (<a href=''{WR}/apps/share/index.php?s=/Index/content/id/{id}''>评论</a>)', '<div class="playbutton lh30" id="{id}" rel="{url}" onclick="playflash(this);"> <img class="hand" src="{WR}/apps/share/Tpl/default/Public/images/video_img.gif" style="cursor:pointer"/></div> <p id="flash_video_{id}"></p> \r\n\r\n<a class="video-close-link" id="video_close_{id}" href="javascript:void(0)" onClick="video_close(this)" rel="{id}" style="display:none">收起</a>\r\n\r\n<div class="quote"><p><span class="quoteR">{info}</span></p></div>'),
(34, 'share_flash', '{actor} 分享了一个Flash (<a href=''{WR}/apps/share/index.php?s=/Index/content/id/{id}''>评论</a>)', '<div class="playbutton lh30" id="{id}" rel="{url}" onclick="playflash(this);"> <img class="hand" src="{WR}/apps/share/Tpl/default/Public/images/video_img.gif" style="cursor:pointer"/></div> <p id="flash_video_{id}"></p> \r\n\r\n<a class="video-close-link" id="video_close_{id}" href="javascript:void(0)" onClick="video_close(this)" rel="{id}" style="display:none">收起</a>\r\n\r\n<div class="quote"><p><span class="quoteR">{info}</span></p></div>'),
(35, 'share_blog', '{actor} 分享了一个日志 (<a href=''{WR}/apps/share/index.php?s=/Index/content/id/{id}''>评论</a>)', '<div class="lh30 fB"><a href=''{WR}/apps/blog/index.php?s=/Index/show/id/{aimId}/mid/{uid}''>{title}</a></div> \r\n<div class="lh20">来自:<a href=''{WR}/index.php?s=/space/{uid}''>{name}</a></div>\r\n<div class="lh20 cGray2">{intro}</div>\r\n<div class="quote"><p><span class="quoteR">{info}</span></p></div>'),
(42, 'share_user', '{actor} 分享了一个用户 (<a href=''{WR}/apps/share/index.php?s=/Index/content/id/{id}''>评论</a>)', '<div class="clear: both;padding:5px 0;display:table;">\r\n<div class="left" style="width:70px; padding-top:10px;">\r\n<span class="headpic50">\r\n<a href="{WR}/index.php?s=/space/{uid}"><img src="{userface}" /></a>\r\n</span>\r\n</div>\r\n<div class="left" style="width:300px; padding-top:10px;">\r\n<a href="{WR}/index.php?s=/space/{uid}"><strong>{username}</strong></a>\r\n<div class="lh20">{mini}</div></div></div>\r\n\r\n<div class="quote"><p><span class="quoteR">{info}</span></p></div>'),
(36, 'share_photo', '{actor} 分享了一张相片 (<a href=''{WR}/apps/share/index.php?s=/Index/content/id/{id}''>评论</a>)', '<div class="clear: both;padding:5px 0;">\r\n<div class="left pic140" style="width:140px; padding-top:10px;">\r\n<span class="unLine"> <a href="{WR}/apps/photo/index.php?s=/Index/photo/id/{aimId}/aid/{albumId}/uid/{userId}/type/mAll"> <img style="padding: 2px;border: 1px solid #CCC;" src="{WR}/thumb.php?w=120&h=100&url={photo}" /> </a>\r\n</span>\r\n</div>\r\n<div class="left" style="width:200px; padding:10px 0 0 10px;"> \r\n<div> 相片：<a href="{WR}/apps/photo/index.php?s=/Index/photo/id/{aimId}/aid/{albumId}/uid/{userId}/type/mAll"> {name}</a>\r\n</div>\r\n<div> 相册：<a href="{WR}/apps/photo/index.php?s=/Index/album/id/{albumId}/uid/{userId}"> {albumName}</a> \r\n</div> \r\n<div class="lh20">创建人：\r\n<a href="{WR}/index.php?s=/space/{userId}">{username}</a>\r\n</div>\r\n</div>\r\n </div>\r\n\r\n<div class="quote"><p><span class="quoteR">{info}</span></p></div>'),
(37, 'share_event', '{actor} 分享了一个活动 (<a href=''{WR}/apps/share/index.php?s=/Index/content/id/{id}''>评论</a>)', '<a href="{url}">{title}</a>\r\n发起人:<a href=''{WR}/index.php?s=/space/{uid}''>{name}</a>\r\n\r\n<div class="quote"><p><span class="quoteR">{info}</span></p></div>'),
(38, 'group_create', '{actor} 创建了一个新群组', ' <a href=''{SITE_URL}/Group/index/gid/{gid}''>{group_name}</a>'),
(39, 'group_topic', '{actor} 在 <a href=''{SITE_URL}/Group/index/gid/{gid}''>{group_name}</a> 中发表了一个新话题', '<a href="{SITE_URL}/Topic/topic/gid/{gid}/tid/{tid}">{title}</a>'),
(40, 'group_file', ' {actor} 在 <a href=''{SITE_URL}/Group/index/gid/{gid}''> {group_name}</a> 中上传了一个新文件 ', '<a href="{SITE_URL}/Dir/file/gid/{gid}/fid/{fid}">{name}</a>'),
(44, 'share_picture', '{actor} 分享了一张图片 (<a href=''{WR}/apps/share/index.php?s=/Index/content/id/{id}''>评论</a>)', '<div class="lh20"><a href=''{WR}/apps/Share/index.php?s=/Index/content/id/{id}''><img src=''{WR}/thumb.php?w=120&h=100&url={url}'' /></a></div>\r\n\r\n<div class="quote"><p><span class="quoteR">{info}</span></p></div>'),
(43, 'share_vote', '{actor} 分享了一个投票 (<a href=''{WR}/apps/share/index.php?s=/Index/content/id/{id}''>评论</a>)', '<div class="lh30"><a href=''{WR}/apps/vote/index.php?s=/Index/pollDetail/id/{aimId}'' target=''_blank''>{title}</a></div>\r\n\r\n<div class="lh30">来自:<a href=''{WR}/index.php?s=/space/{uid}''>{name}</a></div>\r\n\r\n<div class="quote"><p><span class="quoteR">{info}</span></p></div>'),
(45, 'share_group', '{actor} 分享了一个群组 (<a href=''{WR}/apps/share/index.php?s=/Index/content/id/{id}''>评论</a>)', '<div class="clear: both;padding:5px 0;">\r\n<div class="left" style="width:70px; padding-top:10px;"><span class="headpic50"><a href="{WR}/apps/group/index.php?s=/Group/index/gid/{aimId}"><img src="{WR}/thumb.php?w=50&h=50&url={logo}" /></a> </span>\r\n</div>\r\n<div class="left" style="width:350px; padding-top:10px;">\r\n<div><a href="{WR}/apps/group/index.php?s=/Group/index/gid/{aimId}">{name}</a></div>\r\n<div class="lh20">{catagory}</div>\r\n<div class="lh20">现有 {membercount} 名成员</div>\r\n<div class="c"></div>\r\n</div>\r\n<div class="quote"><p><span class="quoteR">{info}</span></p></div>\r\n</div>'),
(46, 'share_topic', '{actor} 分享了一个话题 (<a href=''{WR}/apps/share/index.php?s=/Index/content/id/{id}''>评论</a>)', '<div class="lh30 fB"><a href="{WR}/apps/group/index.php?s=/Topic/topic/gid/{gid}/tid/{aimId}">{title}</a></div>\r\n<div class="lh20"><a href=''{WR}/index.php?s=/space/{uid}''>{name}</a></div>\r\n<div class="lh20">群组: <a href="{WR}/apps/group/index.php?s=/Group/index/gid/{gid}">{groupName}</a></div>\r\n<div class="quote"><p><span class="quoteR">{info}</span></p></div>'),
(47, 'share_album', '{actor} 分享了一个相册 (<a href=''{WR}/apps/share/index.php?s=/Index/content/id/{id}''>评论</a>)', '<div class="clear: both;padding:5px 0;display:table;">\r\n<div class="left" style="width:140px; padding-top:10px;">\r\n<span class="photo135 unLine"> <a style="display:block;" href="{WR}/apps/photo/index.php?s=/Index/album/id/{aimId}/uid/{userId}"> <img src="{WR}/thumb.php?w=120&h=100&url={cover}" /> </a>\r\n</span>\r\n</div>\r\n<div class="left" style="width:200px; padding:10px 0 0 10px;">\r\n<div>相册： <a href="{WR}/apps/photo/index.php?s=/Index/album/id/{aimId}/uid/{userId}">{name}</a> \r\n</div> \r\n<div class="lh20">创建人：<a href="{WR}/index.php?s=/space/{userId}">{username}</a>\r\n</div>\r\n</div>\r\n\r\n</div>\r\n<div class="quote"><p><span class="quoteR">{info}</span></p></div>'),
(53, 'blog_import', '{actor}导入了{count}篇日志 <a href=''{SITE_URL}/Index/personal/uid/{uid}''>更多日志</a>', '{title}\r\n<br />\r\n'),
(48, 'group_album', '{actor} 在 <a href=''{SITE_URL}/Group/index/gid/{gid}''> {group_name}</a> 中创建了一个相册', '<a href="{SITE_URL}/Album/getAlbum/gid/{gid}/albumId/{albumId}">{title}</a> '),
(49, 'group_photo', '{actor} 在 <a href=''{SITE_URL}/Group/index/gid/{gid}''>{group_name}</a> 中上传了{num}张新照片', '{url}'),
(54, 'add_friend', '{user} 和 {fuser} 成为好友', ''),
(51, 'group_join', '{actor} {title} ', '<a href=''{SITE_URL}/Group/index/gid/{gid}''>{group_name}</a>'),
(50, 'app_add', '{actor} 安装了应用 {title}', '{content}'),
(52, 'gift', '{actor} 送给 {user} 一个礼物', '{img}</br>\r\n<div class="quote"><p><span class="quoteR">{content}</span></p></div>'),
(55, 'invite_reg', '<a href=''{SITE_URL}/space/{uid}''>{user}</a> 接受了 <a href=''{SITE_URL}/space/{fuid}''>{fuser}</a> 的邀请 加入{site_name}', ''),
(56, 'group_topic_post', '{actor} 回复了话题', '<a href="{SITE_URL}/Topic/topic/gid/{gid}/tid/{tid}">{title}</a>'),
(57, 'game', '{actor} 玩了{name} 游戏获得了{score}分', '点击玩{url}。看看你是否比他强'),
(58, 'blog_comment', '{actor} 评论了 {user} 的日志 {title}', '<div class="quote left" style="clear:none;"><span class="quoteR">{comment}</span></div>'),
(59, 'photo_comment', '{actor} 评论了 {user} 的相片 {picname} ', '<div class="left mr5">{pic}</div>\r\n<div class="quote left" style="clear:none;"><span class="quoteR">{comment}</span></div>');

-- --------------------------------------------------------

--
-- 表的结构 `file`
--

CREATE TABLE IF NOT EXISTS `file` (
  `fileid` mediumint(8) NOT NULL AUTO_INCREMENT,
  `udiskid` mediumint(8) unsigned NOT NULL DEFAULT '0',
  `class_id` mediumint(8) NOT NULL,
  `uid` mediumint(8) unsigned NOT NULL DEFAULT '0',
  `dateline` int(10) unsigned NOT NULL DEFAULT '0',
  `postip` char(20) NOT NULL DEFAULT '',
  `filename` char(100) NOT NULL DEFAULT '',
  `title` char(150) NOT NULL DEFAULT '',
  `type` char(20) NOT NULL DEFAULT '',
  `size` int(10) unsigned NOT NULL DEFAULT '0',
  `unit` varchar(20) NOT NULL,
  `fileext` varchar(20) DEFAULT NULL,
  `filepath` char(60) NOT NULL DEFAULT '',
  `thumb` tinyint(1) NOT NULL DEFAULT '0',
  `remote` tinyint(1) NOT NULL DEFAULT '0',
  PRIMARY KEY (`fileid`),
  KEY `albumid` (`udiskid`,`dateline`)
) ENGINE=MyISAM  DEFAULT CHARSET=utf8 CHECKSUM=1 DELAY_KEY_WRITE=1 ROW_FORMAT=DYNAMIC COMMENT='网盘文件' AUTO_INCREMENT=9 ;

--
-- 转存表中的数据 `file`
--

INSERT INTO `file` (`fileid`, `udiskid`, `class_id`, `uid`, `dateline`, `postip`, `filename`, `title`, `type`, `size`, `unit`, `fileext`, `filepath`, `thumb`, `remote`) VALUES
(2, 12, 1, 1, 1252739391, '127.0.0.1', 'but_home_4_090908.jpg', '', 'image/jpeg', 184955, '', 'jpg', '200909/12/1_1252739391f5g5.jpg', 1, 0),
(3, 13, 16, 1, 1252739232, '192.168.1.44', 'header_roof.gif__60f7.gif', '', 'image/gif', 1146, '', 'gif', '200909/12/1_1252739232J9gB.gif', 1, 0),
(4, 13, 16, 1, 1252739244, '192.168.1.44', 'PuTTY-v0.60.rar', '', 'application/rar', 964363, '', 'rar', '200909/12/1_12527392449368.rar', 0, 0),
(5, 17, 37, 1, 1256194090, '192.168.1.107', '英西峰林.doc', '', 'application/msword', 10752, '', 'doc', '200910/22/1_1256194090Tqvm.doc', 0, 0),
(6, 16, 37, 1, 1256881352, 'unknown', 'TECHNOTES.txt', '', 'text/plain', 16114, '', 'txt', '200910/30/1_1256881352s9SU.txt', 0, 0),
(7, 16, 37, 917, 1257303739, '192.168.1.3', 'test.doc', '测试文件', 'application/msword', 19968, '', 'doc', '200911/4/917_12573037399FrC.doc', 0, 0);

-- --------------------------------------------------------

--
-- 表的结构 `file_udisk`
--

CREATE TABLE IF NOT EXISTS `file_udisk` (
  `udiskid` mediumint(8) unsigned NOT NULL AUTO_INCREMENT,
  `udiskname` varchar(50) NOT NULL DEFAULT '',
  `class_id` mediumint(8) NOT NULL,
  `uid` mediumint(8) unsigned NOT NULL DEFAULT '0',
  `username` varchar(15) NOT NULL DEFAULT '',
  `dateline` int(10) unsigned NOT NULL DEFAULT '0',
  `updatetime` int(10) unsigned NOT NULL DEFAULT '0',
  `filenum` smallint(6) unsigned NOT NULL DEFAULT '0',
  `file` varchar(60) NOT NULL DEFAULT '',
  `fileflag` tinyint(1) NOT NULL DEFAULT '0',
  `friend` tinyint(1) NOT NULL DEFAULT '0',
  `password` varchar(10) NOT NULL DEFAULT '',
  `target_ids` text NOT NULL,
  PRIMARY KEY (`udiskid`),
  KEY `uid` (`uid`,`updatetime`),
  KEY `friend` (`friend`,`updatetime`),
  KEY `updatetime` (`updatetime`)
) ENGINE=MyISAM  DEFAULT CHARSET=utf8 CHECKSUM=1 DELAY_KEY_WRITE=1 ROW_FORMAT=DYNAMIC COMMENT='网盘目录' AUTO_INCREMENT=19 ;

--
-- 转存表中的数据 `file_udisk`
--

INSERT INTO `file_udisk` (`udiskid`, `udiskname`, `class_id`, `uid`, `username`, `dateline`, `updatetime`, `filenum`, `file`, `fileflag`, `friend`, `password`, `target_ids`) VALUES
(14, '我的网盘', 2, 1, 'he21cn', 1252727770, 1252734894, 1, '200909/12/1_12527348943693.ppt', 1, 0, '', ''),
(5, '我的相册', 3, 2, 'test', 1250479555, 1250479555, 0, '', 0, 0, '', ''),
(12, '我的网盘', 1, 1, 'he21cn', 1251679870, 1252739391, 1, '200909/12/1_1252739391f5g5.jpg.thumb.jpg', 1, 0, '', ''),
(13, '我的网盘', 16, 1, 'he21cn', 1252726788, 1252739244, 3, '200909/12/1_12527392449368.rar', 1, 0, '', ''),
(15, '20091016', 40, 911, 'hope00000062', 1255682035, 1255682035, 0, '', 0, 0, '', ''),
(16, '我的网盘', 37, 1, 'he21cn', 1256194089, 1256881352, 2, '200910/30/1_1256881352s9SU.txt', 1, 0, '', ''),
(17, '重要资料', 37, 917, 'hope00000917', 1257303739, 1257303739, 1, '200911/4/917_12573037399FrC.doc', 1, 0, '', ''),
(18, '文档', 37, 911, 'hope00000062', 1257304206, 1257304206, 0, '200911/4/911_1257304206d0cc.doc', 1, 0, '', '');

-- --------------------------------------------------------

--
-- 表的结构 `friend`
--

CREATE TABLE IF NOT EXISTS `friend` (
  `uid` int(11) unsigned NOT NULL DEFAULT '0',
  `fuid` int(11) unsigned NOT NULL DEFAULT '0',
  `fusername` varchar(50) NOT NULL,
  `status` tinyint(1) NOT NULL DEFAULT '0',
  `note` char(50) NOT NULL,
  `dateline` int(10) unsigned NOT NULL DEFAULT '0',
  PRIMARY KEY (`uid`,`fuid`),
  KEY `fuid` (`fuid`),
  KEY `status` (`uid`,`status`,`dateline`)
) ENGINE=MyISAM DEFAULT CHARSET=utf8 ROW_FORMAT=DYNAMIC COMMENT='好友表';

--
-- 转存表中的数据 `friend`
--

INSERT INTO `friend` (`uid`, `fuid`, `fusername`, `status`, `note`, `dateline`) VALUES
(1, 3, 'demo', 1, '', 1260928276),
(3, 1, 'admin', 1, 'tes', 0);

-- --------------------------------------------------------

--
-- 表的结构 `friend_belong_group`
--

CREATE TABLE IF NOT EXISTS `friend_belong_group` (
  `uid` int(11) NOT NULL DEFAULT '0',
  `fuid` int(11) NOT NULL DEFAULT '0',
  `gid` int(11) NOT NULL,
  PRIMARY KEY (`gid`,`fuid`)
) ENGINE=MyISAM DEFAULT CHARSET=utf8 ROW_FORMAT=DYNAMIC COMMENT='好友所属分组表';

--
-- 转存表中的数据 `friend_belong_group`
--


-- --------------------------------------------------------

--
-- 表的结构 `friend_group`
--

CREATE TABLE IF NOT EXISTS `friend_group` (
  `id` int(11) NOT NULL AUTO_INCREMENT,
  `uid` int(11) DEFAULT NULL,
  `name` varchar(255) DEFAULT NULL,
  PRIMARY KEY (`id`)
) ENGINE=MyISAM  DEFAULT CHARSET=utf8 COMMENT='个人好友分组列表' AUTO_INCREMENT=10 ;

--
-- 转存表中的数据 `friend_group`
--

INSERT INTO `friend_group` (`id`, `uid`, `name`) VALUES
(1, 0, '未分组'),
(2, 0, '通过本站认识'),
(3, 0, '通过活动认识'),
(4, 0, '通过朋友认识'),
(5, 0, '亲人'),
(6, 0, '同事'),
(7, 0, '同学'),
(8, 0, '不认识'),
(9, 0, '其他');

-- --------------------------------------------------------

--
-- 表的结构 `gift`
--

CREATE TABLE IF NOT EXISTS `gift` (
  `id` int(11) NOT NULL AUTO_INCREMENT,
  `cid` int(11) NOT NULL COMMENT '分类ID',
  `name` varchar(50) NOT NULL COMMENT '问候',
  `desc` varchar(255) NOT NULL COMMENT '问候说明',
  `imgPath` varchar(255) NOT NULL COMMENT '问候的礼物表现图',
  `status` tinyint(1) NOT NULL COMMENT '问候的礼物状态,1为上架，0为下状',
  `order` smallint(6) NOT NULL COMMENT '问候礼物图排序',
  `ctime` int(10) NOT NULL COMMENT '创建时间',
  `mtime` int(10) NOT NULL COMMENT '更新时间',
  PRIMARY KEY (`id`),
  KEY `name` (`name`)
) ENGINE=MyISAM  DEFAULT CHARSET=utf8 COMMENT='礼物表(系统)' AUTO_INCREMENT=6 ;

--
-- 转存表中的数据 `gift`
--

INSERT INTO `gift` (`id`, `cid`, `name`, `desc`, `imgPath`, `status`, `order`, `ctime`, `mtime`) VALUES
(1, 0, '问候1', '第一个问候', '/范德萨', 1, 2, 1260927523, 1261015200),
(2, 0, '问候1', '第一个问候', '/范德萨', 1, 2, 1260927523, 1261015200),
(3, 0, '问候2', '第一个问候', '/范德萨', 1, 2, 1260927523, 1261015200),
(4, 0, '问候3', '第一个问候', '/范德萨', 1, 2, 1260927523, 1261015200),
(5, 0, '问候4', '第一个问候', '/范德萨', 1, 2, 1260927523, 1261015200);

-- --------------------------------------------------------

--
-- 表的结构 `gift_category`
--

CREATE TABLE IF NOT EXISTS `gift_category` (
  `id` int(11) NOT NULL AUTO_INCREMENT,
  `name` varchar(255) NOT NULL COMMENT '礼物分类名称',
  `desc` varchar(255) NOT NULL COMMENT '简要说明',
  `ctime` int(10) NOT NULL COMMENT '创建时间',
  PRIMARY KEY (`id`)
) ENGINE=MyISAM  DEFAULT CHARSET=utf8 COMMENT='问候管理分类(系统)' AUTO_INCREMENT=4 ;

--
-- 转存表中的数据 `gift_category`
--

INSERT INTO `gift_category` (`id`, `name`, `desc`, `ctime`) VALUES
(0, '未分类', '本分类为系统默认分类，不得删除', 0);

-- --------------------------------------------------------

--
-- 表的结构 `gift_user`
--

CREATE TABLE IF NOT EXISTS `gift_user` (
  `id` int(11) NOT NULL AUTO_INCREMENT,
  `uid` int(11) NOT NULL,
  `touid` int(11) NOT NULL COMMENT '接收者id',
  `username` varchar(50) NOT NULL COMMENT '发送人',
  `toGroupID` int(11) DEFAULT NULL COMMENT '群组ID',
  `gift` int(11) NOT NULL COMMENT '礼物id',
  `content` varchar(255) NOT NULL COMMENT '问候内容',
  `access` tinyint(1) NOT NULL DEFAULT '0' COMMENT '0公开,1悄悄送2匿名送',
  `ctime` int(10) NOT NULL,
  PRIMARY KEY (`id`),
  KEY `toUserid` (`touid`),
  KEY `uid` (`uid`)
) ENGINE=MyISAM  DEFAULT CHARSET=utf8 COMMENT='问候发送表' AUTO_INCREMENT=5 ;

--
-- 转存表中的数据 `gift_user`
--

INSERT INTO `gift_user` (`id`, `uid`, `touid`, `username`, `toGroupID`, `gift`, `content`, `access`, `ctime`) VALUES
(1, 3, 1, 'demo', NULL, 1, 'fdasfas', 0, 1260951417),
(2, 3, 2, 'demo', NULL, 1, 'fdasfas', 0, 1260951417),
(3, 3, 1, 'demo', NULL, 1, '匿名赠送2', 2, 1260951733),
(4, 3, 2, 'demo', NULL, 1, '匿名赠送2', 2, 1260951733);

-- --------------------------------------------------------

--
-- 表的结构 `group`
--

CREATE TABLE IF NOT EXISTS `group` (
  `id` int(11) unsigned NOT NULL AUTO_INCREMENT,
  `uid` int(11) unsigned NOT NULL DEFAULT '0',
  `name` varchar(32) DEFAULT NULL,
  `intro` text,
  `logo` varchar(255) DEFAULT NULL,
  `announce` text,
  `cid0` smallint(6) unsigned DEFAULT NULL,
  `cid1` smallint(6) unsigned DEFAULT NULL,
  `membercount` smallint(6) unsigned NOT NULL DEFAULT '0',
  `threadcount` smallint(6) unsigned NOT NULL DEFAULT '0',
  `postcount` smallint(6) unsigned NOT NULL DEFAULT '0',
  `type` enum('open','limit','close') DEFAULT NULL,
  `need_invite` tinyint(1) NOT NULL DEFAULT '0',
  `need_verify` tinyint(4) DEFAULT NULL,
  `actor_level` tinyint(4) DEFAULT NULL,
  `brower_level` tinyint(4) DEFAULT NULL,
  `openUploadFile` tinyint(1) NOT NULL DEFAULT '0',
  `whoUploadFile` tinyint(1) NOT NULL DEFAULT '0',
  `openAlbum` tinyint(1) NOT NULL DEFAULT '0',
  `whoCreateAlbum` tinyint(1) NOT NULL DEFAULT '0',
  `whoUploadPic` tinyint(1) NOT NULL DEFAULT '0',
  `anno` tinyint(1) NOT NULL DEFAULT '0',
  `ipshow` tinyint(1) NOT NULL DEFAULT '0',
  `invitepriv` tinyint(1) NOT NULL DEFAULT '0',
  `createalbumpriv` tinyint(1) NOT NULL DEFAULT '0',
  `uploadpicpriv` tinyint(1) NOT NULL DEFAULT '0',
  `ctime` int(10) NOT NULL DEFAULT '0',
  `mtime` int(10) unsigned NOT NULL DEFAULT '0',
  `status` tinyint(1) NOT NULL DEFAULT '1',
  `isrecom` tinyint(1) NOT NULL DEFAULT '0',
  `is_del` tinyint(1) NOT NULL DEFAULT '0',
  PRIMARY KEY (`id`)
) ENGINE=MyISAM  DEFAULT CHARSET=utf8 AUTO_INCREMENT=4 ;

--
-- 转存表中的数据 `group`
--

INSERT INTO `group` (`id`, `uid`, `name`, `intro`, `logo`, `announce`, `cid0`, `cid1`, `membercount`, `threadcount`, `postcount`, `type`, `need_invite`, `need_verify`, `actor_level`, `brower_level`, `openUploadFile`, `whoUploadFile`, `openAlbum`, `whoCreateAlbum`, `whoUploadPic`, `anno`, `ipshow`, `invitepriv`, `createalbumpriv`, `uploadpicpriv`, `ctime`, `mtime`, `status`, `isrecom`, `is_del`) VALUES
(1, 1, '第一个群组', '一点结束少', '', '公告', 2, 0, 0, 3, 0, 'open', 0, NULL, NULL, NULL, 0, 0, 0, 0, 0, 0, 0, 0, 0, 0, 1260696662, 0, 1, 0, 0),
(2, 1, '群组额', '啊打', '', '', 2, 0, 0, 0, 0, 'open', 0, NULL, NULL, NULL, 0, 0, 0, 0, 0, 0, 0, 0, 0, 0, 1260718138, 0, 1, 0, 0),
(3, 1, '测试', '发生', '', '', 2, NULL, 0, 0, 0, 'open', 0, NULL, NULL, NULL, 0, 0, 0, 0, 0, 0, 0, 0, 0, 0, 1260721712, 0, 1, 0, 0);

-- --------------------------------------------------------

--
-- 表的结构 `group_attachement`
--

CREATE TABLE IF NOT EXISTS `group_attachement` (
  `id` int(11) unsigned NOT NULL AUTO_INCREMENT,
  `gid` int(11) unsigned DEFAULT NULL,
  `uid` int(11) unsigned DEFAULT NULL,
  `attachId` int(11) unsigned DEFAULT NULL,
  `name` varchar(32) DEFAULT NULL,
  `note` text,
  `filesize` int(10) NOT NULL DEFAULT '0',
  `filetype` varchar(10) DEFAULT NULL,
  `fileurl` varchar(255) DEFAULT NULL,
  `totaldowns` mediumint(6) NOT NULL DEFAULT '0',
  `ctime` int(11) DEFAULT NULL,
  `mtime` varchar(11) NOT NULL DEFAULT '0',
  `status` tinyint(1) NOT NULL DEFAULT '0',
  `is_del` tinyint(1) NOT NULL DEFAULT '0',
  PRIMARY KEY (`id`),
  KEY `gid` (`gid`),
  KEY `gid_2` (`gid`,`attachId`)
) ENGINE=MyISAM DEFAULT CHARSET=utf8 AUTO_INCREMENT=1 ;

--
-- 转存表中的数据 `group_attachement`
--


-- --------------------------------------------------------

--
-- 表的结构 `group_attention`
--

CREATE TABLE IF NOT EXISTS `group_attention` (
  `id` int(11) NOT NULL AUTO_INCREMENT,
  `gid` int(11) NOT NULL,
  `uid` int(11) NOT NULL,
  `ctime` int(10) NOT NULL,
  `mtime` int(10) NOT NULL,
  `is_delete` tinyint(1) NOT NULL,
  PRIMARY KEY (`id`)
) ENGINE=MyISAM  DEFAULT CHARSET=utf8 ROW_FORMAT=DYNAMIC COMMENT='关注群组表' AUTO_INCREMENT=23 ;

--
-- 转存表中的数据 `group_attention`
--

INSERT INTO `group_attention` (`id`, `gid`, `uid`, `ctime`, `mtime`, `is_delete`) VALUES
(1, 37, 1, 2009, 2009, 1),
(2, 37, 1, 2009, 0, 1),
(3, 37, 1, 2009, 2009, 1),
(4, 37, 1, 2009, 2009, 1),
(5, 37, 1, 2009, 2009, 1),
(6, 37, 1, 2009, 2009, 1),
(7, 37, 1, 2009, 2009, 1),
(8, 37, 1, 2009, 2009, 1),
(9, 37, 1, 2009, 2009, 1),
(10, 37, 911, 2009, 2009, 1),
(11, 2, 1, 2009, 2009, 1),
(12, 37, 1, 2009, 2009, 1),
(13, 37, 1, 2009, 2009, 1),
(14, 38, 1, 2009, 2009, 1),
(15, 65, 1, 2009, 2009, 1),
(16, 37, 1, 2009, 2009, 1),
(17, 37, 1094, 2009, 0, 0),
(18, 38, 1, 2009, 0, 0),
(19, 370, 1094, 2009, 0, 0),
(20, 37, 1, 2010, 0, 0),
(21, 40, 1, 2010, 0, 0),
(22, 60, 1, 2010, 0, 0);

-- --------------------------------------------------------

--
-- 表的结构 `group_category`
--

CREATE TABLE IF NOT EXISTS `group_category` (
  `id` mediumint(5) NOT NULL AUTO_INCREMENT,
  `title` varchar(255) DEFAULT NULL,
  `type` tinyint(1) NOT NULL DEFAULT '1',
  `pid` tinyint(3) NOT NULL DEFAULT '0',
  `module` varchar(50) DEFAULT NULL,
  `desc` varchar(255) NOT NULL,
  PRIMARY KEY (`id`)
) ENGINE=MyISAM  DEFAULT CHARSET=utf8 AUTO_INCREMENT=7 ;

--
-- 转存表中的数据 `group_category`
--

INSERT INTO `group_category` (`id`, `title`, `type`, `pid`, `module`, `desc`) VALUES
(5, '子类1', 1, 2, NULL, '发大水'),
(2, '大类1', 1, 0, NULL, '大大大'),
(6, '子类2', 1, 2, NULL, '发生');

-- --------------------------------------------------------

--
-- 表的结构 `group_member`
--

CREATE TABLE IF NOT EXISTS `group_member` (
  `id` int(11) unsigned NOT NULL AUTO_INCREMENT,
  `gid` int(11) unsigned DEFAULT NULL,
  `uid` int(11) unsigned NOT NULL DEFAULT '0',
  `name` char(10) DEFAULT NULL,
  `reason` text,
  `status` tinyint(1) DEFAULT '1',
  `level` tinyint(2) unsigned DEFAULT '1',
  `ctime` int(10) NOT NULL DEFAULT '0',
  `mtime` int(10) unsigned NOT NULL DEFAULT '0',
  PRIMARY KEY (`id`),
  UNIQUE KEY `gid` (`gid`,`uid`),
  KEY `mid` (`uid`)
) ENGINE=MyISAM DEFAULT CHARSET=utf8 AUTO_INCREMENT=1 ;

--
-- 转存表中的数据 `group_member`
--


-- --------------------------------------------------------

--
-- 表的结构 `group_photo`
--

CREATE TABLE IF NOT EXISTS `group_photo` (
  `id` int(11) NOT NULL AUTO_INCREMENT,
  `gid` int(11) DEFAULT NULL,
  `attachId` int(11) DEFAULT NULL,
  `albumId` int(11) DEFAULT NULL,
  `uid` int(11) DEFAULT NULL,
  `status` tinyint(2) unsigned NOT NULL DEFAULT '1',
  `name` varchar(255) DEFAULT NULL,
  `ctime` int(10) unsigned DEFAULT NULL,
  `mtime` int(10) unsigned DEFAULT NULL,
  `info` text,
  `commentCount` int(11) unsigned DEFAULT '0',
  `viewCount` int(11) unsigned DEFAULT '0',
  `savepath` varchar(255) DEFAULT NULL,
  `size` int(11) NOT NULL DEFAULT '0',
  `tags` text,
  `order` int(11) DEFAULT NULL,
  `is_del` tinyint(1) NOT NULL DEFAULT '0',
  PRIMARY KEY (`id`),
  KEY `gid` (`gid`,`albumId`)
) ENGINE=MyISAM DEFAULT CHARSET=utf8 AUTO_INCREMENT=1 ;

--
-- 转存表中的数据 `group_photo`
--


-- --------------------------------------------------------

--
-- 表的结构 `group_photo_cate`
--

CREATE TABLE IF NOT EXISTS `group_photo_cate` (
  `id` int(11) NOT NULL AUTO_INCREMENT,
  `gid` int(11) DEFAULT NULL,
  `uid` int(11) DEFAULT NULL,
  `name` varchar(255) DEFAULT NULL,
  `info` text,
  `ctime` int(10) unsigned DEFAULT NULL,
  `mtime` int(10) unsigned DEFAULT NULL,
  `coverImageId` int(11) DEFAULT NULL,
  `coverImagePath` varchar(255) DEFAULT NULL,
  `photoCount` int(11) DEFAULT '0',
  `status` tinyint(2) unsigned NOT NULL DEFAULT '1',
  `share` tinyint(1) NOT NULL DEFAULT '0',
  `is_del` tinyint(1) NOT NULL DEFAULT '0',
  PRIMARY KEY (`id`),
  KEY `uid` (`uid`),
  KEY `cTime` (`ctime`),
  KEY `mTime` (`mtime`)
) ENGINE=MyISAM DEFAULT CHARSET=utf8 AUTO_INCREMENT=1 ;

--
-- 转存表中的数据 `group_photo_cate`
--


-- --------------------------------------------------------

--
-- 表的结构 `group_post`
--

CREATE TABLE IF NOT EXISTS `group_post` (
  `id` int(11) unsigned NOT NULL AUTO_INCREMENT,
  `gid` int(11) unsigned DEFAULT NULL,
  `uid` int(11) unsigned DEFAULT NULL,
  `tid` int(11) unsigned DEFAULT NULL,
  `content` text,
  `ip` char(16) DEFAULT NULL,
  `istopic` tinyint(1) NOT NULL DEFAULT '0',
  `ctime` int(11) NOT NULL DEFAULT '0',
  `status` tinyint(1) NOT NULL DEFAULT '0',
  `quote` int(11) unsigned NOT NULL DEFAULT '0',
  `is_del` varchar(1) NOT NULL DEFAULT '0',
  `attach` text,
  PRIMARY KEY (`id`),
  KEY `gid` (`gid`,`tid`)
) ENGINE=MyISAM  DEFAULT CHARSET=utf8 AUTO_INCREMENT=16 ;

--
-- 转存表中的数据 `group_post`
--

INSERT INTO `group_post` (`id`, `gid`, `uid`, `tid`, `content`, `ip`, `istopic`, `ctime`, `status`, `quote`, `is_del`, `attach`) VALUES
(1, 1, 1, 1, '话题测试', '127.0.0.1', 1, 1260714935, 0, 0, '0', NULL),
(2, 1, 1, 1, '发大水', '127.0.0.1', 0, 1260714991, 0, 0, '0', NULL),
(3, 1, 1, 2, '飞啊都是', '127.0.0.1', 1, 1260715333, 0, 0, '0', NULL),
(4, 1, 1, 2, '回复一下', '127.0.0.1', 0, 1260718453, 0, 0, '0', NULL),
(5, 1, 1, 2, 'dsfasad', '123.120.76.235', 0, 1260721815, 0, 0, '0', NULL),
(6, 1, 1, 2, 'sdfsaf', '123.120.76.235', 0, 1260723184, 0, 0, '0', NULL),
(7, 1, 1, 2, '恢复', '218.17.180.74', 0, 1260723243, 0, 0, '0', NULL),
(8, 1, 1, 2, '恢复', '218.17.180.74', 0, 1260723376, 0, 0, '0', NULL),
(9, 1, 1, 2, 'hui回复速度', '218.17.180.74', 0, 1260723387, 0, 0, '0', NULL),
(10, 1, 1, 2, '仿盛大', '218.17.180.74', 0, 1260723446, 0, 0, '0', NULL),
(11, 1, 3, 3, 'safsafasdf', '192.168.1.104', 1, 1260782050, 0, 0, '0', NULL),
(12, 1, 3, 3, 'fsadfasf', '192.168.1.104', 0, 1260782053, 0, 0, '0', NULL),
(13, 1, 3, 3, 'sdfafsf', '192.168.1.104', 0, 1260782059, 0, 0, '0', NULL),
(14, 1, 3, 3, 'fasfsadf', '192.168.1.104', 0, 1260782062, 0, 0, '0', NULL),
(15, 1, 3, 2, 'fdsfsafsfdasfadsfasff\r\nf\r\nsafasdfdsdfaf', '192.168.1.104', 0, 1260782071, 0, 0, '0', NULL);

-- --------------------------------------------------------

--
-- 表的结构 `group_topic`
--

CREATE TABLE IF NOT EXISTS `group_topic` (
  `id` int(11) unsigned NOT NULL AUTO_INCREMENT,
  `gid` int(11) unsigned DEFAULT NULL,
  `uid` int(11) unsigned DEFAULT NULL,
  `name` varchar(36) DEFAULT NULL,
  `title` varchar(255) DEFAULT NULL,
  `viewcount` smallint(6) unsigned NOT NULL DEFAULT '0',
  `postcount` smallint(6) unsigned NOT NULL DEFAULT '0',
  `dist` tinyint(1) NOT NULL DEFAULT '0',
  `top` tinyint(1) NOT NULL DEFAULT '0',
  `lock` tinyint(1) NOT NULL DEFAULT '0',
  `addtime` int(11) NOT NULL DEFAULT '0',
  `replytime` int(11) NOT NULL DEFAULT '0',
  `mtime` int(11) unsigned NOT NULL DEFAULT '0',
  `status` tinyint(1) NOT NULL DEFAULT '0',
  `isrecom` tinyint(1) NOT NULL DEFAULT '0',
  `is_del` tinyint(1) NOT NULL DEFAULT '0',
  `attach` text,
  PRIMARY KEY (`id`),
  KEY `gid` (`gid`),
  KEY `gid_2` (`gid`,`uid`)
) ENGINE=MyISAM  DEFAULT CHARSET=utf8 AUTO_INCREMENT=4 ;

--
-- 转存表中的数据 `group_topic`
--

INSERT INTO `group_topic` (`id`, `gid`, `uid`, `name`, `title`, `viewcount`, `postcount`, `dist`, `top`, `lock`, `addtime`, `replytime`, `mtime`, `status`, `isrecom`, `is_del`, `attach`) VALUES
(1, 1, 1, 'Guest', '话题测试', 107, 1, 0, 0, 0, 1260714935, 1260714991, 0, 0, 0, 0, NULL),
(2, 1, 1, 'Guest', '求助的', 99, 8, 0, 0, 0, 1260715333, 2147483647, 0, 1, 0, 0, NULL),
(3, 1, 3, 'demo', 'fasf', 13, 3, 0, 0, 0, 1260782050, 2147483647, 0, 0, 0, 0, NULL);

-- --------------------------------------------------------

--
-- 表的结构 `hope_homework`
--

CREATE TABLE IF NOT EXISTS `hope_homework` (
  `id` mediumint(8) unsigned NOT NULL AUTO_INCREMENT,
  `class_id` mediumint(8) DEFAULT NULL,
  `subject_id` mediumint(8) unsigned NOT NULL,
  `uid` mediumint(8) unsigned NOT NULL DEFAULT '0',
  `username` char(15) NOT NULL DEFAULT '',
  `message` text NOT NULL,
  `viewnum` mediumint(8) unsigned NOT NULL DEFAULT '0',
  `replynum` mediumint(8) unsigned NOT NULL DEFAULT '0',
  `hot` mediumint(8) unsigned NOT NULL DEFAULT '0',
  `dateline` int(10) unsigned NOT NULL DEFAULT '0',
  `date` date NOT NULL,
  PRIMARY KEY (`id`)
) ENGINE=MyISAM  DEFAULT CHARSET=utf8 COMMENT='在线作业表' AUTO_INCREMENT=56 ;

--
-- 转存表中的数据 `hope_homework`
--

INSERT INTO `hope_homework` (`id`, `class_id`, `subject_id`, `uid`, `username`, `message`, `viewnum`, `replynum`, `hot`, `dateline`, `date`) VALUES
(1, 65, 15, 1, 'he21cn', '发大水', 0, 0, 0, 1256003936, '2009-10-19'),
(3, 37, 1, 1, 'he21cn', '第二期小学教师继续教育提高班网络作业\r\n\r\n请结合教学实际，谈谈你的教育体会。（可在两题中任选一题回答）\r\n\r\n一、在参与式活动中，当“学生害怕暴露自己的想法”时，教师该如何应对？\r\n\r\n二、在参与式活动中，教师担心“自己没有尽职，学生没有学到东西”，教师\r\n    该如何进行心理调整？\r\n\r\n要求：\r\n\r\n在完成作业时，首先要注明：姓名、学校、学号及所要回答的问题题目。', 39, 0, 0, 1256025122, '2009-10-20'),
(10, 40, 1, 911, 'hope00000062', '作业内容作业内容作业内容', 0, 0, 0, 1256526583, '2009-10-26'),
(11, 37, 1, 911, 'hope00000062', '第二期小学教师继续教育提高班网络作业 请结合教学实际，谈谈你的教育体会。（可在两题中任选一题回答） 一、在参与式活动中，当“学生害怕暴露自己的想法”时，教师该如何应对？ 二、在参与式活动中，教师担心“自己没有尽职，学生没有学到东西”，教师 该如何进行心理调整？ 要求： 在完成作业时，首先要注明：姓名、学校、学号及所要回答的问题题目。', 0, 0, 0, 1256527085, '2009-10-26'),
(28, 60, 15, 1, 'he21cn', '\r\nThe Definitive Guide to Yii\r\n\r\n    * 开始\r\n          o Yii是什么\r\n          o 安装\r\n          o 创建第一个Yii应用\r\n    * 基本概念\r\n          o 模型-视图-控制器 (MVC)\r\n          o 入口脚本\r\n          o 应用\r\n          o 控制器\r\n          o 模型\r\n          o 视图\r\n          o 部件\r\n          o 路径假名和命名空间\r\n          o 惯例\r\n          o 开发流程\r\n    * 使用表单\r\n          o 概述\r\n          o 创建模型\r\n          o 创建动作\r\n          o 创建表单\r\n          o 收集表格输入\r\n    * 使用数据库\r\n          o 概述\r\n          o 数据库存储对象\r\n          o Active Record\r\n          o 关联Active Record\r\n    * 缓存\r\n          o 概述\r\n          o 数据缓存\r\n          o 片段缓存\r\n          o 页面缓存\r\n          o 动态内容\r\n    * 扩展Yii\r\n          o 概述\r\n          o 使用扩展\r\n          o 创建扩展\r\n          o 使用第三方类库\r\n    * 专题\r\n          o URL管理\r\n          o 验证和授权\r\n          o 皮肤\r\n          o 日志\r\n          o 错误处理\r\n          o Web Service\r\n          o 国际化\r\n          o 模板引擎\r\n          o 命令行应用\r\n          o 安全措施\r\n          o 性能调整\r\n\r\nHome » Documentation » The Definite Guide to Yii » 皮肤\r\n  Also available in these languages:\r\nDeutschEnglishEspañolFrançaisBahasa Indonesia日本語polskiPortuguêsRomâniaРусскийsvenska简体中文\r\nTheming(主题)\r\n\r\nTheming是一个在Web应用程序里定制网页外观的系统方式。通过采用一个新的主题，网页应用程序的整体外观可以立即和戏剧性的改变。\r\n\r\n在Yii，每个主题由一个目录代表，包含view文件，layout文件和相关的资源文件，如图片， CSS文件， JavaScript文件等。主题的名字就是他的目录名字。全部主题都放在在同一目录WebRoot/themes下 。在任何时候，只有一个主题可以被激活。\r\n\r\n    提示：默认的主题根目录WebRoot/themes可被配置成其他的。只需要配置themeManager应用部件的属性basePath和baseUrl为你所要的值。\r\n\r\n要激活一个主题，设置Web应用程序的属性theme为你所要的名字。可以在application configuration中配置或者在执行过程中在控制器的动作里面修改。', 0, 0, 0, 1256715868, '2009-10-28'),
(6, 65, 15, 1, 'he21cn', '发生发生', 0, 0, 0, 1256029003, '2009-10-20'),
(8, 40, 1, 911, 'hope00000062', '朗读课本', 0, 0, 0, 1256173624, '2009-10-22'),
(9, 37, 1, 1, 'he21cn', '第二期小学教师继续教育提高班网络作业\r\n\r\n请结合教学实际，谈谈你的教育体会。（可在两题中任选一题回答）\r\n\r\n一、在参与式活动中，当“学生害怕暴露自己的想法”时，教师该如何应对？\r\n\r\n二、在参与式活动中，教师担心“自己没有尽职，学生没有学到东西”，教师\r\n    该如何进行心理调整？\r\n\r\n要求：\r\n\r\n在完成作业时，首先要注明：姓名、学校、学号及所要回答的问题题目。', 0, 0, 0, 1256181002, '2009-10-22'),
(16, 66, 5, 1, 'he21cn', 'werere', 0, 0, 0, 1256605187, '2009-10-28'),
(13, 40, 1, 911, 'hope00000062', '写一篇小作文', 0, 0, 0, 1256535939, '2009-10-26'),
(14, 38, 1, 911, 'hope00000062', '写一篇小作文', 0, 0, 0, 1256535939, '2009-10-26'),
(15, 37, 1, 911, 'hope00000062', '写一篇小作文', 0, 0, 0, 1256535939, '2009-10-26'),
(30, 66, 5, 1, 'he21cn', '到佛挡杀佛', 0, 0, 0, 1256720662, '2009-10-28'),
(18, 40, 1, 911, 'hope00000062', '预习课文.', 0, 0, 0, 1256709671, '2009-10-28'),
(19, 40, 1, 911, 'hope00000062', '预习课文.', 0, 0, 0, 1256709671, '2009-10-28'),
(20, 37, 1, 911, 'hope00000062', '语文作业是:读写、背诵今天所教的内容。', 0, 0, 0, 1256709898, '2009-10-28'),
(51, 60, 15, 1, 'he21cn', 'fdas', 0, 0, 0, 1260839239, '2009-12-15'),
(52, 65, 15, 1, 'he21cn', 'fdas', 0, 0, 0, 1260839239, '2009-12-15'),
(22, 60, 15, 1, 'he21cn', '321312', 0, 0, 0, 1256712676, '2009-10-28'),
(23, 65, 15, 1, 'he21cn', '321312', 0, 0, 0, 1256712676, '2009-10-28'),
(24, 60, 15, 1, 'he21cn', '321312', 0, 0, 0, 1256712725, '2009-10-28'),
(25, 65, 15, 1, 'he21cn', '321312', 0, 0, 0, 1256712725, '2009-10-28'),
(26, 37, 1, 1, 'he21cn', '地方放', 0, 0, 0, 1256712746, '2009-10-28'),
(27, 37, 1, 1, 'he21cn', '地方放', 0, 0, 0, 1256712776, '2009-10-28'),
(29, 65, 15, 1, 'he21cn', '\r\nThe Definitive Guide to Yii\r\n\r\n    * 开始\r\n          o Yii是什么\r\n          o 安装\r\n          o 创建第一个Yii应用\r\n    * 基本概念\r\n          o 模型-视图-控制器 (MVC)\r\n          o 入口脚本\r\n          o 应用\r\n          o 控制器\r\n          o 模型\r\n          o 视图\r\n          o 部件\r\n          o 路径假名和命名空间\r\n          o 惯例\r\n          o 开发流程\r\n    * 使用表单\r\n          o 概述\r\n          o 创建模型\r\n          o 创建动作\r\n          o 创建表单\r\n          o 收集表格输入\r\n    * 使用数据库\r\n          o 概述\r\n          o 数据库存储对象\r\n          o Active Record\r\n          o 关联Active Record\r\n    * 缓存\r\n          o 概述\r\n          o 数据缓存\r\n          o 片段缓存\r\n          o 页面缓存\r\n          o 动态内容\r\n    * 扩展Yii\r\n          o 概述\r\n          o 使用扩展\r\n          o 创建扩展\r\n          o 使用第三方类库\r\n    * 专题\r\n          o URL管理\r\n          o 验证和授权\r\n          o 皮肤\r\n          o 日志\r\n          o 错误处理\r\n          o Web Service\r\n          o 国际化\r\n          o 模板引擎\r\n          o 命令行应用\r\n          o 安全措施\r\n          o 性能调整\r\n\r\nHome » Documentation » The Definite Guide to Yii » 皮肤\r\n  Also available in these languages:\r\nDeutschEnglishEspañolFrançaisBahasa Indonesia日本語polskiPortuguêsRomâniaРусскийsvenska简体中文\r\nTheming(主题)\r\n\r\nTheming是一个在Web应用程序里定制网页外观的系统方式。通过采用一个新的主题，网页应用程序的整体外观可以立即和戏剧性的改变。\r\n\r\n在Yii，每个主题由一个目录代表，包含view文件，layout文件和相关的资源文件，如图片， CSS文件， JavaScript文件等。主题的名字就是他的目录名字。全部主题都放在在同一目录WebRoot/themes下 。在任何时候，只有一个主题可以被激活。\r\n\r\n    提示：默认的主题根目录WebRoot/themes可被配置成其他的。只需要配置themeManager应用部件的属性basePath和baseUrl为你所要的值。\r\n\r\n要激活一个主题，设置Web应用程序的属性theme为你所要的名字。可以在application configuration中配置或者在执行过程中在控制器的动作里面修改。', 0, 0, 0, 1256715868, '2009-10-28'),
(31, 37, 20, 911, 'hope00000062', '把今天的表现情况填入到习惯表中,看自己成功完成了哪些事情', 0, 0, 0, 1257232268, '2009-11-03'),
(32, 37, 3, 911, 'hope00000062', '后很久很久看看', 0, 0, 0, 1257235171, '2009-11-03'),
(33, 381, 3, 911, 'hope00000062', '后很久很久看看', 0, 0, 0, 1257235171, '2009-11-03'),
(34, 374, 3, 911, 'hope00000062', '后很久很久看看', 0, 0, 0, 1257235171, '2009-11-03'),
(35, 37, 1, 1, 'he21cn', 'gfdgdsfdas', 0, 0, 0, 1257235573, '2009-11-03'),
(36, 37, 1, 1, 'he21cn', 'sdsd', 0, 0, 0, 1257258508, '2009-11-03'),
(50, 37, 20, 911, 'hope00000062', '天气冷了,注意保暖!', 0, 0, 0, 1258508224, '2009-11-18'),
(44, 37, 1, 1, 'he21cn', 'dsfa', 0, 0, 0, 1257407386, '2009-11-05'),
(39, 381, 3, 911, 'hope00000062', 'hghhkjliertytt', 0, 0, 0, 1257302730, '2009-11-04'),
(40, 374, 3, 911, 'hope00000062', 'hghhkjliertytt', 0, 0, 0, 1257302730, '2009-11-04'),
(42, 381, 3, 911, 'hope00000062', 'fghkjgsretr', 0, 0, 0, 1257302974, '2009-11-04'),
(43, 374, 3, 911, 'hope00000062', 'fghkjgsretr', 0, 0, 0, 1257302974, '2009-11-04'),
(49, 37, 1, 1, 'he21cn', 'fsdafasd', 0, 0, 0, 1258425047, '2009-11-17'),
(46, 37, 1, 1, 'he21cn', 'fdasfdas', 0, 0, 0, 1257493401, '2009-11-06'),
(47, 66, 5, 1, 'he21cn', 'fasfas ', 0, 0, 0, 1257493835, '2009-11-02'),
(54, 370, 1, 1094, 'teacher', 'fghhhjjk', 0, 0, 0, 1260861402, '2009-12-15'),
(55, 370, 1, 1094, 'teacher', 'sdgklknmvbjhkhkhfjhjh', 0, 0, 0, 1260943998, '2009-12-16');

-- --------------------------------------------------------

--
-- 表的结构 `hope_job`
--

CREATE TABLE IF NOT EXISTS `hope_job` (
  `jobid` mediumint(8) unsigned NOT NULL AUTO_INCREMENT,
  `class_id` mediumint(8) DEFAULT NULL,
  `subject_id` mediumint(8) unsigned NOT NULL,
  `uid` mediumint(8) unsigned NOT NULL DEFAULT '0',
  `username` char(15) NOT NULL DEFAULT '',
  `subject` char(80) NOT NULL DEFAULT '',
  `message` text NOT NULL,
  `viewnum` mediumint(8) unsigned NOT NULL DEFAULT '0',
  `replynum` mediumint(8) unsigned NOT NULL DEFAULT '0',
  `hot` mediumint(8) unsigned NOT NULL DEFAULT '0',
  `dateline` int(10) unsigned NOT NULL DEFAULT '0',
  `noreply` tinyint(1) NOT NULL DEFAULT '0',
  PRIMARY KEY (`jobid`)
) ENGINE=MyISAM  DEFAULT CHARSET=utf8 AUTO_INCREMENT=3 ;

--
-- 转存表中的数据 `hope_job`
--

INSERT INTO `hope_job` (`jobid`, `class_id`, `subject_id`, `uid`, `username`, `subject`, `message`, `viewnum`, `replynum`, `hot`, `dateline`, `noreply`) VALUES
(1, 37, 3, 1, 'he21cn', '新作业', '作业内容:抄课文,P100-P101一次', 11, 0, 0, 1255589431, 0),
(2, 37, 5, 1, 'he21cn', '复习', '<DIV>复习今天所教的几个英文单词,</DIV>', 7, 0, 0, 1255935827, 0);

-- --------------------------------------------------------

--
-- 表的结构 `hope_mtag`
--

CREATE TABLE IF NOT EXISTS `hope_mtag` (
  `class_id` mediumint(8) unsigned NOT NULL AUTO_INCREMENT COMMENT '班级id',
  `school_id` smallint(6) NOT NULL DEFAULT '0' COMMENT '学校id',
  `threadnum` mediumint(8) unsigned NOT NULL DEFAULT '0' COMMENT '话题数量',
  `postnum` mediumint(8) unsigned NOT NULL DEFAULT '0' COMMENT '回复数量',
  `close` tinyint(1) NOT NULL DEFAULT '0' COMMENT '关闭群组',
  `announcement` varchar(255) NOT NULL DEFAULT '' COMMENT '公告',
  `pic` varchar(150) NOT NULL DEFAULT '' COMMENT '图片',
  `closeapply` tinyint(1) NOT NULL DEFAULT '0' COMMENT '关闭回复',
  `noview` tinyint(1) NOT NULL DEFAULT '0' COMMENT '限制浏览',
  `noreply` tinyint(1) NOT NULL DEFAULT '0' COMMENT '限制回复',
  `nothread` tinyint(1) NOT NULL DEFAULT '0' COMMENT '限制发表',
  `moderator` varchar(255) NOT NULL DEFAULT '',
  `recommend` tinyint(1) NOT NULL DEFAULT '0' COMMENT '推荐班级',
  PRIMARY KEY (`class_id`),
  KEY `threadnum` (`threadnum`)
) ENGINE=MyISAM  DEFAULT CHARSET=utf8 CHECKSUM=1 DELAY_KEY_WRITE=1 ROW_FORMAT=DYNAMIC COMMENT='班级群组表' AUTO_INCREMENT=3 ;

--
-- 转存表中的数据 `hope_mtag`
--

INSERT INTO `hope_mtag` (`class_id`, `school_id`, `threadnum`, `postnum`, `close`, `announcement`, `pic`, `closeapply`, `noview`, `noreply`, `nothread`, `moderator`, `recommend`) VALUES
(1, 1, 7, 39, 0, '放大时间', '', 0, 0, 0, 0, '', 0),
(2, 1, 0, 0, 0, '这个班级的公告', '', 0, 0, 0, 0, '', 0);

-- --------------------------------------------------------

--
-- 表的结构 `hope_notice`
--

CREATE TABLE IF NOT EXISTS `hope_notice` (
  `noticeid` mediumint(8) unsigned NOT NULL AUTO_INCREMENT,
  `class_id` mediumint(8) DEFAULT NULL,
  `uid` mediumint(8) unsigned NOT NULL DEFAULT '0',
  `username` char(15) NOT NULL DEFAULT '',
  `subject` char(80) NOT NULL DEFAULT '',
  `message` text NOT NULL,
  `viewnum` mediumint(8) unsigned NOT NULL DEFAULT '0',
  `replynum` mediumint(8) unsigned NOT NULL DEFAULT '0',
  `hot` mediumint(8) unsigned NOT NULL DEFAULT '0',
  `dateline` int(10) unsigned NOT NULL DEFAULT '0',
  `noreply` tinyint(1) NOT NULL DEFAULT '0',
  PRIMARY KEY (`noticeid`),
  KEY `uid` (`uid`,`dateline`),
  KEY `topicid` (`dateline`),
  KEY `dateline` (`dateline`)
) ENGINE=MyISAM  DEFAULT CHARSET=utf8 AUTO_INCREMENT=4 ;

--
-- 转存表中的数据 `hope_notice`
--

INSERT INTO `hope_notice` (`noticeid`, `class_id`, `uid`, `username`, `subject`, `message`, `viewnum`, `replynum`, `hot`, `dateline`, `noreply`) VALUES
(1, 1, 1, 'he21cn', 'gonggao 共熬', '发生', 10, 0, 0, 1253167155, 0),
(2, 37, 1, 'he21cn', '特色他', '特色他', 25, 6, 0, 1260841542, 0),
(3, 37, 1, 'he21cn', '321321', '312312发撒发撒', 26, 5, 0, 1256713227, 0);

-- --------------------------------------------------------

--
-- 表的结构 `hope_post`
--

CREATE TABLE IF NOT EXISTS `hope_post` (
  `pid` mediumint(8) unsigned NOT NULL AUTO_INCREMENT,
  `class_id` mediumint(8) unsigned NOT NULL DEFAULT '0' COMMENT '班级id',
  `tid` mediumint(8) unsigned NOT NULL DEFAULT '0',
  `uid` mediumint(8) unsigned NOT NULL DEFAULT '0',
  `username` varchar(15) NOT NULL DEFAULT '',
  `ip` varchar(20) NOT NULL DEFAULT '',
  `dateline` int(10) unsigned NOT NULL DEFAULT '0',
  `message` text NOT NULL,
  `pic` varchar(255) NOT NULL DEFAULT '',
  `isthread` tinyint(1) NOT NULL DEFAULT '0',
  `hotuser` text NOT NULL,
  PRIMARY KEY (`pid`),
  KEY `tid` (`tid`,`dateline`)
) ENGINE=MyISAM  DEFAULT CHARSET=utf8 AUTO_INCREMENT=132 ;

--
-- 转存表中的数据 `hope_post`
--

INSERT INTO `hope_post` (`pid`, `class_id`, `tid`, `uid`, `username`, `ip`, `dateline`, `message`, `pic`, `isthread`, `hotuser`) VALUES
(88, 1, 71, 1, 'he21cn', '127.0.0.1', 1253173141, '大家来看看吧', '', 1, '0'),
(89, 1, 71, 1, 'he21cn', '127.0.0.1', 1253175010, '广东省223', '', 0, '0'),
(90, 1, 71, 1, 'he21cn', '127.0.0.1', 1253175099, '发大水3322', '', 0, '0'),
(99, 2, 67, 61, 'wing', '192.168.1.105', 1253606409, '12122121', '', 0, '0'),
(100, 1, 71, 61, 'wing', '192.168.1.105', 1253606553, '122121', '', 0, '0'),
(95, 1, 71, 3, 'test2', '127.0.0.1', 1253176081, '<div class="quote"><span class="q"><b>he21cn</b>: 认识</span></div>和规范化的', '', 0, '0'),
(96, 1, 71, 3, 'test2', '127.0.0.1', 1253176081, '<div class="quote"><span class="q"><b>he21cn</b>: 认识</span></div>和规范化的', '', 0, '0'),
(2, 1, 2, 1, 'he21cn', '127.0.0.1', 1251357714, '2009年08月26日04:07  广州日报\r \r \r \r 泳装模特兼艳舞女郎加丝敏-菲奥里\r \r \r 已经自杀的真人秀明星瑞恩-亚历山大-詹金斯\r \r \r<br/>本报讯 上周，28岁的泳装模特兼艳舞女郎加丝敏·菲奥里的尸体在美国加利福尼亚州的布鲁纳公园里的一个行李箱中被发现，凶手为阻碍警方确认死者身份，将受害者的牙齿拔除，并砍掉手指，不过因死者生前曾做过隆胸手术，警方最终通过她的乳房植入物才确认了她的身份，并确认死者是被人掐死后弃尸。\r \r<br/>之后经过警方的排查，菲奥里的前夫、真人秀明星瑞恩·亚历山大·詹金斯成为本案最大嫌疑人，当时他已逃去了自己的家乡加拿大。美国联邦执法局悬赏25000美元通缉詹金斯，警方认为詹金斯带走了大量的钱款，用于离开美国。\r \r<br/>据报道，某酒店监控录像显示菲奥里和詹金斯一起抵达酒店，但是只有詹金斯一人离开。他离开时带着手提箱，而那个手提箱可能就是藏有菲奥里尸体的箱子。\r \r<br/>然而，令案情峰回路转的是，日前，瑞恩·亚历山大·詹金斯被发现死于加拿大的一家汽车旅馆内。加拿大皇家骑警警官邓肯·庞德接受《温哥华周日报》采访时说，詹金斯看起来是“结束了自己的生命。”唯一的解释只能是畏罪自杀了。\r \r<br/>詹金斯与菲奥里今年3月结婚，但婚姻仅维持到了5月，詹金斯曾对菲奥里施行过家庭暴力。\r \r<br/>据悉，詹金斯曾参加某真人秀节目《Megan Wants a Millionaire》，报称他是加拿大卡尔加里的投资银行家。他在他的家乡卡尔加里曾有过案底，他在2007年1月因为故意伤人而被判缓刑15个月。(星星)\r\n\r\n\r\n\r\n\r\n**************************************************', '', 1, '0'),
(3, 1, 3, 1, 'he21cn', '127.0.0.1', 1251357714, '2009年08月26日01:02  汉网-长江日报 \r<br/>本报讯 (记者万建辉)今晚是七夕夜，武汉一群网友相约偕恋人在武大举办活动，优胜者领养萤火虫一只。萤火虫从何而来？网友说，是找萤火虫养殖专业户扬帆买的。\r \r<br/>28岁的杨帆，2005年毕业于华中科技大学计算机系。当年与女友吵架，杨帆抓了一只萤火虫，让她破涕为笑。一直在寻找创业机会的杨帆灵光一现，何不饲养萤火虫，恋人的需求就是一个永不枯竭的大市场。\r \r<br/>2007年6月，杨帆的首批萤火虫开卖，至今销售额70余万元。他在汉川租下20亩地，聘用3名专职养殖人员，每年投入近10万元。\r \r<br/>“总共2.7万只萤火虫，22日前全部订完，七夕期间的销售额相当于平时一个月。”杨帆说，这段时间电话打爆了，客户来自深圳、成都、云南、乌鲁木齐，情侣、酒吧、婚庆公司、景区和农家乐公司都有。武汉网友24日才打电话过来，他只好从其他客户那里每家减几只，给他们凑了50只。\r \r<br/>城里人见了萤火虫，老人、小孩都会激动得不得了。杨帆说，近一个月，汉口江滩和中山公园的摊贩们才联系他进货，萤火虫生意是先应远，后应近。\r \r<br/>杨帆介绍，萤火虫售出后不吃不喝有一周的存活期，卖给外地客户一般空运，用可透气的塑料瓶装起来，里面放些树枝叶，可喷水，不能积水。\r \r<br/>杨帆说，目前国内没有成型的陆生萤火虫饲养技术，主要是自己摸索出来的，一部分技术来自国外，通过电子邮件咨询外国专家。\r\n\r\n\r\n\r\n\r\n**************************************************', '', 1, '0'),
(4, 1, 4, 1, 'he21cn', '127.0.0.1', 1251357714, '2009年08月26日03:07  现代快报 \r \r \r \r 高铭远和儿子。\r \r \r 　  \r \r<br/>眼看各个学校都要开学了，但他决心带着13岁儿子走遍全国。因此，高铭远给13岁的儿子办理了一年的休学。他认为，这种经历带给孩子的远比课堂要多。\r \r<br/>儿子休学一年随父亲走遍全国\r \r<br/>高铭远，1971年生，在大庆油田工作，曾经当过5年教师。“读万卷书，不如行万里路”，高铭远认为“90后”的孩子不知道什么是挫折，不懂得珍惜幸福生活，在孩子们眼中，得到一切都是理所当然的。于是他毅然决定到儿子的学校为儿子申请休学一年，带着13岁的儿子一起踏上全国之旅，希望以此能让孩子有所改变。他的计划是：从大庆出发途经黑龙江，吉林，辽宁，内蒙古，河北，山西，陕西，最后抵达西藏。\r \r<br/>高铭远曾患有严重的肝硬化，住院10个月，在住院期间，自己调节，研究了一个方法，他认为，这趟旅程，不仅是对疾病的挑战，也是对自我的挑战。\r \r<br/>2009年8月9日，高铭远带着儿子迈出了全国之旅的第一步，途经松原，长春，长白山，丹东，辽阳等地。“每到一个省会城市，我都想和媒体联系一下。”高铭远说，大庆市一家媒体曾经报道过高铭远的事迹。\r \r<br/>住最便宜的旅馆吃简单的饭菜\r \r<br/>“我们是8月22日下午到沈阳的，这里住店比较贵，在招待所住一晚要花60元。”高先生说，“我们到故宫了，可是没有进去，只是在门口转了转，拍了些照片留念。我们一路走来，资金也是一个很重要的问题，不能到每个地方都参观景点，有的时候只是在住宿的旅馆附近转一转。”\r \r<br/>高先生说，半个多月来，孩子有了明显的变化，懂得节约了，在花钱方面很节省。在饭馆吃饭时，最常吃的是饺子，孩子说，吃饺子饭菜都有，不用再另外点菜了，还可以省钱。在这之前，孩子根本意识不到节约是个什么概念。\r \r<br/>全国之旅会让孩子终生难忘\r \r<br/>儿子是大庆第一中学的学生，9月开学上初二，“我特意为他办了一年休学，等这次全国之旅结束后，回来从初一重念，孩子本身是提前一年上的学，这样对他的影响不会太大。”高铭远认为，儿童青少年时期是成长中的重要阶段，之所以休学一年，是利用这个重要时期做远比学习文化知识更重要的事。“我相信，这次全国之旅一定会让孩子终生难忘。”\r \r<br/>高铭远说，在这次出行中，孩子坚持每天写日记。一有时间，还会把随身带来的文化课本拿出来学习。“家里人很支持我。从表面上看，只有我和儿子两个人走，事实上，是全家人一起行动，没有家人的支持，这件事肯定做不了。孩子每天都会和妈妈通电话。”\r \r<br/>高铭远表示，这次全国之旅还有另外一个目的，就是要到全国各地中医大学拜访专家。他强调，“我自己本身不是医生，希望与各地专家探讨肝病康复方面的问题。同时，他希望在接下来的旅程中能与各地学校取得联系，到那里为教师讲讲健康方面知识。”\r \r<br/>教育专家各抒己见\r \r<br/>沈阳市政府督学、教育专家于永昌表示，不赞成孩子父亲的做法，父亲把自己的情趣强加到了孩子身上，“读万卷书，不如行万里路”，这条路不一定非得这么走。他还表示，父亲的动机和创意是好的，只是现在做这件事不太合适，让孩子休学一年去做这种事，于永昌认为没有意义。\r \r<br/>沈阳师范大学教育经济与管理研究所所长、博士生导师孙绵涛教授则对孩子父亲的做法，表示可以理解。孙教授说，在学校学习书本知识固然重要，前往祖国大好河山，了解各地的人文气息，通过非书本知识学习，对孩子成长也是很有益处的。孩子应该受到全面的教育，不能从单一角度分析问题。据《辽沈晚报》\r\n\r\n\r\n\r\n\r\n**************************************************', '', 1, '0'),
(5, 1, 5, 1, 'he21cn', '127.0.0.1', 1251357714, '2009年08月25日23:55  现代金报 \r<br/>金报讯 (记者 蒋振凤 实习生 潜雄斌 摄影 贾磊) 最近，东方论坛有家长发帖“强悍班主任老师，求求你放过我们的孩子”。帖子一出，立刻吸引不少网友的眼光，连日来，有不少网友看了帖子后，对其中谈到的班主任老师表示不满。记者看到，家长帖子中写了上千字的内容，主要从师德、业务和变相体罚学生等几方面，反映了宁波市实验小学三年级一名女班主任不适合担当此职务，要求学校在新学期更换班主任。 \r \r<br/>记者了解到，发帖家长有两位。帖子发出后第二天，该校领导曾对全班30名学生进行家访。昨天，记者分别从发帖家长和海曙区教育局看到了两份内容截然相反的联名信。一份说班主任是好老师，另一份则说是个差老师。到底哪份联名信反映的是真实情况，部分家长所提意见学校能否接受？记者对此进行了调查。\r \r<br/>家长网上列举班主任八大问题\r \r<br/>简单归纳了帖子的内容，主要列举了班主任的八大问题：一、经常骂女同学是十三点，骂男同学是木头。 二、 教育能力欠缺，反怪家长无能。三、变相体罚学生，学生无所适从， 一旦发火，就让全班孩子站着听课，一站就是整节课。到下课时间也不让孩子们喝水，上厕所，为此，还有三年级的孩子因为憋不住而把裤子尿湿的事情发生。四、宁要抄袭作文，打击学生自尊。五、抄默作业重复、思想品德教育、写字课程靠边 。六、挑拨家长与其它任课教师感情；七、 目中无人，狂妄自大 ，老师曾经口出狂言：对我不满，有本事就去告，看领导帮谁？八、 没有公正、公平，事事随心所欲 。就是这样的一位班主任，调进该校从未带班至三年级以上，现在种种迹象表明她要继续带孩子们，家长们真是又急又愁。\r \r<br/>家长坦言：不是逼不得已，我们也不会发帖\r \r<br/>经过多方联系，记者找到了网络发帖的其中一位家长A女士。面对帖子，A女士坦率地告诉记者，这确实是她自己和另外一位家长B女士一起发的。\r \r<br/>A女士对于帖子上的问题，一直强调以上统统属实，并没有夸大的成份。并告诉记者帖子上所说，王老师教养欠佳的行为曾发生在不少学生身上。A女士举了一个例子，说有一次学校布置了一个看图写话的作业，图的原意可能是包饺子，但是由于图是黑白打印的，十分不清晰，很多小孩子都写成了做水果拼盘。这时A女士的女儿告诉记者，当时老师就发脾气骂，你们都是瞎子吗，难道你们的爸爸妈妈也是瞎子吗？A女士告诉记者，老师也是人，不是圣人，发火发脾气是可以理解的，但是这样子骂孩子已经不对了，连同我们家长也一起骂进去，我们也是有尊严的。A女士告诉记者，当时小孩回家来跟她说的时候就十分恼火了。从那次开始，A女士就要求女儿以后在学校无论是好事还是坏事回家后必须要告诉自己。\r \r<br/>几次犯下低级错误，真的是教学能力有问题吗？\r \r<br/>谈到王老师的教学能力，A女士叫女儿拿来了这个学期的暑期作业，在暑期作业上，记者看到一道填空题：(百)年树木 *(十)年树人=各有(千)秋，记者问到这不是做错了吗。后来记者在别的学生的作业本里也发现了同样答案。A女士的女儿告诉记者，7月31号的时候，学生都要求返校，这些已经核对过答案了，是正确答案，全班都是这样的。\r \r<br/>A女士还告诉记者，在女儿上二年级下学期的时候，单位测试的试卷上有一道是非题：我国有56个少数民族。这道题应该判断是错。当时自己以为是老师改错了，在女儿带回来的试卷上也进行了批注，很委婉地告诉老师这道题目改错了。没想到第二天王老师竟然打来电话责问，称自己是对的，语气十分不好听，但是王老师后来也就轻描淡写地承认了自己的错误，说，这道题目全年级都错了，后来还请教了高年级的老师。A女士说，这是不是很滑稽，这种最基础的问题，还全年级都不知道？\r \r<br/>学生集体罚站，一个女生竟然尿了裤子？\r \r<br/>对于帖子上，王老师让学生罚站，学生因为憋不住而把裤子尿湿的事情，A女士说，这个事情不是发生在自己女儿身上，是发生在另外一个女学生身上的。A女士的女儿告诉记者，尿裤子的同学因为是女孩子，怕羞还不敢说，裤子就一直是湿着的。A女士说，这都三年级了，又是一个女孩子，这样的事情发生，还真担心会对孩子以后有影响。\r \r<br/>A女士的女儿最后告诉记者，班主任很凶，经常会拿着笔盒打我们的头。\r \r<br/>记者随即采访到另外一个发帖的家长B女士，记者也反复求证了A女士说过的话。B女士递给记者一张八人的联名信，也都认为这个班主任不适合担当现在的位置。A女士告诉记者，有不少家长要求换班主任，因为顾虑多，又不敢签字。\r \r<br/>采访中的几位家长表示，他们只要求学校召开一次家长会，让家长公开不记名投票，公平公正地决定班主任换与否？\r \r<br/>据了解，该贴7月13日发出后，7月14日，宁波市实验小学立即采取行动，相关领导带着几个老师分几路对三年级302班30名学生进行了家访。走访结果如何？帖子内容是否属实？部分家长提出的这个要求学校是否能够接受？带着一系列的问题，昨天下午记者来到了宁波市实验小学。\r \r<br/>班主任回应：我说女同学十三点，是有原因的\r \r<br/>据家长反映，7月14日参与走访家长的学校领导除几位老师外，还有学校的一位副校长陈霞和教导处的工作人员。记者在学校门口电话联系上陈霞，表明来意后，陈霞说，马上去海曙区教育局开会，采访要先和海曙区教育局打招呼。到了海曙区教育局后，记者打了多个电话，还是没有约到该校领导和当事老师进行采访。在海曙区教育局局长徐健的帮助下，当事人王老师打来电话。解释了帖子中部分内容。\r \r<br/>“我说女同学十三点，是有原因的，曾有家长反映，班里有学生看黄色诗歌，我不知道是谁，最后查出来是个女同学，我就问她了；骂男同学是木头，是因为有个小朋友一直学不好，我着急，就那样说他，但是后来家长跟我讲过后，我就改正了！”\r \r<br/>对于家长反映”教育能力欠缺“，王老师说，“我国有56个少数民族，其实这是以前的事情了，也和家长解释过了，当时是整个年级都出现了笔误。随后，王老师不愿意谈太多，只是要求记者去采访学校领导。\r \r<br/>副校长陈霞一只推说没有时间，而不接受采访，记者等到教育部门的会议结束，陈霞表示要回家中料理孩子，没有时间接受采访。\r \r<br/>教育局：没有收到家长投诉\r \r<br/>记者来到海曙区教育局局长办公室。记者表明来意后，徐健局长放下手头工作，给记者拿出了一打装订整齐的资料，打开后，记者发现，都是与该帖子内容有关的资料。其中，一份是2009年7月24日302班的部分家长签名，但内容与发帖家长手中所持联名信截然相反。还有一份，标有“附二部分家访记录”，内容是对23位家长的家访记录，都表示王老师工作负责。\r \r<br/>徐健局长强调，网络上发帖家长对老师有意见可以到学校或者是教育局反映情况，如果家长反映到这里，教育局一定会调查这件事情，但是，家长一直没有来到这里投诉，这件事情，还是学校上报上来的。所以教育部门并没有对这件事情进行调查。\r \r<br/>这名班主任到底如何？事关30个家庭的孩子教育问题，希望教育部门能够认真调查调查。\r\n\r\n\r\n\r\n\r\n**************************************************', '', 1, '0'),
(6, 1, 6, 1, 'he21cn', '127.0.0.1', 1251357714, '2009年08月26日02:27  东方早报 \r<br/>东方早报记者 陈静思 发自北京\r \r<br/>央视新址大火事件过去已逾半年。针对这起大火的渎职侵权调查，目前已延伸至工程的经济问题。\r \r<br/>昨天，早报记者从相关部门获悉此案的最新进展：目前已有更多涉及此案人员被相关方面控制。其中，第一批涉案人员正在被移送起诉，第二批仍处于侦查阶段。\r \r<br/>有知情人士昨天对早报记者称，“越来越多的人被抓起来了”。早报记者昨天从相关部门了解到，随着央视新址大火案调查的进一步深入，工程监管部门部分相关人员也被列为调查对象。知情人士称，被调查者中包括北京市建委人员，以及承揽央视新址工程B标段(即北配楼)的北京城建集团一名项目负责人。\r \r<br/>今年2月9日，即元宵夜的20时27分，北京市朝阳区东三环中央电视台新址园区在建的附属文化中心大楼工地发生火灾，造成1名消防人员遇难，7人受伤。\r \r<br/>大火发生后，原央视新址办主任徐威等4名央视新址办员工被警方带走接受调查，徐威随后被刑事拘留。之后，央视新址办包括原副主任王世荣、综合业务处副处长邓炯慧、工程处副处长胡德斌、技术处副处长耿晓卫等十余人因牵涉央视大火案先后被刑事拘留。3月13日，徐威等12人被北京检方正式批捕，罪名均为涉嫌危险物品肇事罪。\r\n\r\n\r\n\r\n\r\n**************************************************', '', 1, '0'),
(7, 1, 0, 1, 'he21cn', '127.0.0.1', 1251357714, '原文网址 www.fanfucn.com\r \r 武汉市国土资源和房产管理局无视辖下大面积耕地被破坏 \r \r \r \r 作者：葛树春 伍爱国  来源：中国反腐维权网、民间舆论监督联盟  \r \r --无征地手续“征地” 补偿款仅为12000元/亩 还要3年付清\r \r （民间舆论监督联盟法制周末网讯 作者 葛树春 伍爱国） 武汉市经济技术开发区建于1991 年 5 月, 1993 年4月经国务院批准为国家级经济技术开发区。2008 年10月武汉市经济技术开发区军山街新团村却被该一公司以村民自治的名义拆迁，属于村民的集体土地将被以12000元/亩的价格征用，武汉市经济技术开发区相关负责人却声称这拆迁征地是新团村民自治。。 \r \r \r \r （征地人为新团村的《征地协议》）\r \r 新团村村民解为国一家是新团村此次拆迁征地的受害者之一，在拆迁方拿不出任何关于拆迁合法手续的情况下，解家刚刚修建起来的2 层楼房被迫拆除，解家近5.8 亩的耕地在没有同意被征用的情况下被强行推为平地。 \r \r 如在武汉市经济技术开发区承包土地用于兴建厂房等建设，每亩地要向有关部门缴纳价格不菲的地租，而一份征地人为新团村的《征地协议》显示：武汉经济技术开发区军山街道办有内部征地文件，新团村所征用的土地价格仅为 12000 元一亩，征地款还要分3 年付清。！ \r \r \r \r (武汉经济技术开发区新团村被毁的耕地)\r \r 我国土地管理法规定，征收基本农田必须由国务院批准，征用国务院批准之外的土地应由省、自治区、直辖市人民政府批准。土地利用总体规划经依法批准后人民政府应当在本行政区域内予以公告。暂且不说武汉市经济技术开发区军山街道办新团村有无权利实施征地行为，即便其有征地权，但有无得到任何政府部门的批准？武汉经济技术开发区军山街道办新团村更未遵守我国《土地管理法》中所规定的、征收耕地的补偿费用包括土地补偿费、安置补助费以及地上附着物和青苗的补偿费。征收耕地的土地补偿费，为该耕地被征收前 3 年平均年产值的 6 至 10 倍。至于国土资源部印发的《关于完善征地补偿安置制度的指导意见》中土地补偿费和安置补助费合计按 30 倍计算，占用基本农田的，征地补偿按当地人民政府公布的最高补偿标准执行。武汉市经济技术开发区军山街道办新团村更是没有执行！ \r \r 2009 年 4 月，武汉市经济技术开发区一工作人员声称发生在新团村的拆迁征地行为是村民自治行为。“如果全中国都把非法拆迁征地行为统称为自治行为，那还要《土地管理法》《城市房屋拆迁管理条例》做什么？” 一位被非法征地村民气愤地说！ \r \r 现今的武汉市经济技术开发区军山街道办新团村，村民们原有的房屋已经被拆除，属于村民的耕地已经被数十辆挖土机夷为平地。解为国一家为此多次上告至有关部门，但至今无果。 \r \r \r \r （武汉市国土资源与房产管理局下发的糊涂答复）\r \r 众所周知非法征地、破坏耕地是刑事犯罪，面对解为国一家的多次举报，武汉市国土资源和房产管理局竟然在对举报人的信访答复中写到：没有发现发生在武汉市经济技术开发区军山街道办新团村的非法征地破坏耕地行为有违法之处。 \r \r 如果不是解为国一家亲历自己的耕地被非法夷为平地，谁会多次到有关部门上告非法征地破坏农田一事？如果不是武汉市国土资源和房产管理局尸位素餐，武汉市经济技术开发区新团村的非法征地、破坏耕地行为怎能不被查处？ \r \r 面对中国反腐维权网的向湖北各领导的举报，曾有武汉经济技术开发区负责人声称开发区军山街道办新团村并不存在征地行为，推地是在为老百姓翻地。 \r \r \r \r 但是，铁的事实就在面前，征地人为军山街道办新团村委会的公章在那里，详细的征地方案在那里，更为铁的事实是原武汉市经济技术开发区军山街道办新团村村民所用有的耕地早已被夷为平地，懂农作物生长原理的人一看便知道，由于原来的耕地被夷为平地导致耕地中的土壤耕作层被破坏，已失去粮食综合生产能力，这就是在非法征地，这就是在破坏耕地，无需任何人狡辩，事实就在眼前！ \r \r 我国刑法第三百四十二条 : “违反土地管理法规，非法占用耕地、林地等农用地，改变被占用土地用途，数量较大，造成耕地、林地等农用地大量毁坏的，处五年以下有期徒刑或者拘役，并处或者单处罚金。”  最高人民法院《关于审理破坏土地资源刑事案件具体应用法律若干问题的解释》规定，非法占用耕地“数量较大”，是指非法占用基本农田 5 亩以上或者非法占用基本农田以外的耕地 10 亩以上。 \r \r \r \r （在耕地上施工 没有违法？）\r \r 仅武汉经济技术开发区新团村民解为国一家被铲平的耕地就有5.8亩，粗略的统计一下整个新团村被破坏的耕地应达数百亩，如果按一个人非法破坏10 亩判刑，那么新团村的非法征地、破坏耕地行为一定能够判刑几十个人！ \r \r 遗憾的是，解为国一家从 2008 年底便开始四处上告新团村非法拆迁征地这一行为，但国土资源局给谢家的答复却是经调查没有发现新团村有违法行为。甚至武汉市国土资源和房产管理局局长在收到中国反腐维权网所撰写的长达7 页的举报信后，曾有武汉市国土资源和房产管理局工作人员和解为国一家取得联系，声称武汉市经济技术开发区的征地行为和武汉市国土资源和房产管理局没有关系。 \r \r 武汉市国土资源和房产管理局 好比一只捉老鼠的猫，武汉市经济技术开发区新团村好比一只老鼠，当猫不捉老鼠的时候可想而知老鼠会怎样一个胆大妄为 我们不禁质疑，是什么原因 武汉市国土资源和房产管理局 如此漠视其辖下非法征地破坏耕地，又是什么原因让 武汉市国土资源和房产管理局 面对武汉市经济技术开发区军山街道办新团村 的非法征地破坏耕地行为坐视不管。“不知道它们（ 武汉市国土资源和房产管理局 ）成天都在干什么，我们新团村那么多耕地在没有手续的情况下被铲平，它们（武汉市国土资源和房产管理局）居然说它们（武汉市经济技术开发区）没有违法！真不知道它们（ 武汉市国土资源和房产管理局 ）的人有没有亲自到新团村实地来考察一下！”一新团村民如是说！ \r \r 根据武汉市国土资源和房产管理局所下发武汉市经济技术开发区军山街道办新团村没有违法的信访答复，解为国一家根据法律规定强烈要求追究武汉市国土资源和房产管理局相关人员玩忽职守罪。而我国法律规定，土地行政主管部门的工作人员玩忽职守、滥用职权、徇私舞弊，构成犯罪的要依法追究刑事责任；同时中国反腐维权网也建议武汉市国土资源和房产管理局学习一下《土地管理法》以及我国关于土地方面的政策法规，因为现在不是什么“指鹿为马”的时代。 \r \r 民间舆论监督联盟中国反腐维权网顺便提醒一句，终日尸位素餐颠倒是非置事实于不顾只会遭到纳税人乃至国人的唾弃！\r \r \r \r 湖北省国土资源厅法规处告诉举报人：如认为自己权益受到侵犯可向公安机关报案\r \r 民间舆论监督联盟中国反腐维权网除对武汉市国土资源和房产管理局无视辖下武汉市经济技术开发区内的非法征地破坏耕地行为表示惊愕外，还将联合民间舆论监督联盟全面披露武汉市国土资源和房产管理局 无视辖下非法征地大面积破坏耕地和其 尸位素餐的不作为。最后披露武汉市经济技术开发区军山街道办新团村所发生的非法拆迁低价补偿、非法征地低价补偿事件！欢迎全世界媒体关注！ （葛树春 伍爱国）\r \r 相关链接：\r \r 中华人民共和国土地管理法\r \r 河南桐柏县一镇政府非法征地农民24亩良田被毁\r \r 山西太原村委主任非法占地300亩被判刑\r \r 青年发帖举报家乡违法征地遭跨省追捕\r  \r \r\n\r\n\r\n\r\n\r\n**************************************************', '', 1, '0'),
(8, 1, 7, 1, 'he21cn', '127.0.0.1', 1251357714, '2009年08月26日 14:25人民网 \r \r 无法按照承诺在6月底开服的魔兽世界，于6月30日23点多推出战网绑定，以安抚焦急等待开服的玩家。玩家只要提供帐号名和原邮箱等资料即可以绑定战网帐号。这样简便的操作给部分玩家带来了方便，但是却存在极大的安全漏洞，尤其是对于购买游戏帐号的玩家，卖家只要利用曾经的帐号资料抢先进行绑带，即可找回已经售出的游戏帐号。据了解，已有倒卖帐号的商家利用该漏洞找回了相当多的游戏帐号，并继续进行倒卖骗钱，一时间卖号骗子泛滥成灾。\r \r 截止到8月21日，已有上百位Wower向315消费电子投诉网（www.315ts.net）反映了帐号被骗问题，投诉量还在不断增加中。接到投诉后，315TS工作人员均第一时间将投诉情况反馈给了网易，但至截稿时止，网易仍然没有就此事作任何答复和处理。\r \r 玩家经历:账号被卖家利用漏洞找回\r \r 上海的张先生向315TS反映，2007年他通过网上交易购得魔兽世界的游戏帐号，当时号内角色为45级，经过苦心经营，角色到了70级，并获得顶级装备，其中花费了无数的心血和精力，玩魔兽也成了他工作之余最大的生活乐趣。该帐号从购买到6月7日魔兽世界更换代理停服时，一直无事。\r \r 但在网易战网重新开始绑定后，张先生于7月10日登陆战网，通过密保等程序绑定帐号时，却发现该帐号已被人恶意绑定。张先生第一时间根据现有资料申请找回帐号，并成功找回帐号，当时他隐约觉得提交旧的邮箱、密报和手机绑定会让卖号商家利用，但因为帐号已经顺利找回，心情比较愉快，也就没有太在意了。\r \r 期间游戏帐号没什么异常，不过绑定邮箱收到了一封密码修改确认信，张先生知道这是盗号者在尝试修改自己的密码，没有确认。\r \r 7月25日，张先生意外发现，自己的游戏帐号再次被人恶意绑定，进行了无数次申诉，结果均是资料不正确无法通过，张先生这时感到了问题的严重，禁不住质问网易:为什么自己的游戏帐号在九城运营时被保护得很好，但到了网易手里却被人抢走？\r \r 随后，张先生发现自己的游戏帐号已在淘宝被挂牌出售，通过无间道式的聊天后他得知，该卖家已经通过同样的方式恶意绑定了数百账号，目前这些账号暂不出售，要等开服后进入游戏确认里面的装备情况和虚拟游戏币数量后再定价销售，不过已经有很多人预定了账号。卖家得意洋洋的告诉张先生，这次多亏了网易，要是以前，找回这么多游戏账号是不可能的。\r \r 魔兽世界内测交易量飙升骗子泛滥\r \r 7月30日，魔兽世界开始内测，5173、淘宝上的魔兽世界交易开始活跃起来，据5173的交易统计数据显示，魔兽世界每周交易量开始升到了前三位，其中帐号交易为数众多。8月份以来，315TS陆续接到玩家的投诉，反映自己在5173或淘宝上购买的魔兽世界游戏账号被卖家恶意找回，致使钱财两空。\r \r 8月18日，黑龙江的郑先生在5173上购买了一个魔兽世界的游戏帐号，买后郑先生第一时间修改了战网的邮箱密码。8月19日中午，正在游戏时突然掉线，再次登陆提示密码错误，不明白怎么回事的郑先生联系网易客服才得知是账号被恶意找回。\r \r 湖北的朱先生也是魔兽战网漏洞的受害者之一，他在5173购买了魔兽世界账号进入游戏后，有玩家告诉他，前不久他也在5173买过此号，但没几天就被找回去了，这个卖家已经通过该方式骗了很多人。\r \r 类似的投诉案例在315TS上不枚胜举，可见这并非个案，而是非常严重问题，此事该如何处理，网易真该好好反思一下。\r \r 玩家针对此类纠纷的建议处理方案\r \r 对于网易魔兽世界的账号绑定系统，初步设定需要提供账号名、密码、原邮箱及密保等设定，张先生认为还是比较合理的，但是在账号纠纷处理时就出现了漏洞。\r \r 现在网易对待账号纠纷是这样处理:申诉账号不用填当前绑定邮箱，只需提供账号资料，提供资料详细者就成了账号归属者；如果资料相同，客服答复是按提交的先后顺序，先到先得。这样就意味着卖家可以利用时间点，抢先把账号申诉回来。\r \r 而前魔兽世界运营商九城处理账号纠纷是根据当前绑定邮箱和手机，鉴于游戏账号是购买的，无法修改身份证，故修改邮箱和手机绑定是交易成功的前提，以确保不让不诚信卖家找回账号。为什么网易没有采取同样的方式来处理账号纠纷呢？\r \r 对此，张先生建议网易处理账号纠纷时，以第九城市移交给网易魔兽世界工作组时的最终注册资料为准，并提出以下解决方案:\r \r 1、使用注册邮箱进行绑定。\r \r 原因:原第九城市的注册邮箱认证是需要前邮箱的确认，这是帐号网上交易成功的重要依据。\r \r 2、使用原第九城市的密保卡进行确认 须填原密保序列号。\r \r 原因:这是原第九城市的重要保密措施。盗号者能盗走密保码但盗不走序列号，因为平时使用不需要序列号。\r \r 3、使用原第九城市的绑定手机，如无手机绑定的账号会有双重密码。\r \r 原因:手机绑定是第九城市帐号安全的重要保证，第一时间可以锁号改密码，无须上网，用此功能的人比较多。\r \r 4、使用原第九城市的注册身份证发送复印件（网络中称“附件”）。\r \r 原因:不管是帐号是买卖的还是自己的，发送注册身份证复印件是解决纠纷的重要依据。\r \r 鉴于纠纷账号在7月30日开服后会流入市场，并可能再次被卖家找回，以便继续牟利，故建议网易将争议账号先行冻结，直至解决方案出台，以避免更多的无辜玩家蒙受损失。\r \r 网易不予回应安全问题 没有精力处理投诉\r \r 从7月2日产生第一宗关于战网绑定问题的投诉后，315消费电子投诉网工作人员就陆续将接到的投诉反馈给网易客服部，但是一直没有接到对方的任何回复，而据玩家反馈，网易也没有任何的回访电话和处理措施。自7月8日以来，315TS就没有再接到网易有关投诉的处理回复。\r \r 针对网易不处理投诉一事，315TS工作人员联系网易客服部相关负责人罗小姐，其建议315TS直接与公关部经理梁小姐沟通。公关部梁小姐表示，因投诉量太大，已经没有那么多的人手和精力处理。\r \r 而对于目前众多玩家反馈的战网安全性问题，尽管315TS工作人员多次督促网易尽快处理，但遗憾的是，网易方面没有任何回应。（315消费电子投诉网 剑秋桐）\r\n\r\n\r\n\r\n\r\n**************************************************', '', 1, '0'),
(9, 1, 8, 1, 'he21cn', '127.0.0.1', 1251357714, '决定写这篇帖子的时候心情很是沉重，面对这样一个法制健全的国家，我们众多被筑诚嘉信骗过的租房群体，竟然不知道该如何投诉你，我们尝试过110，3.15、北京7日节目、消费者协会、北京房地产交易网站等等手段投诉，均没有取得好的成效，有的以不是自己的职权范围不予理睬，有的呢，做做表面的文章，可是这个黑中介，还在继续行骗，更过的被害人群加人到抵抗黑中介联盟的QQ群里面【11678828】。我之所以选择把这个帖子放在天涯社区，是希望这个开放的平台能让我们的呼声传出去，我希望有关部门能出面整治他们。\r \r       我记得群里面有个被这个黑中介10几个业务人员围攻，威胁要打她的女孩，她曾经在群里面哭诉的说道：“我那天就想我要是新加坡人多好都笑话明星转国籍 我是没条件 否则我决不作中国人太没人权了。”听到这句话的时候我心里很痛，这个话语可能偏于激动，但是事实情况是我们究竟怎样才能维权？？？？？？\r \r        筑诚嘉信前身：筑诚嘉信的前身是长丰康盛，这个公司之前也被投诉过N多次，大家可以百度一下，看看他们的信誉，之前租给一个公司一套房子当宿舍，结果煤气泄露造成7个或8个？员工死亡，也由于信誉很差影响生意，再被罚款之后就改成现在的名字。试问相关的部门，没有审批程序吗，他们还有资格继续办中介公司吗？真是法制的悲哀-------\r \r       以下是我在网上搜集的一些证据，因为篇幅的原因，只罗列了一些，大家可以在网上搜索下我到底说的是真是假。我希望通过天涯网的宣传，把这个事情搞大，在中国好像只有事情恶化之后才会有相关的部门出来办理，如果还是解决不了问题，我就大家一个借鉴吧，让更过的租户免于上当---------\r \r \r \r \r 抵抗黑中介联盟群空间里面的投诉帖子\r \r Cwinq 2009-08-18 09:23:47 1楼 投訴公司：筑誠佳信\r 姓名：Cwinq\r 電話：151****0233\r 事由：各种理由克扣押金(墙壁让全部重新刷下，房子要全部打扫，竟然收取500多的费用。)，霸王条款，不按他们公司规定就不给退钱。\r 有無依據：他们不敢自己写克扣押金的理由，让一个小员工写的。 合同和押金条我都有照片。\r \r \r 闷 2009-08-18 09:33:11 2楼 投訴公司：筑誠佳信\r 網名:闷\r 電話：136****3071\r 事由：租房期间骚扰(天天打电话骚扰，为了就是想我搬出去，不要押金和房租）叫保洁来清理别人房屋，竟然收我的钱（合租）。还有折旧费，合同没写。\r 有無依據：有合同押金条\r \r 凌冰寒雪 2009-08-18 09:35:16 3楼 投訴公司：筑誠佳信\r 姓名：zhz\r 電話：158****0893\r 事由：扣我一半押金，说是保洁费\r 有無依據：因为钱不多，押金条、钥匙、合同都没给他们\r \r \r 京城浪子 2009-08-21 14:39:50 4楼 投訴公司：筑誠嘉信\r 網名：京城浪子\r 電話：134****0208\r 事由：该公司以墙壁要粉刷、更换设施、保洁等等理由扣除我的押金（房子是贴墙纸的，根本不需要粉刷，而且房东与筑诚嘉信的签约已到期并不再续约）。而这些收费项目并没有在合同中出现，房东也明确表示过这些不是房客的问题，不需要索赔。按他们的算法，我1200元的押金所剩无几。\r 有無依據：有合同和押金收据\r \r \r 百度搜索筑诚嘉信结果：\r \r 筑诚嘉信就是黑中介,它们无理由克扣客户的房租以及押金,还收取客户不需要承担的费用,有线费,卫生费.希望客户不要相信这样的黑中介.他们以低价从房主手里接过来房子,然后以高价租给客户. 收取有线费,卫生费. 你中途退房会以任何理由扣除你的转租合同费,房屋清洁费,甚至是物品磨损费等........ 甚至不退还你的房租及押金. 修理工修理东西会以低价购买物品,依次充好,来收客户高价格，有些东西修好连一个星期都用不到，你的押金将倍这样退不出来，收取你物品磨损费，刷墙费，保洁费，如果坏个东西将具额赔付，有些东西一拉来就是坏的，他不会出钱给你修，而是说你弄坏的，最后讹诈你很多钱，没准最后算的你押金没有了不说，还要倒给他钱！基本上就是和他们没理可以讲！最郁闷的不是钱怎么样了，而是你住的不顺心不舒心，就是明知道他敲诈你钱，还得给他！大家请小心，最好别租他们的房子，都是惨痛的教训！\r \r 我于2008年6月和北京筑诚嘉信房产公司签的一年租房合同，一年到合同正常到期，我们去退房要押金（650），可中介以地脏为由，扣我们每家500块钱保洁费（里面一共住了五家），合同上没写关于保洁费的任何事项，但他们就是不退\r \r \r 我也是筑成嘉信的受害者，筑成嘉信有个专门办理退钱退押金的部门，你不是想退押金吗，去安贞桥北，金瓯大厦417吧，那有一群人等着你呢，里面一群凶神恶煞的人等着你，主管性郭，有个自称姓焦的经理，凡是进去退押金的，张口就骂，爱谁谁，爱上哪告上哪告，你手里有合同，有押金条，有什么都不好使，人家就不退，你房子坏了房东可以证明没坏原来就那样，那也不好使，用人家筑诚嘉信的话讲你少TM在我面前提房东，房东多个jb，房东我见多了，你TM找房东，你跟他要钱去，你房子里的有水费，电费煤气费，你想和中介公司结清，不可能，用人家筑成嘉信的话讲你剩水电费，谁他妈让你们往里存的，谁他妈让你存你找谁【IP为 219.232.*.* 的网友】 发表日期：2009-8-25 21:24:21\r \r \r 我是去08年8月份在筑诚嘉信租的房子，今年8月19号房子到期，我8月18号去办理退房及退押金，结果筑诚嘉信以财会不在为由拒绝支付我们押金1700元，我询问财会什么时候能回来，他们说22号要我们在过去一趟，我们去了之后他们又找出各种各样不合理的理由拒绝支付我们押金。黑中介靠骗人为生【IP为 219.232.*.* 的网友】 发表日期：2009-8-22 21:24:28\r \r \r 筑诚嘉信老板我见过，是个大胖子，带条挺粗的金链子，我看他就是黑社会头子，还有一个黑胖子，张子就骂人，还有一帮社会上的无赖流氓，还是找打黑办吧，！咱们惹不起他们呀！【IP为 219.232.*.* 的网友】 发表日期：2009-8-10 22:23:46\r \r 我也是我们是被压了1650元，退得时候只给650那1000不给气氛！！【IP为 219.232.*.* 的网友】发表日期：2009-8-4 16:50:29\r \r \r \r  对这个公司就是很恶心，业务员的素质野蛮差的！大家下次租房子可要注意了选好中介！没有客户看他们怎么生存【IP为 219.232.*.* 的网友】 发表日期：2009-7-29 11:53:20\r \r \r 1、租房子的时候说我要承担卫生费，小区里面是按人收的，每人每月七块钱，按一年交，共收了84块钱。实际上我租的合同就不够一年，他们就说不够一年走的时候再退，而且所有人都着要交。可是实际上，同房间里另外的两家都没有收此项费用\r \r 2、住进去没有几个月，有一天下班回家，遇到有人在门口敲门，说是小区里收卫生费的，我说我交给中介了，他说他们不管，中介没给他钱。我顺便问了卫生费怎么收，他们说按家，一户一年36块钱！我们的房子里面住了五个人，中介竟然收了我84孩说是按人算！后来我给打电话，几经周折电话里同意他们去收卫生费的办公室交钱去。结果前几天听隔壁的女孩子说，中介没有交钱，那些人又上门要卫生费了，她就先垫付了。因为又想向我们收别的钱，就说到时候把这钱再退给他。\r \r 3、我们住的房子卫生间好像是有些渗水，楼下和隔壁都找过好多次了，这次实在是逃不过了就说修，但是费用要我们出一半。说是在我们住的期间坏的。实际上卫生间在我们搬进去以前就漏国水，据说当时因为费用高，没有彻底的修。而且现在漏水其实也不是刚刚漏，很可能在我们搬进去以前水多了就洇的。而且态度极其差，叫嚣我们不交钱就要我们搬走，总押金里面口维修费！租房子的时候却说维修都是他们管。而且合同上押金只是用来保证我们不损坏自己租住的房间内的设施的，公共区域的水管或者地面有问题是房屋质量或者说正常老化，或者干脆就是原来就没修好？又不是我们弄坏的，凭什么让我们出钱？难道房子住久了老化也要我们再负一份折旧费吗？\r \r 而且需要提出的是中介两边忽悠，做防水什么的费用都没有明确，就打印出来共同付费的协议要我们签，只写了他们公司的名字没盖章，让我们先签字。而且跟我们说别的家都签了，同意付费了，跟别的家又说我们同意付费了！欺诈！\r \r 4、卫生间的马桶盖从我看房子的时候就是坏的，上厕所特别不方便。当时和他们说，他们就说过两天就修，结果到现在都没修！冰箱贮藏室能结出很厚的冰来，而且灯从来都不亮。我都没用过！\r \r \r 筑诚嘉信这个黑中介！受过骗的和不想再受骗的请进！\r 北京筑诚嘉信这个黑中介，大家一定要注意了。不要从他家租房子，押金都不退的，明目张胆的扣钱！大家从网上搜一搜就知道是他们的一贯作风了。\r 家具以次充好，房租到期的时候说是你弄坏的，高价让你赔。而且还管你要钱刷房子，还要扣保洁费！它才不管你进去的时候没有给你做保洁，其实再往外租的时候也不会真的做保洁，或者花那么多钱做。因为我住进去的时候比我走的时候还要脏。合同上也没有写押金是要包括保洁费的！而且很张狂的说：我就是要扣，你甭跟我说合同！真是气死了！\r 按照他们的算法，你的押金不仅退不回去，还要倒给他们钱呢！\r \r 很多人都是很气愤，但是一个人的力量去跟他们讲理讲不起，也耗不起那时间，就不了了之了。可是我实在是气不过！\r \r 受过同样遭遇的进来说说你们的情况啊！我们不能老让他们这么欺负人！不能老让他们再害别人！让更多的人知道，租房子的时候一定要小心，千万不要和他们租房子了！！！！！！\r\n\r\n\r\n\r\n\r\n**************************************************', '', 1, '0');
INSERT INTO `hope_post` (`pid`, `class_id`, `tid`, `uid`, `username`, `ip`, `dateline`, `message`, `pic`, `isthread`, `hotuser`) VALUES
(10, 1, 9, 1, 'he21cn', '127.0.0.1', 1251357714, '2009年08月26日11:21  深圳晚报 \r<br/>月经是女性必然经历的生理现象，每个月总有那么几天，痛经就如同魔咒一样缠绕着部分女性，都给她们的生活带来诸多不便，很多人甚至会因为痛经影响生活、学习和工作。妇科专家们说，痛经有级数之分，二级以上痛经有可能是身体疾病的警报。那么，你的痛经到了几级？\r \r<br/>【痛经级数自测】\r \r<br/>1、腹痛难忍2分\r \r<br/>2、腹痛明显1分\r \r<br/>3、坐卧不宁2分\r \r<br/>4、休克4分\r \r<br/>5、面色苍白1分\r \r<br/>6、冷汗淋漓2分\r \r<br/>7、四肢厥冷2分\r \r<br/>8、需卧床休息2分\r \r<br/>9、影响工作学习2分\r \r<br/>10、伴腰部酸痛1分\r \r<br/>11、伴恶心呕吐1分\r \r<br/>12、伴肛门坠胀1分\r \r<br/>13、用一般止痛措施疼痛暂缓1分\r \r<br/>14、用一般止痛措施不缓解 2分\r \r<br/>15、疼痛一天以内1分\r \r<br/>16、疼痛期每增1天加2分\r \r<br/>自测结果\r \r<br/>轻度一级\r \r<br/>中度二级重度三级\r \r<br/>轻度一级：积分为0－4分。此类疼痛可通过心理、饮食的调节缓解，适当饮用姜茶、红糖水、玫瑰花茶，将可达到缓解疼痛的作用。\r \r<br/>中度二级\r \r<br/>中度二级：积分为4－10分。此类疼痛可适当选择药物治疗，采用温和有效的中药对身体进行调理是一种很健康的方式。中医学在原发性痛经方面积累了丰富的治疗经验，可请医师开中药方子进行长期调理。\r \r<br/>重度三级\r \r<br/>重度三级：积分为10－20分。拉响警钟，目前的生理疼痛已经达到了严重的程度。对于年轻女孩而言，重度生理疼痛不仅影响学习，对身体发育也有严重影响。对于成熟的女性而言，重度生理疼痛有可能诱发不孕症、盆腔炎、子宫内膜异位症等妇科疾病。应及时到医院查明引起痛经的原因，在医师指导下进行治疗。\r \r<br/>专家提示\r \r<br/>二级、三级痛经请及时就诊\r \r<br/>痛经时，会发生下腹部胀痛、冷痛、刺痛、隐痛、坠痛、痉挛性疼痛等，严重者疼痛会延至腰背部，甚至涉及大腿及足部。同时，可能发生乳房胀痛、肛门坠胀、胸闷烦躁、悲伤易怒、心惊失眠、头痛头晕、恶心呕吐、胃痛腹泻、倦怠乏力、四肢冰凉、冷汗淋漓、虚脱昏厥等症状。\r \r<br/>一级痛经为小腹疼痛明显，伴腰部酸痛，但能坚持工作，无全身症状。这类痛经人数占到总数的45.73%；二级痛经为小腹疼痛难忍，伴腰部酸痛、恶心呕吐，用止痛措施能使疼痛暂缓，约占痛经总数的40.72%；三级痛经为小腹疼痛难忍，严重影响工作学习和日常生活，必须卧床休息，患者常会有腰部酸痛、冷汗淋漓、呕吐腹泻或肛门坠胀等症状，采用止痛措施无明显缓解。约占痛经总数的13.55%。\r \r<br/>深圳阳光医院妇科专家提醒，如果您的痛经程度达到二级以上，请及时到医院就诊。此外，无论身体是否已触及疼痛的警戒线，都应随时调整自己的不良情绪，使自己从容的面对生活压力，是减少生理疼痛的必要环节。\r \r<br/>八成女性受痛经困扰\r \r<br/>对于女性来说，月经是特有的生理现象。健康女性平均一生会有400次月经，按照每次5天来算，她们一生中有五年半的时间是在生理期度过的，在这些日子里，超过八成的女性会受到痛经的困扰。\r \r<br/>“痛经现象十分普遍，近些年我国痛经发病率不断上升，大概是10年前的2－3倍。”深圳阳光医院妇科主任曾月翠医师介绍，从初潮青少年到绝经期妇女，都会出现不同程度的痛经。\r \r<br/>此外，痛经会严重影响女性生活，英国牛津大学妇科专家也在科学成就年会上指出：“痛经女性中3／4人因此无法正常工作。”\r \r<br/>医学上将痛经分原发性和继发性两种。经过详细妇科临床检查未能发现盆腔器官有明显异常的，称原发性痛经，也称功能性痛经。继发性痛经则指生殖器官有明显病变，如子宫内膜异位症、盆腔炎、肿瘤等的患者。继发性痛经应格外引起痛经患者注意。\r \r<br/>治痛经首选中西医结合疗法\r \r<br/>“痛经人数越来越多，与现代生活方式有很大关系。”曾主任分析，许多女性长期处于巨大的工作压力下，体内激素分泌受到影响，加上辐射、失眠、作息不规律以及滥用抗生素、饮酒、吸烟等因素，痛经就很容易发生了。“无论痛经程度如何，一定要先查明原因，排除器质性病变。”曾主任强调，在此基础上，通过中西药结合疗法来改善痛经。\r\n\r\n\r\n\r\n\r\n**************************************************', '', 1, '0'),
(11, 1, 10, 1, 'he21cn', '127.0.0.1', 1251357714, '2009年08月26日11:13   健康时报 \r<br/>肌肉也能够产生热量。但是由于女性比男性肌肉含量少，不易产生热量，因此女性的体温一般比男性的体温低。\r \r<br/>热量本来可以随着血液被输送到手脚，但是由于手脚处于肢体末端，在热量送达之前就冷却下来了，而且在全身都感觉寒冷的时候，如果向手脚输送过多的血液，相应地，也就有过多的血液被冷却以后流回心脏，因此心脏就不会发出指令向手脚输送大量的血液，于是手脚的毛细血管就会收缩变细。这样，身体中心所产生的热量就更难输送到手脚，手脚也因此始终处于冰冷状态。\r \r<br/>要解决手脚冰凉这个问题，首先要好好给对寒冷反应敏锐的腰部保暖，这样有助于保持全身的温度，有助于心脏发出指令向手脚输送更多的血液和热量。这样手脚温度也就高起来了。特别是在经期，血液都集中在腹部，手脚更容易感觉冰冷。让腰部充分保暖既可以温暖手脚，又可以预防痛经，可谓一举两得。\r \r<br/>在寒冬的户外，手脚冰冷的时候，可以将两臂从后向前摆动。这样在离心力的作用下，可以使血液和热量大量输送到手脚。手冷的时候，可以通过温暖上臂的后方部位来获得热量。\r \r<br/>除去夏天的柏油路，其他季节的地面温度都要低于脚部的温度。所以要预防脚底寒冷，要在鞋子上下点工夫。正确选择鞋子的质地和袜子的材料都可以有效温暖你的足部。容易脚冷的人，要注意不能让膝盖后面着凉。血液是通过大腿、膝关节、小腿抵达脚尖的。在这条“线路”中，膝关节后方的脚弯皮下脂肪最少，而且血管距离体表最近，血液容易冷却。\r \r<br/>因此选择保温性能好的内衣、护膝等，可以预防脚冷。与寒冷时候不自觉双手抱臂相同，我们在寒冷的时候习惯屈膝蹲下来，这是因为我们的身体自然地想要避免热量在通过膝盖时冷却下来。\r \r<br/>这里还要告诫各位女同胞，洗澡虽然是件舒服的事，但是洗完以后体温马上下降，也不能大意。最好的方法是洗澡的时候，把水温调至微暖，泡久一点就可以了。这是因为，如果水温高于42℃，出浴以后可能会感觉体温比入浴前的体温还要低。所以40℃以下的水温是最适宜的。\r \r<br/>使用入浴剂也能让手脚保温。能够保温的入浴剂是一些入水就溶化的颗粒，它的成分会在皮肤表面形成薄薄的一个保护层，防止体内热量散发出去，所以人就会感觉温暖，而且能够持续较长的时间。很多人都有这种体验，泡温泉以后，身体很长时间都不会感觉发冷。这就是温泉中的某些成分在起作用。入浴剂的成分与温泉水的成分相似，所以可以起到保温的作用。入浴剂除了粉末状的，还有颗粒状的。颗粒状的入浴剂遇水会形成二氧化碳的泡沫。这些二氧化碳会刺激皮肤，促进血液循环，所以很适合在疲劳的时候使用。\r \r<br/>洗完澡睡觉的时候，要穿上可以使脖子和腰部保暖的睡衣。为了防止热量从脖子和肩膀逸出，高领睡衣等都是很好的选择。\r \r<br/>还有，如果腰部着了凉，全身就会感觉寒冷，输送到手脚的血液也会减少，脚就会变凉，脚部觉得凉就睡不好。所以可以穿上袜子，在腰部贴上暖宝宝，或者多穿衣服，睡觉时身体温度升高，就可以保证睡眠质量了。(福田千晶)\r\n\r\n\r\n\r\n\r\n**************************************************', '', 1, '0'),
(12, 1, 11, 1, 'he21cn', '127.0.0.1', 1251357714, '2009年08月27日02:35  华龙网-重庆晚报 \r \r \r \r 再继续上你就是有网瘾了！\r \r \r<br/>每周上网40小时以上就可认为是网瘾，有望在年内出台的网瘾诊治标准，初步对网瘾作出这样的界定。消息一出， 网络一片哗然，各行各业的网友纷纷贴出工作时间表反驳，表示“无网络无工作”，按照40个小时算，很多上班一族均“被网瘾”了。专家称，上网的时间并不能全面表示“入网”多深，是不是网瘾，更应该参照网络对上网者身体的损害表现。\r \r<br/>办公族几乎都有网瘾？\r \r<br/>26岁的小胡是市内某广告公司文员，她每天的工作就是通过网络与众多客户进行交流，以及相互发送文件、图片等广告资料。\r \r<br/>“每周上网40小时以上即可认为是网瘾，那我们办公室的人基本上都得算有网瘾了。”小胡说，同事们都是通过网络进行商务初步谈判或沟通，每天除了上班8小时要面对电脑外，有时甚至还要加班至深夜，回家后，不少同事还要通过网络看电影等，“那我们这些办公一族不都有网瘾了哟？”\r \r<br/>许宏是市内某知名网站网络编辑，每天，她的工作就是通过网络选取相关信息发布，并通过网络开展系列活动，“我每天上网时间起码在10小时以上，按照界定标准，我已经有严重网瘾了。”\r \r<br/>同时，网站维护人员、IT工程师等行业人士也认为，自己的工作就是每天与网络打交道，按照网瘾界定标准，他们也统统无情“被网瘾”了，他们都认为这一标准太过牵强。\r \r<br/>IT人士可否申请工伤？\r \r<br/>专家“40小时网瘾”的标准，遭到了网友的板砖“袭击”。有网友给出工作时间表，40/7=5.71,上班族通常的上班时间从上午8时30分到下午5时，除了吃饭几乎都在电脑前，下班回家后开电脑到睡觉。“我并不想上网，但工作必须上网，下班后不知道能干啥，吃喝玩乐都要钱啊，只好在家上网，看来我是被网瘾了！”网友套用最流行的语句感叹称，“哥其实上的不是网，是寂寞。”\r \r<br/>北京网友“kangkae”觉得，根据时间来判断网瘾本来就是一个错误，不晓得又是哪个“砖家”发明的。“我觉得是不是网瘾要看身体的表现，标准参照毒瘾。”网友“额配”戏称，“吸烟有害健康，为什么就没个烟瘾标准呢？”\r \r<br/>苏州网友“fireyu”表示，这个标准“很好，很强大。IT业的所有人，都是网瘾患者”。“作为一个网络工作者，每天工作超过10小时，是否可以申请工伤？”\r \r<br/>记者昨日随机采访了公务员、IT人士、企业上班族等不同人群，绝大部分受访者都表示，如今已是网络时代，无论是工作还是生活，谁都离不开网络。\r \r<br/>有网瘾到底怎么算？\r \r<br/>早在去年8月，由北京军区总医院制订《网络成瘾诊断标准》，首次提出网络成瘾跟赌博成瘾和酒精成瘾一样都是精神疾病。“每周上网40小时以上即网瘾”，虽然没再提“网瘾是精神疾病”的概念，但负责该标准制订的两家单位悉数为精神卫生研究机构。其中意味，倒也鲜明。\r \r<br/>“真正的网瘾，应该是为满足自身快感、欲望，离开网络就难受、心烦意乱、坐立不安，就急于接触网络的一种心理状态。”重医附一院心理卫生中心主任蒙华庆认为，如果上网者有不可控制的上网欲望，不论时间长短，都可以判定为有网瘾。蒙主任接触过一个四岁的小患者，小患者迷恋上QQ玩种菜、偷菜游戏，每天都哭着闹着、时时惦记要上网，虽然每天上网时间不足两小时，但同样被他判定为有网瘾。\r \r<br/>如果是因为生活、工作等情况必须接触网络，蒙主任则认为即便时间再长，也不能界定为有网瘾。“40小时这一界定标准，显然缺乏说服力。”\r \r<br/>蒙主任估计，按照即将出台的网瘾界定标准，将有八成上网者将无辜“被网瘾”。\r \r<br/>精彩评论\r \r<br/>■我们已经进入“被时代”，这不我们又给“被网瘾”进去了！\r \r<br/>■40小时标准一出台，戒网瘾中心可是从此走上致富路了。全国有这么多“被网瘾”——也就是“被精神病”了的人，这是多大的一个市场。可以想像，中国目前有多少人或机构在立等着网瘾标准出台，然后一哄而上地抢钱？\r \r<br/>■这年头不缺标准，连洗脚都有标准，可既然要搞标准，就不能只由专家说了算！\r \r<br/>如何预防上网成瘾\r \r<br/>空间阻断法：电脑等上网设备不要放在卧室等容易获得地方(卧室)，应放在客厅等公共空间，便于对青少年进行控制。\r \r<br/>时间阻断法：为孩子制定上网时间，一般一天或者连续上网时间不超过2小时，长时间上网会对腰、下肢的血液循环、视力、大脑功能都会受到影响。\r \r<br/>外来物阻断法：用闹钟提醒上网时间、做卡片(警示上网危害)提醒，随时告诫上网成瘾的危害、控制自己上网时间。\r \r<br/>内容阻断法：对特定类型的网站(成人网站、不健康网站)坚决进行抵制和过滤。\r \r<br/>你如何看待“被网瘾”现象？您认为40小时的标准是否妥当？敬请登录本报网站www.cqwb.com.cn或致电本报热线966988发表看法。\r \r<br/>记者 王德利  郭娟 制图\r\n\r\n\r\n\r\n\r\n**************************************************', '', 1, '0'),
(13, 1, 12, 1, 'he21cn', '127.0.0.1', 1251357714, '劳人护[1985]6号对审批提前退休工种标准和注意事项做了如下规定： \r （1）从事井下、高空、高温、特别繁重体力劳动或者其他有害身体健康工作的工人，无论现在或过去从事这类工作，凡符合下列条件之一者，均可以按照《国务院关于工人退休、退职的暂行办法》中的规定办法提前退休：①从事高空和特别繁重体力劳动工作累计满10年的；②从事井下高温工作累计满9年的；③从事其他害身体健康工作累计满8年的。 \r \r （2）高温作业，应当符合GB4200-84《高温作业分级》标准中第四级；繁重体力劳动作业，应当符合GB3869-83《体力劳动强度分级》标准中的第四级；高空作业，应当符合GB3608-83《高处作业分级》标准中的第二级，并经常在5米以上的高处作业，无立足点或牢固立足点，确有堕落危险的。 \r （3）常年在海拔3500米以上高原地区和常年在摄氏零度以下的冷库、生产车间等低温场所工作的工人退休时，可以参照从事井下、高温作业工人的有关规定办理；常年在海拔4500米以上高山、高原地区工作的工人退休时，可以参照从事其他有害身体健康工作工人的规定办理。 \r 具体到你的情况：从事两种以上特殊工种时间是可以合并计算的。 \r 马尔康高原海拔若在3500米以上（需满8年），加上从事高温工作7年（需满9年）。合并换算后可以55岁退休。 \r \r \r 关于严格特殊工种提前退休问题的通知 \r 各有关单位： \r 为了加强对企业从事特殊工种职工提前退休工作的管理，规范企业及职工办理退休行为，保持退休政策的连续性，维护社会稳定，促进经济发展，缩小养老保险金收支矛盾。现就我县从事特殊工种职工提前退休工作有关问题通知如下： \r \r 一、对达到特殊工种提前退休年龄且符合从事特殊工种年限（特繁满10年、高温高空满9年、有毒有害满8年）的职工，可以从达到特殊工种提前退休年龄与正常退休年龄之间的任何一年办理提前退休。并非绝对比正常退休提前5年。 \r \r 二、要严格对档案及特殊工种的审核。对按特殊工种提前退休的，一律以原始档案记载为准，对档案记载不清、有涂改现象和特殊工种年限原创文秘网站:文秘知音不符合规定要求的一律不予办理。同时要对特殊工种范围进行严格审核，对国家没有列入特殊工种范围的工种不得按特殊工种呈报提前退休。 \r \r 三、对因转产、工作调动、企业改制等原因脱离特殊工种岗位5年以上的人员，在达到国家规定从事特殊工种提前退休年龄时，如果本人身体健康能坚持正常工作的，原则上不再按特殊工种提前退休。但是确因从事特殊工种而影响身体健康，现在难以坚持正常工作的，经本人申请，县劳动医务鉴定委员会鉴定为大部分丧失劳动能力的，方可按特殊工种办理提前退休。但不再增发月指数化平均缴费工资。 \r \r 四、对生产经营正常，职工按时发放工资且有缴费能力而不缴纳养老保险金的单位，暂停办理特殊工种提前退休工作，防止谁退休给谁缴费的现象，关闭、停产的特困企业职工办理特殊工种提前退休，要将应退休人员所欠保险费补缴后方可办理。 \r \r 五、今后各单位办理职工退休，要由劳资人员办理，对退休审批表要按规定要求填写清楚、全面，对个人携带档案及退休审批表填写不清、不全的，一律不予审批。 \r\n\r\n\r\n\r\n\r\n**************************************************', '', 1, '0'),
(14, 1, 13, 1, 'he21cn', '127.0.0.1', 1251357714, '2009年08月26日13:56  新华网 \r<br/>新华网长春8月26日电 (记者王小鹏) 记者从26日在长春召开的全国18城市老年大学第10次工作研讨会上了解到，今年是我国进入老龄化10周年。随着新中国的同龄人步入老年，我国将出现第一次老年人口增长高峰。\r \r<br/>全国老龄委办公室副主任吴玉韶介绍说，我国正开始进入人口老龄化快速发展期，老年人口由年均增加311万人发展到年均800万人。\r \r<br/>吴玉韶说，伴随快速增加的老年人口，高龄老人和失能老人也大幅增加。同时，随着第一代独生子女家长进入老年，我国已开始进入少子老龄化的新阶段。据介绍，目前我国城市空巢家庭已达到49.7%，农村空巢和类空巢家庭也达到48.9%。\r \r<br/>吴玉韶表示，随着人口老龄化的加剧，今后要进一步加强老年教育。目前，全国已有老年大学和老年学校3.6万多所，在校学员达410多万人。\r\n\r\n\r\n\r\n\r\n**************************************************', '', 1, '0'),
(15, 1, 14, 1, 'he21cn', '127.0.0.1', 1251357714, '2009年08月27日00:52  燕赵都市报 \r<br/>燕赵都市报冀东版记者刘超 通讯员刘如涛\r \r<br/>两男子酒后驾车将人撞伤，见被撞者躺在汽车的前操作台，肇事者不但未施救，反而将被撞者推下车。没想到，被撞者却被卡在汽车前保险杠上，肇事者将其拖行近3公里后才掉在了路上。被撞者因伤势过重死亡。8月22日上午，经乐亭县人民检察院批准，乐亭警方对涉嫌故意杀人的两名犯罪嫌疑人执行逮捕。\r \r<br/>7月15日晚9时许，滦南县胡各庄派出所接到群众报案，称辖区寺上村内，一路过的红色昌河牌面包车掉下一个人，伤势十分严重。派出所民警立刻驱车赶到寺上村，现场见一40多岁的男子躺在村内新寨至胡各庄的公路上，衣服破碎不堪，浑身血肉模糊。民警介绍，当时这名男子胳膊动了一下，大口大口喘气，生命垂危。民警立即拨打120，当救护车赶到时，男子却因伤势过重，心脏停止了跳动。\r \r<br/>经调查，被撞身亡的男子是乐亭县古河乡44岁的男子何风（化名）。而肇事者则是乐亭县大相各庄乡的阿安（化名）和阿猛（化名）。\r \r<br/>7月15日晚8时许，何风从新寨镇姐姐家骑自行车走小路往家赶。一辆红色昌河牌面包车从身后驶来，径直向他撞去。\r \r<br/>据了解，肇事的红色昌河牌面包车上是阿安和阿猛，7月15日，阿安带着阿猛去滦南办事，中午在饭店喝了白酒。晚上，他俩又到新寨镇上，与几个朋友吃烧烤，在朋友劝说下，他俩又喝了啤酒。返回家时，坐在副驾驶座上的阿猛不一会儿便昏昏欲睡。\r \r<br/>突然“嘭”的一声，阿猛睁开眼时，竟看见控制台上横卧着一个人，车上挡风玻璃粉碎。他摸了一下脸，脸被玻璃扎破了，粘了一手血。\r \r<br/>这时，阿安、阿猛猛然意识到撞人了。然而，两人并没将伤者送医，而是用手将控制台上的人推了下去，随后开车向滦南方向逃逸。\r \r<br/>何风被推下控制台后，没有掉在地上，而是大腿别在了车前保险杠里。面包车一路拖带着何风跨过乐亭县界，直到5.8里外的滦南县寺上村才掉下来。\r \r<br/>这时，阿安、阿猛仍没停车，还是向西继续逃逸。又跑了30多里，到了大富各庄车里没油了，才将车抛至一废品收购点附近。他俩不敢回家，当夜在滦南住旅馆躲藏起来。\r \r<br/>乐亭警方接到报案后，连夜组织精干警力上案，并很快锁定了犯罪嫌疑人阿安和阿猛。7月18日，迫于压力，阿安、阿猛向警方投案。\r\n\r\n\r\n\r\n\r\n**************************************************', '', 1, '0'),
(16, 1, 15, 1, 'he21cn', '127.0.0.1', 1251357714, '2009年08月27日00:13   南方农村报 \r<br/>南方农村报8月27日报道：  营业仅三月，敛财竟千万，广东省惠州苏尔电器有限公司(以下简称苏尔公司)“一举”成为了家电业的焦点企业。\r \r<br/>8月1日，苏尔公司在未结清供应商货款及员工工资的情况下，公司高层、仓管、财务、货物等集体“人间蒸发”。8月2日开始，陆续得到消息的供应商纷至沓来，“骂娘声”不绝于耳！截至8月25日，被骗的供应商有60多家，金额高达1000多万元。\r \r<br/>6000方厂房打动供货商\r \r<br/>“这是诈骗！”8月24日，潮州铭维电子厂翁厂长义愤填膺。苏尔公司老板“走佬”后，他供应给苏尔的48万元货物，很有可能打水漂。\r \r<br/>铭维电子厂是家电企业的供应商，主要从事接插线和接插件生产。据翁厂长介绍，他与苏尔公司的业务往来始于今年6月初。6月8日，苏尔公司的采购经理赵玉芝找到他，提出想购买一批接插线。由于是第一次和对方打交道，他留了个心眼，没有立即答应，而是提出先到苏尔公司考察，“赵玉芝很爽快的答应了”。\r \r<br/>6月9日，翁厂长来到苏尔公司，近6000平方米的厂房，几百个工人工作的场景，让他顿时放松了警惕。随后，赵玉芝还向他出示了公司的营业执照、注册登记证，翁厂长认定这是一家规模不小的正规公司。\r \r<br/>接下来，双方的合作顺理成章。6月10日，铭维电子厂向苏尔公司供出了第一批货，价值7万元。随后，供货量逐渐加大，直到8月1日苏尔公司老板出逃那天，铭维电子厂还在向其供货。\r \r<br/>直到8月3日，翁厂长才意识到不对劲。这天，他接到了托运公司的电话，对方称其8月1日发出的货，没有人去取。翁厂长赶紧拨打赵玉芝的电话，已关机，其办公电话也没有人接。而按照常理，采购人员不会轻易关机，况且那天又不是周末。他预感到大事不妙：很有可能被骗了！\r \r<br/>8月4日，翁厂长心急火燎地赶到苏尔公司，发现已是人去楼空，厂门口贴着两张苏尔公司员工的大字报：要求拍卖公司设备结算工资。可怕的预感变成了现实，翁厂长欲哭无泪！他随后赶到惠城区公安局报案，发现公安局办公室挤了20多个人，一打听，全是被苏尔公司骗货的各地供应商。\r \r<br/>直到此时，他才知道苏尔公司的厂房是租来的，至今还拖欠着房东20多万元的房租。几百个工人的工资也没有结清，而苏尔公司老板注册营业执照时用的是假身份证。\r \r<br/>逃跑当天与供应商对账\r \r<br/>苏尔公司位于惠州市小金口青塘村大树岭，注册成立时间为2009年5月7日，主要做家用电器、鼠标、显视器等产品。\r \r<br/>短短三月，苏尔公司竟让广州、深圳、东莞等地的供应商损失千万。事后，供应商仔细回想，觉得这是一场蓄谋已久的骗局：苏尔公司先以其实力很强的表象骗取供应商的信任，在供应商供货后，约定一个时间清款，以稳住供应商，而其却在此之前出逃。\r \r<br/>深圳绕成电子公司张经理告诉南方农村报记者，他是在考察苏尔后，相信苏尔的实力，才向其供货，但他在8月1日发现，苏尔公司的所有电话都无人接听，白白损失了30多万元货款。\r \r<br/>“苏尔公司在‘钓鱼上钩’之后，不断要货，而为了稳住供应商，承诺在某日清款。”东莞盈华电子公司供了5万元货给苏尔，该公司李经理分析，苏尔公司在迷惑供应商之后，继而采用缓兵计。他表示，苏尔公司向他承诺8月6日清款，8月1号还特地传来了对账单，以致当他8月3日听到其老板卷款逃跑的消息时，还不敢相信。\r \r<br/>据南方农村报记者了解，深圳绕成电子公司、潮州铭维电子厂也都接到了苏尔公司的清款承诺，但苏尔公司高层一干人等，却在8月1日集体消失。\r \r<br/>“这完全就是一场阴谋！”8月25日，通过盈华电子公司李经理，南方农村报记者联系上苏尔公司原采购员王娜(化名)。8月1日，王娜接到苏尔公司老板的电话，通知其第二天不用上班。她感觉事有蹊跷，第二天赶到公司，发现老板已经逃跑。\r \r<br/>据王娜介绍，苏尔公司的业务上涨速度快得“离奇”，6月份进货200多万元，到7月份攀升至500万元，但事发前仅结过一笔小货款。她由于不知道公司具体的销售状况，因此一直被蒙在鼓里。现在想来，“他们目的很明显，就是想骗货！”\r \r<br/>供货次月清款被钻漏洞\r \r<br/>据惠州惠城区公安分局经侦大队工作人员介绍，事发至今，报案的供货商已达60多家，涉案金额近1000万元。而苏尔公司遗留下来的二手流水线机械，其价值不足5万元，目前已被封存。\r \r<br/>而据惠州当地媒体报道，苏尔公司诈骗案并不是个例。在此之前，惠州市今年已发生两起类似的诈骗案，手段如出一辙：骗子公司老板用假身份证注册相关证件，开厂三个月左右后，诈骗供货商的货款逃跑。\r \r<br/>由于骗子公司策划周密，上述两起案件至今还未侦破。这让供应商们觉得追回货款的希望非常渺茫。\r \r<br/>为何不断地出现供应商被骗事件？先供一个月的货，下月才清款，放心吗？面对南方农村报记者的问题，供应商们都报以无奈的叹息。\r \r<br/>盈华电子的李经理表示，电子行业内，企业之间的交易基本是月结，7月份供的货，要到8月份清款，供应商也没有办法。况且，现在经济形势不好，“有单大家都抢着接”。\r \r<br/>不过他表示，以后将加倍小心。除了去工厂实地查看之外，还要通过一些旁敲侧击的方法辨别骗子公司。\r \r<br/>潮州铭维电子厂翁厂长表示，事实上，供应商都还比较谨慎，在供货前都会去厂家考察，但终究是“防不胜防”！惠州鸿鑫电子公司与苏尔公司仅一路之隔，其被这位“邻居”在眼皮底下骗走了27万元的货。而该公司业务员曾到工商局查过苏尔公司的营业执照，也向派出所调查过苏尔公司是否有案底，但最终还是被骗了！\r \r<br/>经过这一系列诈骗案的“洗礼”，供应商们表示，对于刚合作的公司，今后肯定会降低每月的供货量。“即使被骗，也不会损失这么惨重。”深圳绕成电子公司张经理说。(来源：南方农村报)\r\n\r\n\r\n\r\n\r\n**************************************************', '', 1, '0'),
(17, 1, 16, 1, 'he21cn', '127.0.0.1', 1251357714, '2009年08月27日01:09  新文化报 \r<br/>■新闻回放：\r \r<br/>延吉一对白手起家的37岁夫妇原本感情很好，在丈夫中了500万大奖后却发生争执。先是妻子美花（化名）起诉离婚，后来撤诉，再是丈夫金光（化名）起诉离婚。2008年，延吉市法院在美花无法找到的情况下判决二人离婚，儿子归男方，认定美花带走300万现金属于转移财产，判决男方获得共同财产的80%。随后美花不服判决，申请再审。\r \r<br/>本报延吉讯（记者杨威）“没有钱时我俩过得还行，这飞来的500万就是飞来横祸啊。”丈夫金光说。\r \r<br/>算一算，夫妻俩自从2007年春节中了500万后，当年4月女方起诉离婚到现在，离婚官司打了两年多还在继续。双方的贸易公司早已解散，均处在待业状态。\r \r<br/>女方再次提出上诉\r \r<br/>8月12日，延吉市法院向金光和美花发出再审后的判决书：判决二人离婚，认定美花在不通知丈夫去向的情况下取走300万存款属于转移财产，判定美花少分共同财产，最终判决“六四分”，即“男六女四”，5岁的儿子归女方抚养，男方每月给付抚养费500元直至孩子满18周岁。判决后，女方不服，于昨天最后一天上诉日提出上诉。\r \r<br/>女方认为，自己带走300万元到境外投资属于双方共同投资行为，男方不该毫不知情。当时双方处于冷战状态，男方特意选择这一时间到法院提出离婚，令她无法到庭参加诉讼，使她戴上“转移财产”的帽子，这不公平，她要求双方均分财产。\r \r<br/>法院认定女方转移财产\r \r<br/>此次判决法院认为，女方取走300万如此大额存款时没有与男方联系、协商，投资前后也没有告知男方，该行为应认定为夫妻离婚时，一方转移共同财产，因此在分割财产时，女方应该少分或者不分。\r \r<br/>此次判决法院对女方的权利给予了更多关照，判决女方获得共同财产的40%。算起来，双方共同存款380万元，4处房产和一辆轿车估价在50万元以上，加上女方退回的15万元保险金，去掉共同债务16万，女方比第一次审理多分得80多万元。\r \r<br/>法院认为，双方都争取孩子的抚养权，但谁也不能证明谁比另一方更有优势，考虑到孩子只有5周岁并且一直由女方抚养的原因，将孩子判给女方。\r \r<br/>男方曾吞下50万元收条\r \r<br/>有意思的是，在该案第一次判决之后，双方在延吉市法院执行局见面，在执行法官主持下准备分割财产时，还发生了这样一幕：当美花拿出一份由金光亲手写的50万元收条交给执行法官，法官正在看时，金光突然从法官手中抢过来，将收条吞到肚子里！\r \r<br/>第二次开庭庭审，法官询问金光为什么要吞收条。金光含糊其辞没有说什么。法官于是表示，情况属实，即使你吞掉了收条，但是有执行法官作证，这50万还是算你收到了。金光当庭表示，那就算吧。\r \r<br/>事后接受记者采访时，金光说，自己根本没有收到50万，那时妻子刚回来，他想挽留二人的婚姻，特意写了这个收条，想以此向妻子表示诚意，但是到了后来，他后悔了。\r \r<br/>■新闻链接\r \r<br/>中500万后的离婚案不少\r \r<br/>■2007年4月，上海一对夫妻中了500万体彩大奖后，妻子到法院起诉离婚，称丈夫总怀疑她有外遇并打她，而男方认为女方把钱藏起来自己花，自己却只能靠微薄工资度日。开始男方坚决不同意离婚，后来法庭调解时男方忽然要求立即离婚，说是怕老婆把钱都花没了。\r \r<br/>■2007年9月，一重庆到广东打工的男子中奖500万之后企图瞒着妻子私吞巨奖，被妻子得知后告到法庭要求离婚并分割财产。后经法院调解，双方重归于好。\r \r<br/>■2008年9月，河南某报报道一24岁女子向记者投诉，丈夫中奖500万后不告诉她，还要和她离婚，只给3万元抚养费，原因是嫌她太懒。\r \r<br/>《中了500万 夫妻离了婚》续\r\n\r\n\r\n\r\n\r\n**************************************************', '', 1, '0'),
(18, 1, 17, 1, 'he21cn', '127.0.0.1', 1251357714, '2009年08月27日00:29  汉网-武汉晚报 \r<br/>本报讯 (记者 翁晓波) 大学新生上学，除爷爷奶奶、父母、小姨、舅舅舅妈接送外，还携带着包括衣服、被子、零食、电脑等整整十大箱子行李。这是前日晚上，记者在汉口火车站见到的情景。\r \r<br/>张敏(化名)是十堰市人，家族里兄弟姐妹中，就她一个女孩。打小就是众人眼里的“宝贝”。今年高考，她考上武汉科技学院，因为是家族中第一个大学生，全家人都非常开心。\r \r<br/>马上就要开学了，张敏决定提前几天到武汉，在武汉的舅舅家住几天。两天前，全家人都在给她准备行李：妈妈怕学校的被子不厚，专门给她带了3床厚被子；爸爸为了奖励她考上大学，给他买了一个笔记本电脑；平时穿的衣服全部要带上，春夏秋冬还要重新买几套备用；亲戚送的“好记星”、MP3等都得带上；爷爷奶奶从超市购回5大袋家乡的零食，生怕她在武汉饮食不习惯；哥哥弟弟们还给她买了很多玩具，她专门选了一个大号的玩具熊带着；平时喜欢看的书，也专门安排箱子带着……两天收拾下来，所带的东西足足装了十个箱子。\r \r<br/>前日一早，爷爷奶奶、爸爸妈妈及小姨就和张敏一起，浩浩荡荡来到武汉。晚上汽车达到武汉，舅舅舅妈早就在下车点迎接了。一家人打了三辆的士才勉强挤进去。\r \r<br/>记者问张敏：“你带这么多东西，在学校里放在哪里啊？”她不假思索回答：“我也不知道，反正他们给我装了这么多。”\r\n\r\n\r\n\r\n\r\n**************************************************', '', 1, '0'),
(19, 1, 18, 1, 'he21cn', '127.0.0.1', 1251357714, '2009年08月26日 09:55  新闻晨报\r \r \r \r □捏造“胡斌替身”谣言者被拘，引发网民热议。\r \r \r<br/>晨报记者 姜 鹏\r \r \r<br/>前一段时间，网络上关于杭州“5·7”交通肇事案出庭被告人胡斌是“替身”的议论沸沸扬扬，最后经杭州司法机关出面澄清才平息了质疑。\r \r<br/>昨日，晨报记者从湖北鄂州警方证实，湖北省鄂州市无业人员熊忠俊被指利用网络捏造、散布杭州“5·7”交通肇事案出庭被告人胡斌是“替身”谣言，日前被行政拘留10天。\r \r<br/>不过，网友对于警方的这一作法又起质疑，认为属“因言获罪”。专家表示，警察拘留网民应谨慎，建议尽快出台司法解释，明晰正当言论与造谣的区别。\r \r<br/>散布者：\r \r<br/>曾任某杂志驻深圳记者\r \r<br/>7月20日，杭州“5·7”交通肇事案一审判决，出现在庭审现场的胡斌比案发时明显发胖，而且戴上黑框眼镜，看上去判若两人。21日，熊忠俊以“刘逸明”名义在网上发布《荒唐，受审的飙车案主犯“胡斌”竟是替身》一帖说：“让人吃惊的是，受审的‘胡斌’竟是一个替身，中国媒体在广传有关消息的时候，竟然都没看出来，实在是可悲。”随后，杭州司法部门接受媒体采访时称：“这些猜测纯属无稽之谈，毫无事实根据。”\r \r<br/>24日，刘逸明再发表《上庭受审的“胡斌”铁定是替身》一帖，对法院“无稽之谈”的说法再次予以质疑，“不能不说是现代版的指鹿为马。”\r \r<br/>从7月23日至8月2日，熊忠俊共发表8篇帖子，公布各种胡斌使用替身的“证据”，认为司法机关和媒体作假包庇。\r \r<br/>鄂州市公安机关认为，熊忠俊利用互联网捏造、散布“胡斌替身”谣言，引发网民猜疑，误导公众舆论，扰乱公共秩序，已构成违反治安管理行为。对上述违法行为，熊忠俊供认不讳。鄂州市公安机关根据《中华人民共和国治安管理处罚法》第25条之规定，于2009年8月21日对熊忠俊作出行政拘留10天的处罚。\r \r<br/>晨报记者多方求证获悉，熊忠俊1980年出生于湖北鄂州，爱好文学，笔名“刘逸明”，曾担任一家杂志社驻深圳记者，为多家媒体撰稿。\r \r<br/>晨报记者还获悉了一段熊忠俊被拘留前一天的QQ聊天记录，称“当天他被湖北警察传唤，涉嫌罪名是造谣”。熊忠俊承认“我发过怀疑胡斌找替身的文章”，但他否认自己“首发”该帖。\r \r<br/>在天涯网站上，“刘逸明”属于“全面封杀”用户，最后一次上站是8月21日。自今年4月注册以来，网友“刘逸明”发帖50余篇，其中大多数是评论和质疑内容。网 友：\r \r<br/>非凭空捏造，属合理质疑\r \r<br/>网友“刘逸明”被拘的消息一经传出，立即引发其他网友的热议。一位网友表示难以接受，认为“刘逸明”通过对比前后两张有明显区别的胡斌照片，怀疑胡斌使用替身属于合理质疑，而非凭空捏造了一个事实，“刘逸明”被拘属于“因言获罪”。不过，也有网友认为“这(熊忠俊的发帖)明显不是怀疑，而是造谣”。对此，天涯网总编辑胡彬接受晨报记者采访时对警方拘留熊忠俊的举动有些不解，“抓网民，应当慎重。”胡彬表示，网友“刘逸明”在多家网站多次发帖“胡斌有替身”，确有干扰、散布之嫌，但不能认定属造谣。“按照这种逻辑，警方先前发布车速70码，亦属于造谣。”\r \r<br/>针对网友“因言获罪”的担忧，胡彬介绍说，当前互联网讨论秩序亟待规范，应当从规范网友讨论和加强站方管理两方面着手，建立一个理性、文明、友好的言论环境。\r \r<br/>有网友怀疑天涯网站泄露了熊忠俊的个人资料。胡彬表示，经内部调查，网站并未泄露相关信息，而此次警方也未要求天涯网站提供相关信息。\r \r<br/>专家：\r \r<br/>应明确言论和谣言区别\r \r<br/>近年来，因网络发帖造谣而被拘留的案例呈现高发态势。\r \r<br/>北京大学法学院教授张千帆表示，我国法律对言论与谣言的区别并未有明确的界定，以至于对谣言案认定显得比较随意，时常引发争议。张千帆认为，最高司法机关应借助该类案件的频频发生尽快制定一些司法解释，既保护公民言论自由，又明确质疑言论和造谣的边界，从而减少对言论的误判或矫枉过正。\r \r<br/>张千帆表示，从监督和推动政府部门工作的角度，政府部门应该善待网友言论。如果失实言论没有造成危害或严重后果，应谨慎对言论者采取拘留或处罚措施。\r\n\r\n\r\n\r\n\r\n**************************************************', '', 1, '0'),
(20, 1, 19, 1, 'he21cn', '127.0.0.1', 1251357714, '2009年08月27日03:20  华龙网-重庆晚报\r \r \r 赵本山这次被“纵容”？ \r \r \r<br/>广电总局一纸限制方言剧的禁令，让方言剧的生存空间越来越小。将于本月30日重庆卫视开播的电视剧《挪个地方要得不》就不得不出资数十万元，两度对电视剧的配音进行调整。在接受记者采访时，该剧制片人兼主演赵亮对广电总局的新规定很有异议，他表示：“广电总局规定，在上星卫视黄金时段播出的电视剧中，方言的比例只能占到30%—40%，但却把东北剧撇开，模糊规定称不能完全使用东北话，可以使用东北的一些口语。”这样的规定对于重庆等南方的方言剧很不公平。\r \r<br/>现状\r \r<br/>方言也分地域对待 四川话很受伤\r \r<br/>代表作《挪个地方要得不》\r \r<br/>重庆卫视宣布赵亮、王迅、媛凤主演的城乡统筹轻喜剧《挪个地方要得不》，将采用普通话版本，这让许多观众颇为失望，一些观众致电本报记者：“最喜欢的就是媛凤闹喳喳的感觉，改成普通话，可能就没意思了。”对此，制片人赵亮很无奈，“广电总局的规定在那里，要上卫星就不能全用方言。”\r \r<br/>陕北话很郁闷\r \r<br/>代表作：《苍天》\r \r<br/>近段时间在央视热播的电视剧《苍天》，在剧中大量使用陕北话，在得到观众“很有亲切感”的认同之外，也受到了“广电总局的禁令到底是不是一纸空文”的质疑。昨日，记者联系上该剧主演王学圻，面对质疑，王学圻很委屈。\r \r<br/>他告诉记者，其实原来版本中的陕北方言比现在多很多，剧中群众所说的话都是陕北方言，但广电总局和央视都不允许播，后来只好重新配音，仅有一些口语使用方言。王学圻也证实了赵亮的说法，方言在剧中比例不能超过30%—40%。\r \r<br/>东北话很得意\r \r<br/>代表作：《乡村爱情3》\r \r<br/>与前面两部剧的遭遇相比，《乡村爱情3》就没有遇到这样的问题，该剧传出的最新消息是已经锁定央视春节档播出。不但剧中使用东北方言不受限制，而广电总局的另一项“限播电视剧续集”的规定也在该剧中失效。赵本山明确表示：“《乡村爱情3》不会改名。”\r \r<br/>潜规则\r \r<br/>南方方言敌不过北方方言\r \r<br/>赵本山让东北话大行其道为了剧能播，只能多花钱\r \r<br/>赵亮给记者举了一个例子，一部南方方言的电视剧和东北方言的电视剧竞争在央视一套播出，南方方言的电视剧会明显处于劣势，“也许在央视眼中，东北话的普及程度要比南方方言高，而东北方言更接近普通话吧。”\r \r<br/>赵本山让东北话大行其道\r \r<br/>而一位不愿透露姓名的制片人，则把东北话在央视大行其道的原因归结到赵本山身上，“其实大家可以关注一下，能在央视播出的东北剧，大多都有赵本山的份，央视播东北话其实是给赵本山面子。”这位制片人的说法未免有一些偏激，不过有一个细节却值得关注，在央视播出的《清凌凌的水蓝莹莹的天》中，自导自演的潘长江，放弃了东北话，改用普通话。\r \r<br/>为了剧能播，只能多花钱\r \r<br/>为了能让剧上星，赵亮调整了两次配音方案，他寻找到一个妥协的方式，在剧中主要使用普通话，但王迅等人物还是保留四川话，“在规定之内，最大限度上使用方言。”而这让他的投资成本增加了30万元。“能不能不上星，坚持用方言？”赵亮的答案是否定的，他表示，如果只在地方台播，他根本就收不回成本。\r \r<br/>王学圻也同样很无奈，他反问记者：“你想想，本来陕北话说得很亲切，突然要改成对着铁话筒说普通话(后期配音)，能有什么好效果。”首席记者 巫天旭\r \r<br/>观点\r \r<br/>重庆话能不能上央视？广电总局：只能适量用\r \r<br/>作为广电总局审片委员，周星对于广电总局的禁令有比较详细的了解。他介绍，方言禁令的出台，其实是在方言剧泛滥成风的前提下进行了限制。周星认为，既然国家规定了将普通话作为大众推广语言，在央视、卫星台上播出的电视剧，就应该以普通话为基准，但允许在剧中穿插少量的方言来展示地方风情。因此不管是东北话、重庆话都只能适量的使用，广电总局出台的这一禁令并无不妥之处。\r \r<br/>事实是，从1980年开始，四川话连续剧能上央视的，只有《傻儿师长》、《山城棒棒军》、《王保长歪传》不多的几部，并且都是在央视一套之外。\r \r<br/>重庆导演：改改就能用\r \r<br/>而长期拍摄普通话电视剧的重庆导演鄢光宗，则有另外一番解读。他表示，自己曾针对东北话在央视受欢迎，重庆话不受待见的现象进行过研究。他有一个比较深的感受，东北话在观众能听懂的前提下，能够传递出诙谐、幽默。同时，如果说话是“技”的话，东北演员可谓有“技”还有“艺”。而重庆方言则缺乏必要的提炼，在情感的表达上不够细腻，同时重庆演员太依托重庆话本身的魅力，而这种语言在脱离了当地的语言背景之后，很难被人接受。“重庆话不是不能用，而是需要改动之后再用。”\r \r<br/>方言剧制片人：看菜吃饭\r \r<br/>作为方言剧制片人的代表，赵亮希望广电总局不搞“一刀切”。有一些电视剧，用普通话表达会有问题，比如《山城棒棒军》，脱离了特殊语境，很难达到预期的效果。而像《挪个地方要得不》这部剧而言，普通话或方言对剧的精彩程度影响并不大，因为该剧的故事性比较强，喜剧的效果是通过剧情来表达，而不是完全依托于语言。“看菜吃饭，具体情况具体分析。”\r\n\r\n\r\n\r\n\r\n**************************************************', '', 1, '0');
INSERT INTO `hope_post` (`pid`, `class_id`, `tid`, `uid`, `username`, `ip`, `dateline`, `message`, `pic`, `isthread`, `hotuser`) VALUES
(21, 1, 20, 1, 'he21cn', '127.0.0.1', 1251357714, '2009-08-27 05:58:37　来源: 四川新闻网-成都商报(成都)\r \r 成都商报8月27日报道 昨日，一篇向著名歌唱家蒋大为追债的帖子引起了网友的热议。帖子中称蒋大为在2003年向当时的朋友兼经纪人姚曼借款90万元，并写下借条，但是蒋大为并未如期归还这笔钱，随后姚曼于2004年将蒋大为告上法庭，蒋大为却反诉姚曼欺诈，此案由北京市公安局刑侦总队展开调查，然而，案子却从此没了下文。\r \r 昨日，姚曼告诉本报记者，网上的帖子是她发的，原因是当年和蒋大为的90万元欠款官司时隔6年仍然没有任何进展，警方没有拿出任何调查结果，蒋大为也从未还过她钱，实在没办法了，她才“网上追债”。之后，记者联系上蒋大为的弟弟，他表示，借款一事根本就不存在。\r \r 网上发帖：蒋大为赖账6年\r \r 网上的帖子称：以《在那桃花盛开的地方》等歌曲享誉国内外的著名歌唱家蒋大为在6年前欠下了90万元的巨债，至今也未归还，其间借款人曾经提起诉讼，蒋大为却以种种方法“赖掉”了还款，并反诉借款人姚曼“胁迫”其写下借条，涉嫌敲诈。这篇长长的帖子中还贴出了大量与案件相关的文件，包括2004年7月21日北京市公安局刑侦总队向海淀区人民法院发出的编号为京公刑侦发字(2004)34号的函件、蒋大为的借条原件扫描图、海淀区人民法院民事裁定书等。\r \r 记者注意到，有大量网友跟帖，称其为“网络追债”，有网友称：“看来‘名人效应’不仅在商业演出圈管用，在其他地方也能‘通吃’，要不然怎么有凭有据的借款案最后就能不了了之？”也有网友质疑事件背后的隐情和发帖人的身份，还有网友调侃为“在那逃债盛行的地方”。\r \r 事件背后：案件石沉大海\r \r 昨日，姚曼向本报记者承认，网上的帖子正是她发的：“我没有其他办法了，6年了，我就是想要个说法”。\r \r 早在2006年，这个借款官司就曾因为姚曼两次上门要债而名声大噪。那个时候，姚曼和蒋大为已经认识多年了。1998年，姚曼在蒋大为的邀请下，开始与他合作做演出。姚曼通过父亲的关系为蒋大为组织了一些演出并接拍了一些广告，相当于经纪人的角色。2003年的年初，她个人拿出90万元现金准备组织一场演出，后来因为种种原因取消了。于是，她就把这笔钱存放在了蒋大为的家中，也就是帖子中借条上的时间2003年3月20日，内容是“今借姚曼人民币玖拾万元整，于2003年10月底前还清”，落款人是蒋大为。 但是蒋大为不但没有还款，还和姚曼的关系闹僵了。姚曼在2004年元旦过后将蒋大为起诉至北京海淀法院。2004年3月，蒋大为提出反诉，称借条是姚曼在地下车库以“非法胁迫”手段迫使他写下的。同时，他声称姚曼以非法手段虚构借贷关系，侵占了他124万元，足以抵消90万元的欠款。\r \r 时隔几天，也就是2004年3月15日，北京市公安局刑事侦查总队向海淀区人民法院发出了“关于请海淀区人民法院协助工作的函”，称2003年11月，刑侦总队已经受理了姚曼涉嫌敲诈蒋大为一案，将作为刑事案件立案侦查。为保证侦查过程顺利进行，要求法院做好保密工作，并妥善处理姚曼一案件。随后，海淀区人民法院向姚曼发出了民事裁定书，称中止此案诉讼。\r \r “我就这样成了犯罪嫌疑人，而且一当就当到现在”，姚曼昨日说，可是在这几年中，并没有警方来调查过她这个“犯罪嫌疑人”，案件也石沉大海，再无结果。\r \r 事到如今：双方各执一词\r \r 昨日，蒋大为没有接听本报记者的电话，蒋大为的弟弟称蒋大为目前在国内，但是不方便接电话：“关于此事，没什么好说的，去问公安局和法院吧，现在是以法律为准绳。”他称借款一事并不存在。而北京市公安局刑侦总队的值班警官则表示，案件的时间太久了，不确定此案是否还在调查中，需要核实之后告知。\r \r 姚曼称，今年年初，蒋大为还通过中间人找过她，希望少还一些钱，50万元左右还拿得出来，但被其拒绝，“他在我面前从未否认过这笔欠款的存在，可就是想通过其他途径赖掉。” (本文来源：成都商报 )\r\n\r\n\r\n\r\n\r\n**************************************************', '', 1, '0'),
(22, 1, 21, 1, 'he21cn', '127.0.0.1', 1251357714, '2009-08-26 18:17:33　来源: 网易娱乐专稿\r \r \r \r 刘德华到香港后前往公司。\r \r \r \r 刘德华不回应是否结婚。\r \r \r \r \r \r 刘德华上楼往公司。\r \r \r \r 网易娱乐8月26日独家报道 昨日(8月25日)晚上十时多和朱丽倩十指紧扣返港的华仔。于翌日十四时二十分坐着保姆车，从加多利山寓所驶出，前往他的公司——华仔天地安建中心。大约十四时四十五分，华仔在五至六名保安的保护下下车，途中有记者提问“公开关系后是否轻松很多？”“对粉丝的责怪有否感到压力”和“是否会在不久将来会和朱丽倩到大马举行婚礼”等问题。对此，头带cap帽的华仔并没有回应记者任何提问，目无表情地走入大厦。\r \r\n\r\n\r\n\r\n\r\n**************************************************', '', 1, '0'),
(23, 1, 22, 1, 'he21cn', '127.0.0.1', 1251357714, '2009-08-27 01:17:36　来源: 中国新闻网(北京)\r 中国新闻网8月27日报道 经过连续数月的快速攀升，上海房价创下历史新高。房价的急速上涨使得地方政府此前的护盘心态出现变化，上海正通过大手笔的推地及二十六日起连续开工建设三个大型居住区等增加供应量的做法来平抑房价。\r \r 最新公布的、分别反映新房和二手房价格走势的中房上海指数和上海二手房指数显示，七月份的上海房价创出历史新高。\r \r 七月中房上海综合指数为二一二七点，较上月上涨百分之四点七三。其中住宅指数为二0四五点，较上月上涨九十九点，环比涨幅百分之五点零九，刷新了历史纪录，与今年二月份房价低位时相比，上涨了百分之十点二，与去年同期相比上涨了百分之三点二三。\r \r 七月的上海二手房价格指数为二四二七点，较六月上升二十九点，环比涨幅百分之一点二一，同样一举跃上历史最高点。全市五十六个控制点板块均出现上涨，无一下跌。\r \r 郊区楼盘价格频频破万。相关报道称，除远郊崇明县外，上海已进入“万元”房价时代。大幅上涨的房价已成为社会热点，也引起政府高官高度关注。\r \r 中共上海市委书记俞正声七月份对媒体谈及上海房价时表示，“我觉得房价高”，将“增加供给量”。\r \r 最近一周来，上海出现新一轮的推地热潮。市规划和国土资源管理局接连发布的六十一、六十二、六十三号公告共推地十一块，总面积达四十五点八三公顷。其中居住用地占了相当比例。\r \r 同时，今年第九号土地出让预公告，拟出让闵行大型居住社区浦江基地鲁汇A、B块两个地块，共出让土地十七点一三公顷。这两个地块同属于今年确定的大型居住社区项目。\r \r 在大手笔推地的同时，上海市十五个大型居住区建设取得突破性进展。继六月下旬江桥基地启动以来，首批六个基地中的浦江、周康航和曹路三大基地从今天起三天内先后开工。规划显示，六大基地建设用地面积约十九点三三平方公里，其中居住用地面积约十点七七平方公里，规划居住人口约五十二万人。\r \r 上海市市长韩正上周的公开表态为以上的政府行为作了注解：“上海房价已过高，我们必须防止房价上涨过快，政府应该采取措施，有效控制房地产市场增长速度。”他表示，上海市政府下半年将增加可供房地产开发的土地供应量，并加快建设面向低收入家庭的经济适用房。\r\n\r\n\r\n\r\n\r\n**************************************************', '', 1, '0'),
(24, 1, 23, 1, 'he21cn', '127.0.0.1', 1251357714, '2009-08-27 08:05:56　来源: 新京报\r \r \r \r 智联招聘前CEO刘浩 \r  \r \r \r<br/>本报讯 (记者林其玲)昨天有媒体报道招聘网站智联招聘上一财年亏1.5亿元，CEO刘浩因为业绩不佳，被迫“下课”。智联招聘方面表示，“刘浩是主动请辞”，“董事会是肯定刘浩业绩的”。\r \r<br/>智联持续亏损\r \r<br/>据媒体报道，智联招聘的最大股东澳大利亚seek前天公布上一财年报告。财报显示，由于智联招聘的亏损，使seek产生了1725.4万澳元的税后亏损额。“如此计算，智联招聘本身的亏损约1.5亿多人民币。”而seek公司今年3月公布的一份财报显示，智联招聘2008年的亏损额约1.7亿元人民币。\r \r<br/>上月刘浩接受记者采访时表示，“现在还不是赚钱的时候，市场份额才是目的。”业内人士认为，这可能是刘浩跟股东和高层意见不一致的导火索。不过智联招聘公关强调，刘浩辞职是个人原因，智联招聘“如果亏损，肯定是战略性亏损”。\r \r<br/>三招聘龙头仅前程无忧盈利\r \r<br/>本月初，中华英才的母公司Monster发布第二季度财报显示，中华英才网也处于亏损状态。而去年中华英才网的亏损额高达1.75亿元人民币。其前总裁张建国也于今年年初离职。\r \r<br/>目前国内三家龙头招聘网站中，只有前程无忧保持盈利，其第二季度净利润比去年同期增长7.78%。\r \r<br/>- 相关\r \r<br/>“网络招聘行业或生变”\r \r<br/>据易观国际最新的市场检测数据，前程无忧目前占有国内26.3%的市场份额，而英才网和智联分别占有22.4%、15.3%。易观国际分析师表示，中华英才有可能抢占市场份额。业内人士表示，网络招聘行业格局可能将会发生变化。\r \r<br/>据悉，英才和智联上半年都在新业务上进行尝试，企业在战略上也有调整。英才网今年推出开发简历助手业务，希望从注册用户数上追赶51job，而智联招聘也于6月推出简历增强显示的增值业务服务，并成立培训咨询服务公司。 \r\n\r\n\r\n\r\n\r\n**************************************************', '', 1, '0'),
(25, 1, 24, 1, 'he21cn', '127.0.0.1', 1251357714, '2009-08-27 07:53:33　来源: 新京报\r \r 10年来1330位中国富豪中49位“生变”，其中17人获刑，3人待宣判 \r \r \r<br/>- 关注焦点\r \r<br/>一向乐于挖掘中国富豪的胡润，昨日正式发布了《胡润百富榜-中国富豪特别报告》。\r \r<br/>据这份报告披露，10年来登陆胡润百富榜、财富令人艳羡的1330位中国富豪们，有49位发生了各种变故，其中17人获刑入狱，3人待宣判。包括牟其中、唐万新、顾雏军、周正毅等名噪一时的人物。\r \r<br/>昨日，胡润研究院发布的《胡润百富榜-中国富豪特别报告》，罗列了1999年至2008年10年间，上过胡润百富榜的1330位企业家出“问题”的名单。\r \r<br/>48位变故富豪补充为49位\r \r<br/>根据报告，10年来，1330位上榜富豪中曾发生变故的有49位(其中一同上榜的兄弟及夫妻均算一位)。这里的“变故”包括，被判刑、等待宣判，正在或者曾经被调查过，下落不明(或在国外)或者去世。\r \r<br/>其中，已经判刑或者等待被判刑的分别有17人和3人，这20名“归宿”明了的企业家，被称作“问题富豪”，占据了胡润榜单上榜1330位富豪的1.4%。\r \r<br/>此前，有媒体报道变故富豪是48位。昨日，胡润研究院相关负责人表示，在48位变故表单制作完成后，发现漏掉了已经去世的中发电气董事长南民，后补充成49位。\r \r<br/>获刑富豪最高被判无期\r \r<br/>报告中详细列出49位变故富豪的资料，资料来源多为公开信息。其中很多名字虽然近年几乎被人们遗忘，但他们都曾名噪一时。\r \r<br/>17名被判刑的问题富豪包括：南德集团牟其中被判无期徒刑后改判18年，缔造格林柯尔系的顾雏军被判10年有期徒刑，操纵证券交易价格的德隆系掌门人唐万新被判8年徒刑，行贿、挪用资金的上海农凯集团周正毅两次被判19年徒刑。\r \r<br/>17人中，明伦集团周益明因合同欺诈量刑最高，终审被判无期徒刑。\r \r<br/>胡润称富豪落马情况复杂\r \r<br/>“对这些问题富豪，很难归纳他们出现问题的共性。”胡润表示，“富豪落马其实还是一个比较复杂、多层次的事件，把一切归因于个人道德不合适，但转到中国经济这一背景下又有些太形而上。但大部分企业都在失去创始人的情况下，度过了危机，存活下来。”\r \r<br/>纵观这些富豪触及的问题，多包括挪用资金、诈骗、行贿等等。胡润表示，在过去中国企业的经营环境中，“第一桶金”是很难拿到的，并不像今天一样融资渠道很多，可以直接找风投。在现在政策体制已经有所改善的环境下，富豪们就没有了犯此类错误的托辞，企业家原罪理论对现在的富豪们不适用。\r \r<br/>胡润否认百富榜为“杀猪榜”\r \r<br/>胡润一直否认自己的百富榜为“杀猪榜”，但这份“问题富豪”名单中，一些企业家确实为胡润榜单的常客。\r \r<br/>在正在被调查的10位富豪中，包括黄光裕、黄俊钦兄弟、东星航空兰世立、中信泰富荣智健等7人连续4次以上登上胡润百富榜。\r \r<br/>胡润对此表示，自己一手打造的榜单，与这些富豪的命运没有直接关联，“10年来98.6%的民营企业家都带领着企业健康发展，这个出问题的比例很低，在中国经济高速发展的十年，没有一个人出问题才不正常”。\r \r<br/>- 对话\r \r<br/>胡润：黄光裕仍会上榜\r \r<br/>认为错误跟财务没关系，称此次报告是以数据回击“杀猪榜”质疑\r \r<br/>高调发布“百富榜”10年的英国人胡润，为什么要发布《中国富豪特别报告》？胡润接受本报记者采访，谈了他对榜单以及对中国富豪的看法。\r \r<br/>很多人对企业家态度不公平\r \r<br/>新京报：为何此次改变了“挖掘”富豪的工作，晒出了10年来“问题富豪”的名单？这样的报告你希望告诉人们什么？\r \r<br/>胡润：很多人对待企业家的态度是不公平的，认为他们有财富，就一定出问题。\r \r<br/>但是我们的报告数据显示，98.6%的企业家在中国经济高速发展的近10年都带领企业健康的成长。尽管一些企业家因为自身和环境的原因出了“问题”，但是民营企业家对中国经济的贡献不能抹煞。\r \r<br/>此外，有人一直认为胡润百富榜是“杀猪榜”，我们一直没有回应，但是现在以这种数据报告的方式来证明，让很多质疑之人没有话说。\r \r<br/>新京报：黄光裕等“问题富豪”还会登上你的富豪榜吗？这样的“问题富豪”继续上榜会不会影响榜单的社会形象？\r \r<br/>胡润：当然会上榜。黄光裕遭调查的问题仍旧没有结论，我们以创维董事局主席黄宏生为例，他出现过问题服刑6年并已经出狱，由于他们一直对企业持有股份，依旧是富豪。错误跟财务没关系。\r \r<br/>应关注有学习价值的企业家\r \r<br/>新京报：你的团队制作榜单调研的数据基础是什么，这样的调研是否权威？\r \r<br/>胡润：2000年9月，当我们把计算出的任正非的财富数字及相关信息传真到华为公司后，收到了华为发的一张律师函。10年来，我们收到的律师函很多，我没有数过。但是我们的数据都是来自公开数据，如上市公司披露的信息，所以没有问题。\r \r<br/>新京报：很多人并不喜欢你的榜单，认为你在借此平台“把富豪当商品卖”，你怎么看？\r \r<br/>胡润：这个蛮难回答的。事实是一些上榜富豪对我的榜单也很感兴趣，甚至有些上榜的人在人前炫耀得有点夸张。\r \r<br/>其实，富豪本身就是明星，关注的人很多，除了我的富豪榜单外，就像我在机场看到的，到处都是关于他们的书。关注这些人，可以通过这些企业家的故事，了解行业的故事，了解到中国社会的变迁。这些人也引导、启迪很多人的思路。很多人的故事是很了不得的，我们应该去关注身边这些有学习价值的企业家，大家不能永远去学比尔·盖茨，很无聊的。\r \r<br/>采写/本报记者 张晓蕊 \r\n\r\n\r\n\r\n\r\n**************************************************', '', 1, '0'),
(26, 1, 25, 1, 'he21cn', '127.0.0.1', 1251357714, '2009年08月27日 09:00　来源：中国新闻网\r \r \r 准新娘陈韵如红礼服上停满蝴蝶，准新郎颜志达挽着她赶紧拍照，因为十分钟后礼服上的蝴蝶就要飞走了。 台湾联合报图 \r \r 　中新网8月27日电 10月举行婚礼的准新娘陈韵如，26日试穿一款“蝴蝶礼服”，红色低胸礼服上，“停”着30多只活体蝴蝶，远望彷佛蝴蝶彩绘图。不过，十分钟后，缎面礼服上动也不动的蝴蝶突然展翅飞舞，惊艳全场。 \r \r<br/>据台湾联合报报道，新娘礼服上贴满水晶、亮片不稀奇，但这种活跳跳的蝴蝶当装饰且能飞舞，的确很耀眼。\r \r<br/>新郎颜志达为实现承诺，问到女友工作的度假村，总经理答应，活蝴蝶先以纸张包起来，冰在7℃低温2小时，让蝴蝶类似冬眠般昏睡，再取出“贴”在礼服上，蝴蝶则是利用冰冻的水气贴在衣服上。\r\n\r\n\r\n\r\n\r\n**************************************************', '', 1, '0'),
(27, 1, 26, 1, 'he21cn', '127.0.0.1', 1251357714, '2009年08月27日 09:17　来源：青岛新闻网　\r \r<br/>糊涂母亲培养儿子做“老鸨”\r \r<br/>案发后，母子俩双双被捕\r \r<br/>为了自己的事业能够后继有人，浴室负责人陈梅非让儿子跟着她学习。儿子果然不负众望，不但按照母亲的意愿好好学习，还拉来了众多同学好友，以一对一谈恋爱的名义控制住小姐，让小姐们一心一意为他们卖命。\r \r<br/>儿子成“老鸨”，未来儿媳当小姐 \r \r<br/>陈梅今年46岁，去年12月，在南京以每年5万元的价格租下了一个店面开浴场。表面上，陈梅的浴场是做正经生意的，但是深谙赚钱之道的陈梅还是在里面安了小姐提供服务。浴场开业后，生意不错，陈梅便将中专毕业的儿子吴海叫回来帮忙，意在培养他当接班人。\r \r<br/>在母亲的一番教导下，吴海对母亲的安排欣然接受。而因为浴场的生意一直不错，所以小姐很缺，陈梅便盯上了儿子几年前就开始谈恋爱的小红，在母亲的说服下，吴海欣然同意。而小红在“老公”和“婆婆”的双面夹击下，也答应下来。\r \r<br/>浴室和小姐实行的是分成制度，一般来讲，一次生意后，浴室就和小姐四六分成或者三七分成。而小红考虑到是为自家人卖命，干起活来格外卖力，她在里面呆了一个月左右，就赚了3700元。后来因为哥哥要结婚，小红回家了。不过，小红的事，却让吴海发现了里面的一个商机。\r \r<br/>原来，吴海和母亲都觉得，如果浴室里的小姐能和他们找来的一些朋友谈恋爱，那么朋友不但能起到看管小姐的作用，还能让小姐更加卖力干活。\r \r<br/>打定主意后，吴海就给自己的同学和朋友打电话，让他们到浴场来上班。而那些朋友来了后，吴海就把来龙去脉和对方说明，这些人都是好吃懒做的主，一听既有钱赚又有女朋友可以谈，马上答应下来。\r \r<br/>于是，那些朋友纷纷追求浴室里的小姐们，有些人追求不到后，甚至将自己的女朋友哄骗到浴室里卖淫。还有人更加夸张，不但找来了自己的女朋友卖淫，连自己的姐姐也被他带过来做小姐。\r \r<br/>这样的方式一成功，小姐们自然更加听话了，浴室的生意也更上一层楼。有人在落网后交代，基本上每天都有三四十个嫖客到浴室里找小姐。\r \r<br/>防范警察，他们用上高科技\r \r<br/>这伙人组织卖淫这件事，很快被警方盯上，而他们察觉后，也马上行动起来，搞来了几部对讲机，让一些小伙子在浴室外围来回巡逻，一旦发现有什么风吹草动，就立即和在店里守候的吴海联系。而吴海则拉响警报：浴室包间里的红灯马上转换成白灯。小姐们早就被他们培训过，一收到消息，立即穿上衣服和客人规规矩矩。\r \r<br/>虽然他们极力防范，但是警方还是找到证据于今年7月将他们一举抓获。而警方从目前查获的单据来看，陈梅等人组织卖淫所获得的非法收入达2万元。\r \r<br/>面对审问，陈梅一开始并不承认自己的违法行为，口口声声表示自己是正当的浴室经营，直到警方拿出确凿的证据，陈梅这才低下头，交代了所有事情。\r \r<br/>日前，陈梅和儿子等几人因涉嫌组织卖淫罪和协助组织卖淫罪被浦口区检察院批捕。\r \r<br/>(文中人物系化名)(通讯员 吴峰 记者 李梦雅) \r\n\r\n\r\n\r\n\r\n**************************************************', '', 1, '0'),
(28, 1, 27, 1, 'he21cn', '127.0.0.1', 1251357714, '09:20:28千龙网\r<br/>今年以来，网络上开始出现一些以“门”命名的色情视频，并通过社区、论坛等方式广泛传播，不过更令人惊讶的是，已经有证据显示这些“门”视频似乎并不全是网友在“无意”之中泄露到网络上的。 \r \r<br/>26日，杀毒软件360安全卫士相关专家表示，此类偷拍或自拍色情视频在网上流传有明显人为推广痕迹，而商业黑客正是幕后黑手。360分析认为，黑客用木马从当事人电脑中盗取视频后再传播的可能性极大，目的是散播木马获取利益。 \r \r<br/>色情视频链接暗藏病毒 \r<br/>近来网上以“门”命名的各类色情视频层出不穷，这些偷拍或自拍视频一经传到网上，就被迅速转载到各大社区和论坛，相关词汇随即成为炙手可热的搜索词汇。然而，在与这些热词相关的网页、BT种子、在线视频等内容中，却大量暗藏着各种木马病毒。 \r \r<br/>360安全中心杀毒软件专家表示，目前已经先后在多家论坛、博客中，发现“门”事件有明显的人为推广痕迹。主要表现为：这类“门”信息发布的地点比较固定，而不同的“门”相关“挂马网页”又都指向同一木马下载地址，夹带着相同种群的盗号木马及后门程序。 \r \r<br/>本月20日，网络安全服务商美国赛门铁克公司公布了“2009年夏季最肮脏网站名单”。结果显示，100个“最脏”网站中有48个使用了色情内容引诱人们掉入电脑病毒陷阱。而据360安全中心公布的同类调查数据显示，国内“挂马攻击”危害TOP20网站全部为色情网站。 \r \r<br/>国内色情网站“十站九毒” \r<br/>据360网络安全专家介绍，为了牟取利益，目前色情网站大都放弃了极易留下犯罪线索的会员收费制，开始投身木马产业链，充当起出卖访问者电脑安全的“流量商”角色。以近日央视《焦点访谈》曝光的“妹妹五月天”色情网站为例，该站长在网站“挂马”向商业黑客收取“人头费”，短短5个月就敛财10万余元，而黑客利用木马盗号窃取的财富显然远不止这个数。 \r \r<br/>360网络安全专家表示，“挂马”已经成为色情网站最主要的收入来源，国内色情网站“十站九毒”一点都不夸张，网友们一定要远离这类危险网站。当然，色情网站有时还会利用聊天软件或社交网站散布链接，导致很多网友无意间就点开了色情网页。（记者 杨汛）\r\n\r\n\r\n\r\n\r\n**************************************************', '', 1, '0'),
(29, 1, 28, 1, 'he21cn', '127.0.0.1', 1251357714, '2009-08-27 09:41:52　来源: 中国新闻网\r \r \r 妈妈指刘德华当时劈腿。\r \r 中新网8月27日电 刘德华以十指紧扣高调“手法”让朱丽倩正名。前女友喻可欣献“淡淡的祝福”，但喻妈妈跳出来说：“华仔和喻可欣那时还在谈恋爱，是朱丽倩介入，而且追得很紧。” \r \r 台湾“中国时报”报道，喻妈妈指刘德华当时劈腿(脚踏两只船)，喻可欣还因此跟他大吵：“要她就不要我，要我就不要她！”接着就闹分手。喻可欣多年来放不下这段情，喻妈妈不舍也不甘，对刘德华终于认了朱丽倩，她还说，不管当初是怎么抢的，朱丽倩也算熬出头了。 \r \r 喻可欣和刘德华分手后，身体状况时好时坏，两年前还得了肺结核，所幸是非开放性(不会传染)，为了治疗，她几乎不出门。她之前接受访问时透露，专心研读佛经，曾用易经替自己算命，“易经上说，等他结婚后，我就解套了。”\r\n\r\n\r\n\r\n\r\n**************************************************', '', 1, '0'),
(30, 1, 29, 1, 'he21cn', '127.0.0.1', 1251357714, '2009-08-27 02:42:27　来源: 京华时报(北京)\r \r \r 刘德华25日与绯闻女友朱丽倩十指紧扣返回香港。\r \r 京华时报8月27日报道 刘德华25日与绯闻女友朱丽倩十指紧扣返回香港。在机场被问及是否会在百日内结婚时，华仔首度开腔回应：“不是，所有的事情不会再讲，我不会多作解释”。华仔又在个人网站留言，他感谢媒体的包容眷顾，并对歌迷们为他遮风挡雨“万二分感谢。”此外，昨日朱丽倩家族的一位生意伙伴爆料称，其实华仔与朱丽倩两人早就结婚了。 \r \r “我带她回家休息”\r \r 据香港媒体报道，华仔与朱丽倩于25日晚10时半左右飞抵香港。虽然现场集结过百媒体记者及粉丝，但戴着口罩的华仔与朱丽倩，依然手牵手步出闸口。华仔为保护朱丽倩免被人群撞倒，更是腾出另一只手揽着她。二人寸步不离，表现恩爱。\r \r 面对记者的追访，华仔只礼貌地表示：“多谢传媒关心。”有记者追问华仔与朱丽倩会否于朱父逝世一百日内结婚，华仔终打破沉默首度开腔回应：“不是，所有的事情不会再讲，我不会多作解释，给点时间我等我带她回家里休息，搞到大家这样不好意思。”在华仔接受访问期间，朱丽倩一直低着头做其背后女人。\r \r “万二分”谢歌迷\r \r 昨天，华仔在个人网站留言，他感谢媒体的包容眷顾，对在机场引发的混乱表示歉意，还特别提及歌迷们无私无悔为他遮风挡雨，表示“万二分感谢。”\r \r 留言中，刘德华上来就是“让很多关心我的人都挂心了。”他说，在两地机场都引起了一些混乱，影响了不少旅客和工作人员，十分抱歉。随后，他提到媒体，“其实素来对我格外包容眷顾，感受到大家对我的爱护，你们这次也都辛苦了。”接着，刘德华在谈到歌迷时则表示“早已深受感动”。他说：“看到大家对我的爱更是无私无悔……容老大衷心说句，万二分感谢。”\r \r 两人被爆早已结婚\r \r 朱丽倩家族的一位生意伙伴昨天爆料称，其实华仔与朱丽倩两人早已结婚。\r \r 据报道，爆料人Byren一家和朱丽倩家族有生意往来。“我家和他们家(朱家)算是世交，偶尔会一起聚会，所以他们的事情基本上都知道。”Byren告诉记者，作为天王巨星，刘德华之所以迟迟不公开与朱丽倩的婚姻，是希望保护个人隐私。早在刘德华当红之时，他就公开过一次恋情，不仅许多歌迷难以接受，广告商也十分不满，女方也受到很大影响。所以，当刘德华与朱丽倩开始恋情，到最后结婚，他都保持高度神秘，不仅对外否认，也从不携手出行。Byren猜测，婚讯不公开的原因，还是考虑到个人隐私，不愿意私生活受媒体的“监督”。\r \r 另外，Byren还透露，在马来西亚，几乎所有人都知道刘德华是朱家的女婿，但是没有人会去对外面的人说。只是最近朱父去世刘德华表现“太差”，居民们才纷纷表示不满。综合《厦门商报》等消息\r\n\r\n\r\n\r\n\r\n**************************************************', '', 1, '0'),
(31, 1, 30, 1, 'he21cn', '127.0.0.1', 1251357714, '2009年08月27日 10:51:12 　来源：广州日报 \r \r     消费陷阱 \r     如今，手机市场的“高仿之风”越刮越猛，高仿手机卖得也越来越火，但是出现的消费纠纷也越来越多，不少奸商利用这种手机谋取暴利。 \r \r     有的消费者虽知道是高仿机，低价购买后没用几天故障就频频出现，维修无门，几百元相当于扔进了水里；还有一些消费者被不法厂商蒙骗，花了正品的价格却买了部高仿机，欲哭无泪。 \r \r<br/>诱惑：真机4000多元仿机400元 \r \r     所谓高仿机，就是高度仿造的手机，实质上就是无视知识产权的假冒手机。这些高仿机几乎和真机一样，做到了难以分辨的程度，连开机时的声音、开机后的界面都和正规品牌手机一样。有些高仿机甚至还能输入验证序列码。 \r \r     这类手机受到市场热捧也有一定原因，不少消费者对原版的高价觉得难以企及却又喜欢这款手机的外观；还有的消费者为了在朋友面前炫耀，乐意花上几百元去“显摆”，还有些学生或者追求高性价比的用户也会选择此类机型。 \r \r     高仿机所仿效的主要对象是售价高昂的大品牌高端手机、奢侈手机、天价手机，特别是新上市的旗舰机型；其次则是大品牌销量十分大的中端价位手机。记者在电脑城、大沙头等手机市场看到，这些高仿机价格低得惊人，比如三星伯爵手机、苹果iphone以及诺基亚N96等高档手机，真品价格多在4000~6000元，而这些手机的“仿真版”却只有几百元。 \r \r     陷阱：外观不错操作很差很难保修 \r \r     虽然说姜太公钓鱼，愿者上钩。且不评价高仿手机涉嫌侵犯知识产权问题，消费者抱着一种明知而为之的心态去购买，固然不值得提倡。但从保护消费者利益看，所谓高仿手机其实有很多消费陷阱，消费者购买后也并非能用得舒心。\r \r      其一，质量差很多。很多高仿机吹嘘自己能1：1高度仿真，但实际并非如此。虽然外观差不多，但手机的做工以及操作系统比真品其实要差很多。某消费者王先生花500元购买了一款“山寨”版苹果iphone手机。购买当天，王先生并未开机试用，待回到家后，他便发现手机音乐播放器无法使用，耳机也听不到声音，而且手机的原配电池使用不到1小时就自动关机了。 \r \r     其二，很难保修。这类手机在保修期内一旦出现性能故障，很难享受“三包“服务。大多数消费者购买时已经知其为“三无产品”，心头虽有疑虑，但经不住销售商“可退可换、保修3个月或半年”等口头承诺，也就忽视了售后服务问题。但实际上多是空头支票，许多高仿机的保修期最多承诺保修3个月，有的不到承诺的期限就找不到人了，售后还是要自己处理。 \r \r     其三，被骗话费。很多高仿手机内置了恶意扣费软件，手机也会像电脑一样，沦为黑客控制的“肉鸡”。不法厂商往手机芯片上植入了一些扣费程序后，他们就可以像黑客一样，通过GPRS网络让手机用户每月扣费消费。 \r \r     一些不法商家甚至会是以蒙骗的方式直接把高仿机当作真品卖。据记者了解，这些手机仿冒程度达到了95%以上，不但外形一模一样，就连功能表等操作界面都一样，如果不是行家，还真很难分辨出来。 \r \r     为了蒙蔽消费者，有的商家还会玩弄“偷梁换柱”的把戏，消费者挑选试用的时候是真机，而付款后拿来的却是高仿机。 \r \r<br/>鉴别 \r \r     真手机“天衣无缝” \r \r     假手机接缝松动 \r \r     看做工。比如外壳的各个接缝处。真品手机的各处接缝间隙均是十分均匀，而且不会出现松动的情况。仿真手机的间隙开口显得比较大，而且用手轻轻按压就会感到有松动的迹象。还比如外壳工艺处理上，真品手机一般光泽度极好，烤漆面均匀光滑，手感细腻。而仿真手机则漆面不均匀，手感有毛刺，外壳的某些部位还出现了轻微的锈迹。\r \r     仿真品的铭牌印刷得比较粗糙，字体笔画不均匀，质量较次。 \r \r     摸键盘。手感方面，仿真手机的按键大多不能很好地保持在同一平面之上，而且手感也显得比较生涩，手感极差，不仅难以定位，而且很容易发生错误操作。而真手机就较少出现这些问题。 \r \r     听声音。真品手机一般声音很纯，没有任何杂音，而不好的高仿机则是声音很大，没有那么纯，感觉有杂音，容易出现破音。 \r \r     装软件。如果是智能手机，可以临时用一个免签名的软件(如Ucweb)在机子里安装一下，不能成功安装则是高仿机，不支持Java下载的也是仿真机。如果验证非智能手机，安装软件不好办的话，那就安装主题，一般的高仿机基本上不能安装主题。 \r \r     配件不能忽视。配件也是高仿的，比如诺基亚电池，真品的防伪标签颜色偏红，立体感十足，其字体非常清晰。而仿制品的镭射标签则偏绿色，立体感较差，其上的小字体模糊不清。（薛松） \r\n\r\n\r\n\r\n\r\n**************************************************', '', 1, '0'),
(32, 1, 31, 1, 'he21cn', '127.0.0.1', 1251357730, '2009-08-26 00:06:00　来源: 网易娱乐专稿\r \r \r 刘德华与朱丽倩十指紧扣。 \r \r \r 刘德华牵着朱丽倩冲破记者的围堵。\r  \r  \r 刘德华与朱丽倩返回香港遭遇多家媒体围堵。\r   \r  \r 刘德华始终用身体护住朱丽倩。 \r \r \r 网易娱乐8月25日讯 25日晚上大约六时，刘德华从大马机场返回香港，在十时三十五分左右，华仔抵达香港机场，身边更拖住朱丽倩，两人都同样地穿白色衣服，两人手上都带上不少彿珠。 \r \r 大批传媒早已在场等候。华仔一出现，大批记者立刻一拥而上。造成很大的混乱，更有记者跌倒，一路上华仔不断和记者道歉。但华仔全程和丽倩十指紧扣，亦十分体贴，全程对佳人做足保护，怕记者们会和她有碰撞。而丽倩则全程护肚，身形亦有小许发胖，引人有孕的疑问。 \r \r 有记者问到华仔是否公开恋情时，华仔并未有正面回应，但看来华仔今次在公开场合和丽倩十指紧扣出现，间接地承应了两人的关系。记者问到丽倩心情有否回覆时，她就小鸟依人地靠紧在华仔身边，一声不响。华仔道：“没有特别想讲的，多谢大家对的关心，你们喜欢怎么想就怎么想，我也不打算解释那么多，现在我想先带她回家休息，以后会跟大家再说。” \r \r 刘德华背后的女人朱丽倩丧父，其亲朱金城享年73岁。朱家寓所坐落马来西亚的高尚住宅区Bukit Jalil（武吉加里尔），朱父病逝的消息传出后，大批传媒到朱家守候。 \r \r 被认定是“大马女婿”的刘德华陪朱丽倩返马来西亚奔丧。不过，华仔至朱父的丧礼举行期间也没有公开露面。 \r \r 连日来刘德华逃过了近百传媒的追访，千方百计不让传媒拍到他与朱丽倩在女方父亲朱金城的丧礼上现身，但二人终于在昨晨“岳父”的头七拜祭仪式上露面。 \r \r 华仔与朱丽倩二十多年的关系扑朔迷离，两人由1986年认识相恋，朱丽倩成为华仔背后的隐形女人后，两人的恋情低调处理20多年，并无合照。曾经在1992年传两人秘密结婚，1996年生女，虽然华仔一直否认，但两人的关系已是公开秘密。今年2月，两人在大马被摄下“世纪合照”，当时有传华仔正准备于朱丽倩43岁的生日正式结婚，但消息曝光后，婚事再度搁置。 (本文来源：网易娱乐专稿 )\r\n\r\n\r\n\r\n\r\n**************************************************', '', 1, '0'),
(33, 1, 32, 1, 'he21cn', '127.0.0.1', 1251357730, '2009年08月26日04:07  广州日报\r \r \r \r 泳装模特兼艳舞女郎加丝敏-菲奥里\r \r \r 已经自杀的真人秀明星瑞恩-亚历山大-詹金斯\r \r \r<br/>本报讯 上周，28岁的泳装模特兼艳舞女郎加丝敏·菲奥里的尸体在美国加利福尼亚州的布鲁纳公园里的一个行李箱中被发现，凶手为阻碍警方确认死者身份，将受害者的牙齿拔除，并砍掉手指，不过因死者生前曾做过隆胸手术，警方最终通过她的乳房植入物才确认了她的身份，并确认死者是被人掐死后弃尸。\r \r<br/>之后经过警方的排查，菲奥里的前夫、真人秀明星瑞恩·亚历山大·詹金斯成为本案最大嫌疑人，当时他已逃去了自己的家乡加拿大。美国联邦执法局悬赏25000美元通缉詹金斯，警方认为詹金斯带走了大量的钱款，用于离开美国。\r \r<br/>据报道，某酒店监控录像显示菲奥里和詹金斯一起抵达酒店，但是只有詹金斯一人离开。他离开时带着手提箱，而那个手提箱可能就是藏有菲奥里尸体的箱子。\r \r<br/>然而，令案情峰回路转的是，日前，瑞恩·亚历山大·詹金斯被发现死于加拿大的一家汽车旅馆内。加拿大皇家骑警警官邓肯·庞德接受《温哥华周日报》采访时说，詹金斯看起来是“结束了自己的生命。”唯一的解释只能是畏罪自杀了。\r \r<br/>詹金斯与菲奥里今年3月结婚，但婚姻仅维持到了5月，詹金斯曾对菲奥里施行过家庭暴力。\r \r<br/>据悉，詹金斯曾参加某真人秀节目《Megan Wants a Millionaire》，报称他是加拿大卡尔加里的投资银行家。他在他的家乡卡尔加里曾有过案底，他在2007年1月因为故意伤人而被判缓刑15个月。(星星)\r\n\r\n\r\n\r\n\r\n**************************************************', '', 1, '0'),
(34, 1, 33, 1, 'he21cn', '127.0.0.1', 1251357730, '2009年08月26日01:02  汉网-长江日报 \r<br/>本报讯 (记者万建辉)今晚是七夕夜，武汉一群网友相约偕恋人在武大举办活动，优胜者领养萤火虫一只。萤火虫从何而来？网友说，是找萤火虫养殖专业户扬帆买的。\r \r<br/>28岁的杨帆，2005年毕业于华中科技大学计算机系。当年与女友吵架，杨帆抓了一只萤火虫，让她破涕为笑。一直在寻找创业机会的杨帆灵光一现，何不饲养萤火虫，恋人的需求就是一个永不枯竭的大市场。\r \r<br/>2007年6月，杨帆的首批萤火虫开卖，至今销售额70余万元。他在汉川租下20亩地，聘用3名专职养殖人员，每年投入近10万元。\r \r<br/>“总共2.7万只萤火虫，22日前全部订完，七夕期间的销售额相当于平时一个月。”杨帆说，这段时间电话打爆了，客户来自深圳、成都、云南、乌鲁木齐，情侣、酒吧、婚庆公司、景区和农家乐公司都有。武汉网友24日才打电话过来，他只好从其他客户那里每家减几只，给他们凑了50只。\r \r<br/>城里人见了萤火虫，老人、小孩都会激动得不得了。杨帆说，近一个月，汉口江滩和中山公园的摊贩们才联系他进货，萤火虫生意是先应远，后应近。\r \r<br/>杨帆介绍，萤火虫售出后不吃不喝有一周的存活期，卖给外地客户一般空运，用可透气的塑料瓶装起来，里面放些树枝叶，可喷水，不能积水。\r \r<br/>杨帆说，目前国内没有成型的陆生萤火虫饲养技术，主要是自己摸索出来的，一部分技术来自国外，通过电子邮件咨询外国专家。\r\n\r\n\r\n\r\n\r\n**************************************************', '', 1, '0'),
(35, 1, 34, 1, 'he21cn', '127.0.0.1', 1251357730, '2009年08月26日03:07  现代快报 \r \r \r \r 高铭远和儿子。\r \r \r 　  \r \r<br/>眼看各个学校都要开学了，但他决心带着13岁儿子走遍全国。因此，高铭远给13岁的儿子办理了一年的休学。他认为，这种经历带给孩子的远比课堂要多。\r \r<br/>儿子休学一年随父亲走遍全国\r \r<br/>高铭远，1971年生，在大庆油田工作，曾经当过5年教师。“读万卷书，不如行万里路”，高铭远认为“90后”的孩子不知道什么是挫折，不懂得珍惜幸福生活，在孩子们眼中，得到一切都是理所当然的。于是他毅然决定到儿子的学校为儿子申请休学一年，带着13岁的儿子一起踏上全国之旅，希望以此能让孩子有所改变。他的计划是：从大庆出发途经黑龙江，吉林，辽宁，内蒙古，河北，山西，陕西，最后抵达西藏。\r \r<br/>高铭远曾患有严重的肝硬化，住院10个月，在住院期间，自己调节，研究了一个方法，他认为，这趟旅程，不仅是对疾病的挑战，也是对自我的挑战。\r \r<br/>2009年8月9日，高铭远带着儿子迈出了全国之旅的第一步，途经松原，长春，长白山，丹东，辽阳等地。“每到一个省会城市，我都想和媒体联系一下。”高铭远说，大庆市一家媒体曾经报道过高铭远的事迹。\r \r<br/>住最便宜的旅馆吃简单的饭菜\r \r<br/>“我们是8月22日下午到沈阳的，这里住店比较贵，在招待所住一晚要花60元。”高先生说，“我们到故宫了，可是没有进去，只是在门口转了转，拍了些照片留念。我们一路走来，资金也是一个很重要的问题，不能到每个地方都参观景点，有的时候只是在住宿的旅馆附近转一转。”\r \r<br/>高先生说，半个多月来，孩子有了明显的变化，懂得节约了，在花钱方面很节省。在饭馆吃饭时，最常吃的是饺子，孩子说，吃饺子饭菜都有，不用再另外点菜了，还可以省钱。在这之前，孩子根本意识不到节约是个什么概念。\r \r<br/>全国之旅会让孩子终生难忘\r \r<br/>儿子是大庆第一中学的学生，9月开学上初二，“我特意为他办了一年休学，等这次全国之旅结束后，回来从初一重念，孩子本身是提前一年上的学，这样对他的影响不会太大。”高铭远认为，儿童青少年时期是成长中的重要阶段，之所以休学一年，是利用这个重要时期做远比学习文化知识更重要的事。“我相信，这次全国之旅一定会让孩子终生难忘。”\r \r<br/>高铭远说，在这次出行中，孩子坚持每天写日记。一有时间，还会把随身带来的文化课本拿出来学习。“家里人很支持我。从表面上看，只有我和儿子两个人走，事实上，是全家人一起行动，没有家人的支持，这件事肯定做不了。孩子每天都会和妈妈通电话。”\r \r<br/>高铭远表示，这次全国之旅还有另外一个目的，就是要到全国各地中医大学拜访专家。他强调，“我自己本身不是医生，希望与各地专家探讨肝病康复方面的问题。同时，他希望在接下来的旅程中能与各地学校取得联系，到那里为教师讲讲健康方面知识。”\r \r<br/>教育专家各抒己见\r \r<br/>沈阳市政府督学、教育专家于永昌表示，不赞成孩子父亲的做法，父亲把自己的情趣强加到了孩子身上，“读万卷书，不如行万里路”，这条路不一定非得这么走。他还表示，父亲的动机和创意是好的，只是现在做这件事不太合适，让孩子休学一年去做这种事，于永昌认为没有意义。\r \r<br/>沈阳师范大学教育经济与管理研究所所长、博士生导师孙绵涛教授则对孩子父亲的做法，表示可以理解。孙教授说，在学校学习书本知识固然重要，前往祖国大好河山，了解各地的人文气息，通过非书本知识学习，对孩子成长也是很有益处的。孩子应该受到全面的教育，不能从单一角度分析问题。据《辽沈晚报》\r\n\r\n\r\n\r\n\r\n**************************************************', '', 1, '0');
INSERT INTO `hope_post` (`pid`, `class_id`, `tid`, `uid`, `username`, `ip`, `dateline`, `message`, `pic`, `isthread`, `hotuser`) VALUES
(36, 1, 35, 1, 'he21cn', '127.0.0.1', 1251357730, '2009年08月25日23:55  现代金报 \r<br/>金报讯 (记者 蒋振凤 实习生 潜雄斌 摄影 贾磊) 最近，东方论坛有家长发帖“强悍班主任老师，求求你放过我们的孩子”。帖子一出，立刻吸引不少网友的眼光，连日来，有不少网友看了帖子后，对其中谈到的班主任老师表示不满。记者看到，家长帖子中写了上千字的内容，主要从师德、业务和变相体罚学生等几方面，反映了宁波市实验小学三年级一名女班主任不适合担当此职务，要求学校在新学期更换班主任。 \r \r<br/>记者了解到，发帖家长有两位。帖子发出后第二天，该校领导曾对全班30名学生进行家访。昨天，记者分别从发帖家长和海曙区教育局看到了两份内容截然相反的联名信。一份说班主任是好老师，另一份则说是个差老师。到底哪份联名信反映的是真实情况，部分家长所提意见学校能否接受？记者对此进行了调查。\r \r<br/>家长网上列举班主任八大问题\r \r<br/>简单归纳了帖子的内容，主要列举了班主任的八大问题：一、经常骂女同学是十三点，骂男同学是木头。 二、 教育能力欠缺，反怪家长无能。三、变相体罚学生，学生无所适从， 一旦发火，就让全班孩子站着听课，一站就是整节课。到下课时间也不让孩子们喝水，上厕所，为此，还有三年级的孩子因为憋不住而把裤子尿湿的事情发生。四、宁要抄袭作文，打击学生自尊。五、抄默作业重复、思想品德教育、写字课程靠边 。六、挑拨家长与其它任课教师感情；七、 目中无人，狂妄自大 ，老师曾经口出狂言：对我不满，有本事就去告，看领导帮谁？八、 没有公正、公平，事事随心所欲 。就是这样的一位班主任，调进该校从未带班至三年级以上，现在种种迹象表明她要继续带孩子们，家长们真是又急又愁。\r \r<br/>家长坦言：不是逼不得已，我们也不会发帖\r \r<br/>经过多方联系，记者找到了网络发帖的其中一位家长A女士。面对帖子，A女士坦率地告诉记者，这确实是她自己和另外一位家长B女士一起发的。\r \r<br/>A女士对于帖子上的问题，一直强调以上统统属实，并没有夸大的成份。并告诉记者帖子上所说，王老师教养欠佳的行为曾发生在不少学生身上。A女士举了一个例子，说有一次学校布置了一个看图写话的作业，图的原意可能是包饺子，但是由于图是黑白打印的，十分不清晰，很多小孩子都写成了做水果拼盘。这时A女士的女儿告诉记者，当时老师就发脾气骂，你们都是瞎子吗，难道你们的爸爸妈妈也是瞎子吗？A女士告诉记者，老师也是人，不是圣人，发火发脾气是可以理解的，但是这样子骂孩子已经不对了，连同我们家长也一起骂进去，我们也是有尊严的。A女士告诉记者，当时小孩回家来跟她说的时候就十分恼火了。从那次开始，A女士就要求女儿以后在学校无论是好事还是坏事回家后必须要告诉自己。\r \r<br/>几次犯下低级错误，真的是教学能力有问题吗？\r \r<br/>谈到王老师的教学能力，A女士叫女儿拿来了这个学期的暑期作业，在暑期作业上，记者看到一道填空题：(百)年树木 *(十)年树人=各有(千)秋，记者问到这不是做错了吗。后来记者在别的学生的作业本里也发现了同样答案。A女士的女儿告诉记者，7月31号的时候，学生都要求返校，这些已经核对过答案了，是正确答案，全班都是这样的。\r \r<br/>A女士还告诉记者，在女儿上二年级下学期的时候，单位测试的试卷上有一道是非题：我国有56个少数民族。这道题应该判断是错。当时自己以为是老师改错了，在女儿带回来的试卷上也进行了批注，很委婉地告诉老师这道题目改错了。没想到第二天王老师竟然打来电话责问，称自己是对的，语气十分不好听，但是王老师后来也就轻描淡写地承认了自己的错误，说，这道题目全年级都错了，后来还请教了高年级的老师。A女士说，这是不是很滑稽，这种最基础的问题，还全年级都不知道？\r \r<br/>学生集体罚站，一个女生竟然尿了裤子？\r \r<br/>对于帖子上，王老师让学生罚站，学生因为憋不住而把裤子尿湿的事情，A女士说，这个事情不是发生在自己女儿身上，是发生在另外一个女学生身上的。A女士的女儿告诉记者，尿裤子的同学因为是女孩子，怕羞还不敢说，裤子就一直是湿着的。A女士说，这都三年级了，又是一个女孩子，这样的事情发生，还真担心会对孩子以后有影响。\r \r<br/>A女士的女儿最后告诉记者，班主任很凶，经常会拿着笔盒打我们的头。\r \r<br/>记者随即采访到另外一个发帖的家长B女士，记者也反复求证了A女士说过的话。B女士递给记者一张八人的联名信，也都认为这个班主任不适合担当现在的位置。A女士告诉记者，有不少家长要求换班主任，因为顾虑多，又不敢签字。\r \r<br/>采访中的几位家长表示，他们只要求学校召开一次家长会，让家长公开不记名投票，公平公正地决定班主任换与否？\r \r<br/>据了解，该贴7月13日发出后，7月14日，宁波市实验小学立即采取行动，相关领导带着几个老师分几路对三年级302班30名学生进行了家访。走访结果如何？帖子内容是否属实？部分家长提出的这个要求学校是否能够接受？带着一系列的问题，昨天下午记者来到了宁波市实验小学。\r \r<br/>班主任回应：我说女同学十三点，是有原因的\r \r<br/>据家长反映，7月14日参与走访家长的学校领导除几位老师外，还有学校的一位副校长陈霞和教导处的工作人员。记者在学校门口电话联系上陈霞，表明来意后，陈霞说，马上去海曙区教育局开会，采访要先和海曙区教育局打招呼。到了海曙区教育局后，记者打了多个电话，还是没有约到该校领导和当事老师进行采访。在海曙区教育局局长徐健的帮助下，当事人王老师打来电话。解释了帖子中部分内容。\r \r<br/>“我说女同学十三点，是有原因的，曾有家长反映，班里有学生看黄色诗歌，我不知道是谁，最后查出来是个女同学，我就问她了；骂男同学是木头，是因为有个小朋友一直学不好，我着急，就那样说他，但是后来家长跟我讲过后，我就改正了！”\r \r<br/>对于家长反映”教育能力欠缺“，王老师说，“我国有56个少数民族，其实这是以前的事情了，也和家长解释过了，当时是整个年级都出现了笔误。随后，王老师不愿意谈太多，只是要求记者去采访学校领导。\r \r<br/>副校长陈霞一只推说没有时间，而不接受采访，记者等到教育部门的会议结束，陈霞表示要回家中料理孩子，没有时间接受采访。\r \r<br/>教育局：没有收到家长投诉\r \r<br/>记者来到海曙区教育局局长办公室。记者表明来意后，徐健局长放下手头工作，给记者拿出了一打装订整齐的资料，打开后，记者发现，都是与该帖子内容有关的资料。其中，一份是2009年7月24日302班的部分家长签名，但内容与发帖家长手中所持联名信截然相反。还有一份，标有“附二部分家访记录”，内容是对23位家长的家访记录，都表示王老师工作负责。\r \r<br/>徐健局长强调，网络上发帖家长对老师有意见可以到学校或者是教育局反映情况，如果家长反映到这里，教育局一定会调查这件事情，但是，家长一直没有来到这里投诉，这件事情，还是学校上报上来的。所以教育部门并没有对这件事情进行调查。\r \r<br/>这名班主任到底如何？事关30个家庭的孩子教育问题，希望教育部门能够认真调查调查。\r\n\r\n\r\n\r\n\r\n**************************************************', '', 1, '0'),
(37, 1, 36, 1, 'he21cn', '127.0.0.1', 1251357730, '2009年08月26日02:27  东方早报 \r<br/>东方早报记者 陈静思 发自北京\r \r<br/>央视新址大火事件过去已逾半年。针对这起大火的渎职侵权调查，目前已延伸至工程的经济问题。\r \r<br/>昨天，早报记者从相关部门获悉此案的最新进展：目前已有更多涉及此案人员被相关方面控制。其中，第一批涉案人员正在被移送起诉，第二批仍处于侦查阶段。\r \r<br/>有知情人士昨天对早报记者称，“越来越多的人被抓起来了”。早报记者昨天从相关部门了解到，随着央视新址大火案调查的进一步深入，工程监管部门部分相关人员也被列为调查对象。知情人士称，被调查者中包括北京市建委人员，以及承揽央视新址工程B标段(即北配楼)的北京城建集团一名项目负责人。\r \r<br/>今年2月9日，即元宵夜的20时27分，北京市朝阳区东三环中央电视台新址园区在建的附属文化中心大楼工地发生火灾，造成1名消防人员遇难，7人受伤。\r \r<br/>大火发生后，原央视新址办主任徐威等4名央视新址办员工被警方带走接受调查，徐威随后被刑事拘留。之后，央视新址办包括原副主任王世荣、综合业务处副处长邓炯慧、工程处副处长胡德斌、技术处副处长耿晓卫等十余人因牵涉央视大火案先后被刑事拘留。3月13日，徐威等12人被北京检方正式批捕，罪名均为涉嫌危险物品肇事罪。\r\n\r\n\r\n\r\n\r\n**************************************************', '', 1, '0'),
(38, 1, 0, 1, 'he21cn', '127.0.0.1', 1251357730, '原文网址 www.fanfucn.com\r \r 武汉市国土资源和房产管理局无视辖下大面积耕地被破坏 \r \r \r \r 作者：葛树春 伍爱国  来源：中国反腐维权网、民间舆论监督联盟  \r \r --无征地手续“征地” 补偿款仅为12000元/亩 还要3年付清\r \r （民间舆论监督联盟法制周末网讯 作者 葛树春 伍爱国） 武汉市经济技术开发区建于1991 年 5 月, 1993 年4月经国务院批准为国家级经济技术开发区。2008 年10月武汉市经济技术开发区军山街新团村却被该一公司以村民自治的名义拆迁，属于村民的集体土地将被以12000元/亩的价格征用，武汉市经济技术开发区相关负责人却声称这拆迁征地是新团村民自治。。 \r \r \r \r （征地人为新团村的《征地协议》）\r \r 新团村村民解为国一家是新团村此次拆迁征地的受害者之一，在拆迁方拿不出任何关于拆迁合法手续的情况下，解家刚刚修建起来的2 层楼房被迫拆除，解家近5.8 亩的耕地在没有同意被征用的情况下被强行推为平地。 \r \r 如在武汉市经济技术开发区承包土地用于兴建厂房等建设，每亩地要向有关部门缴纳价格不菲的地租，而一份征地人为新团村的《征地协议》显示：武汉经济技术开发区军山街道办有内部征地文件，新团村所征用的土地价格仅为 12000 元一亩，征地款还要分3 年付清。！ \r \r \r \r (武汉经济技术开发区新团村被毁的耕地)\r \r 我国土地管理法规定，征收基本农田必须由国务院批准，征用国务院批准之外的土地应由省、自治区、直辖市人民政府批准。土地利用总体规划经依法批准后人民政府应当在本行政区域内予以公告。暂且不说武汉市经济技术开发区军山街道办新团村有无权利实施征地行为，即便其有征地权，但有无得到任何政府部门的批准？武汉经济技术开发区军山街道办新团村更未遵守我国《土地管理法》中所规定的、征收耕地的补偿费用包括土地补偿费、安置补助费以及地上附着物和青苗的补偿费。征收耕地的土地补偿费，为该耕地被征收前 3 年平均年产值的 6 至 10 倍。至于国土资源部印发的《关于完善征地补偿安置制度的指导意见》中土地补偿费和安置补助费合计按 30 倍计算，占用基本农田的，征地补偿按当地人民政府公布的最高补偿标准执行。武汉市经济技术开发区军山街道办新团村更是没有执行！ \r \r 2009 年 4 月，武汉市经济技术开发区一工作人员声称发生在新团村的拆迁征地行为是村民自治行为。“如果全中国都把非法拆迁征地行为统称为自治行为，那还要《土地管理法》《城市房屋拆迁管理条例》做什么？” 一位被非法征地村民气愤地说！ \r \r 现今的武汉市经济技术开发区军山街道办新团村，村民们原有的房屋已经被拆除，属于村民的耕地已经被数十辆挖土机夷为平地。解为国一家为此多次上告至有关部门，但至今无果。 \r \r \r \r （武汉市国土资源与房产管理局下发的糊涂答复）\r \r 众所周知非法征地、破坏耕地是刑事犯罪，面对解为国一家的多次举报，武汉市国土资源和房产管理局竟然在对举报人的信访答复中写到：没有发现发生在武汉市经济技术开发区军山街道办新团村的非法征地破坏耕地行为有违法之处。 \r \r 如果不是解为国一家亲历自己的耕地被非法夷为平地，谁会多次到有关部门上告非法征地破坏农田一事？如果不是武汉市国土资源和房产管理局尸位素餐，武汉市经济技术开发区新团村的非法征地、破坏耕地行为怎能不被查处？ \r \r 面对中国反腐维权网的向湖北各领导的举报，曾有武汉经济技术开发区负责人声称开发区军山街道办新团村并不存在征地行为，推地是在为老百姓翻地。 \r \r \r \r 但是，铁的事实就在面前，征地人为军山街道办新团村委会的公章在那里，详细的征地方案在那里，更为铁的事实是原武汉市经济技术开发区军山街道办新团村村民所用有的耕地早已被夷为平地，懂农作物生长原理的人一看便知道，由于原来的耕地被夷为平地导致耕地中的土壤耕作层被破坏，已失去粮食综合生产能力，这就是在非法征地，这就是在破坏耕地，无需任何人狡辩，事实就在眼前！ \r \r 我国刑法第三百四十二条 : “违反土地管理法规，非法占用耕地、林地等农用地，改变被占用土地用途，数量较大，造成耕地、林地等农用地大量毁坏的，处五年以下有期徒刑或者拘役，并处或者单处罚金。”  最高人民法院《关于审理破坏土地资源刑事案件具体应用法律若干问题的解释》规定，非法占用耕地“数量较大”，是指非法占用基本农田 5 亩以上或者非法占用基本农田以外的耕地 10 亩以上。 \r \r \r \r （在耕地上施工 没有违法？）\r \r 仅武汉经济技术开发区新团村民解为国一家被铲平的耕地就有5.8亩，粗略的统计一下整个新团村被破坏的耕地应达数百亩，如果按一个人非法破坏10 亩判刑，那么新团村的非法征地、破坏耕地行为一定能够判刑几十个人！ \r \r 遗憾的是，解为国一家从 2008 年底便开始四处上告新团村非法拆迁征地这一行为，但国土资源局给谢家的答复却是经调查没有发现新团村有违法行为。甚至武汉市国土资源和房产管理局局长在收到中国反腐维权网所撰写的长达7 页的举报信后，曾有武汉市国土资源和房产管理局工作人员和解为国一家取得联系，声称武汉市经济技术开发区的征地行为和武汉市国土资源和房产管理局没有关系。 \r \r 武汉市国土资源和房产管理局 好比一只捉老鼠的猫，武汉市经济技术开发区新团村好比一只老鼠，当猫不捉老鼠的时候可想而知老鼠会怎样一个胆大妄为 我们不禁质疑，是什么原因 武汉市国土资源和房产管理局 如此漠视其辖下非法征地破坏耕地，又是什么原因让 武汉市国土资源和房产管理局 面对武汉市经济技术开发区军山街道办新团村 的非法征地破坏耕地行为坐视不管。“不知道它们（ 武汉市国土资源和房产管理局 ）成天都在干什么，我们新团村那么多耕地在没有手续的情况下被铲平，它们（武汉市国土资源和房产管理局）居然说它们（武汉市经济技术开发区）没有违法！真不知道它们（ 武汉市国土资源和房产管理局 ）的人有没有亲自到新团村实地来考察一下！”一新团村民如是说！ \r \r 根据武汉市国土资源和房产管理局所下发武汉市经济技术开发区军山街道办新团村没有违法的信访答复，解为国一家根据法律规定强烈要求追究武汉市国土资源和房产管理局相关人员玩忽职守罪。而我国法律规定，土地行政主管部门的工作人员玩忽职守、滥用职权、徇私舞弊，构成犯罪的要依法追究刑事责任；同时中国反腐维权网也建议武汉市国土资源和房产管理局学习一下《土地管理法》以及我国关于土地方面的政策法规，因为现在不是什么“指鹿为马”的时代。 \r \r 民间舆论监督联盟中国反腐维权网顺便提醒一句，终日尸位素餐颠倒是非置事实于不顾只会遭到纳税人乃至国人的唾弃！\r \r \r \r 湖北省国土资源厅法规处告诉举报人：如认为自己权益受到侵犯可向公安机关报案\r \r 民间舆论监督联盟中国反腐维权网除对武汉市国土资源和房产管理局无视辖下武汉市经济技术开发区内的非法征地破坏耕地行为表示惊愕外，还将联合民间舆论监督联盟全面披露武汉市国土资源和房产管理局 无视辖下非法征地大面积破坏耕地和其 尸位素餐的不作为。最后披露武汉市经济技术开发区军山街道办新团村所发生的非法拆迁低价补偿、非法征地低价补偿事件！欢迎全世界媒体关注！ （葛树春 伍爱国）\r \r 相关链接：\r \r 中华人民共和国土地管理法\r \r 河南桐柏县一镇政府非法征地农民24亩良田被毁\r \r 山西太原村委主任非法占地300亩被判刑\r \r 青年发帖举报家乡违法征地遭跨省追捕\r  \r \r\n\r\n\r\n\r\n\r\n**************************************************', '', 1, '0'),
(39, 1, 37, 1, 'he21cn', '127.0.0.1', 1251357730, '2009年08月26日 14:25人民网 \r \r 无法按照承诺在6月底开服的魔兽世界，于6月30日23点多推出战网绑定，以安抚焦急等待开服的玩家。玩家只要提供帐号名和原邮箱等资料即可以绑定战网帐号。这样简便的操作给部分玩家带来了方便，但是却存在极大的安全漏洞，尤其是对于购买游戏帐号的玩家，卖家只要利用曾经的帐号资料抢先进行绑带，即可找回已经售出的游戏帐号。据了解，已有倒卖帐号的商家利用该漏洞找回了相当多的游戏帐号，并继续进行倒卖骗钱，一时间卖号骗子泛滥成灾。\r \r 截止到8月21日，已有上百位Wower向315消费电子投诉网（www.315ts.net）反映了帐号被骗问题，投诉量还在不断增加中。接到投诉后，315TS工作人员均第一时间将投诉情况反馈给了网易，但至截稿时止，网易仍然没有就此事作任何答复和处理。\r \r 玩家经历:账号被卖家利用漏洞找回\r \r 上海的张先生向315TS反映，2007年他通过网上交易购得魔兽世界的游戏帐号，当时号内角色为45级，经过苦心经营，角色到了70级，并获得顶级装备，其中花费了无数的心血和精力，玩魔兽也成了他工作之余最大的生活乐趣。该帐号从购买到6月7日魔兽世界更换代理停服时，一直无事。\r \r 但在网易战网重新开始绑定后，张先生于7月10日登陆战网，通过密保等程序绑定帐号时，却发现该帐号已被人恶意绑定。张先生第一时间根据现有资料申请找回帐号，并成功找回帐号，当时他隐约觉得提交旧的邮箱、密报和手机绑定会让卖号商家利用，但因为帐号已经顺利找回，心情比较愉快，也就没有太在意了。\r \r 期间游戏帐号没什么异常，不过绑定邮箱收到了一封密码修改确认信，张先生知道这是盗号者在尝试修改自己的密码，没有确认。\r \r 7月25日，张先生意外发现，自己的游戏帐号再次被人恶意绑定，进行了无数次申诉，结果均是资料不正确无法通过，张先生这时感到了问题的严重，禁不住质问网易:为什么自己的游戏帐号在九城运营时被保护得很好，但到了网易手里却被人抢走？\r \r 随后，张先生发现自己的游戏帐号已在淘宝被挂牌出售，通过无间道式的聊天后他得知，该卖家已经通过同样的方式恶意绑定了数百账号，目前这些账号暂不出售，要等开服后进入游戏确认里面的装备情况和虚拟游戏币数量后再定价销售，不过已经有很多人预定了账号。卖家得意洋洋的告诉张先生，这次多亏了网易，要是以前，找回这么多游戏账号是不可能的。\r \r 魔兽世界内测交易量飙升骗子泛滥\r \r 7月30日，魔兽世界开始内测，5173、淘宝上的魔兽世界交易开始活跃起来，据5173的交易统计数据显示，魔兽世界每周交易量开始升到了前三位，其中帐号交易为数众多。8月份以来，315TS陆续接到玩家的投诉，反映自己在5173或淘宝上购买的魔兽世界游戏账号被卖家恶意找回，致使钱财两空。\r \r 8月18日，黑龙江的郑先生在5173上购买了一个魔兽世界的游戏帐号，买后郑先生第一时间修改了战网的邮箱密码。8月19日中午，正在游戏时突然掉线，再次登陆提示密码错误，不明白怎么回事的郑先生联系网易客服才得知是账号被恶意找回。\r \r 湖北的朱先生也是魔兽战网漏洞的受害者之一，他在5173购买了魔兽世界账号进入游戏后，有玩家告诉他，前不久他也在5173买过此号，但没几天就被找回去了，这个卖家已经通过该方式骗了很多人。\r \r 类似的投诉案例在315TS上不枚胜举，可见这并非个案，而是非常严重问题，此事该如何处理，网易真该好好反思一下。\r \r 玩家针对此类纠纷的建议处理方案\r \r 对于网易魔兽世界的账号绑定系统，初步设定需要提供账号名、密码、原邮箱及密保等设定，张先生认为还是比较合理的，但是在账号纠纷处理时就出现了漏洞。\r \r 现在网易对待账号纠纷是这样处理:申诉账号不用填当前绑定邮箱，只需提供账号资料，提供资料详细者就成了账号归属者；如果资料相同，客服答复是按提交的先后顺序，先到先得。这样就意味着卖家可以利用时间点，抢先把账号申诉回来。\r \r 而前魔兽世界运营商九城处理账号纠纷是根据当前绑定邮箱和手机，鉴于游戏账号是购买的，无法修改身份证，故修改邮箱和手机绑定是交易成功的前提，以确保不让不诚信卖家找回账号。为什么网易没有采取同样的方式来处理账号纠纷呢？\r \r 对此，张先生建议网易处理账号纠纷时，以第九城市移交给网易魔兽世界工作组时的最终注册资料为准，并提出以下解决方案:\r \r 1、使用注册邮箱进行绑定。\r \r 原因:原第九城市的注册邮箱认证是需要前邮箱的确认，这是帐号网上交易成功的重要依据。\r \r 2、使用原第九城市的密保卡进行确认 须填原密保序列号。\r \r 原因:这是原第九城市的重要保密措施。盗号者能盗走密保码但盗不走序列号，因为平时使用不需要序列号。\r \r 3、使用原第九城市的绑定手机，如无手机绑定的账号会有双重密码。\r \r 原因:手机绑定是第九城市帐号安全的重要保证，第一时间可以锁号改密码，无须上网，用此功能的人比较多。\r \r 4、使用原第九城市的注册身份证发送复印件（网络中称“附件”）。\r \r 原因:不管是帐号是买卖的还是自己的，发送注册身份证复印件是解决纠纷的重要依据。\r \r 鉴于纠纷账号在7月30日开服后会流入市场，并可能再次被卖家找回，以便继续牟利，故建议网易将争议账号先行冻结，直至解决方案出台，以避免更多的无辜玩家蒙受损失。\r \r 网易不予回应安全问题 没有精力处理投诉\r \r 从7月2日产生第一宗关于战网绑定问题的投诉后，315消费电子投诉网工作人员就陆续将接到的投诉反馈给网易客服部，但是一直没有接到对方的任何回复，而据玩家反馈，网易也没有任何的回访电话和处理措施。自7月8日以来，315TS就没有再接到网易有关投诉的处理回复。\r \r 针对网易不处理投诉一事，315TS工作人员联系网易客服部相关负责人罗小姐，其建议315TS直接与公关部经理梁小姐沟通。公关部梁小姐表示，因投诉量太大，已经没有那么多的人手和精力处理。\r \r 而对于目前众多玩家反馈的战网安全性问题，尽管315TS工作人员多次督促网易尽快处理，但遗憾的是，网易方面没有任何回应。（315消费电子投诉网 剑秋桐）\r\n\r\n\r\n\r\n\r\n**************************************************', '', 1, '0'),
(40, 1, 38, 1, 'he21cn', '127.0.0.1', 1251357730, '决定写这篇帖子的时候心情很是沉重，面对这样一个法制健全的国家，我们众多被筑诚嘉信骗过的租房群体，竟然不知道该如何投诉你，我们尝试过110，3.15、北京7日节目、消费者协会、北京房地产交易网站等等手段投诉，均没有取得好的成效，有的以不是自己的职权范围不予理睬，有的呢，做做表面的文章，可是这个黑中介，还在继续行骗，更过的被害人群加人到抵抗黑中介联盟的QQ群里面【11678828】。我之所以选择把这个帖子放在天涯社区，是希望这个开放的平台能让我们的呼声传出去，我希望有关部门能出面整治他们。\r \r       我记得群里面有个被这个黑中介10几个业务人员围攻，威胁要打她的女孩，她曾经在群里面哭诉的说道：“我那天就想我要是新加坡人多好都笑话明星转国籍 我是没条件 否则我决不作中国人太没人权了。”听到这句话的时候我心里很痛，这个话语可能偏于激动，但是事实情况是我们究竟怎样才能维权？？？？？？\r \r        筑诚嘉信前身：筑诚嘉信的前身是长丰康盛，这个公司之前也被投诉过N多次，大家可以百度一下，看看他们的信誉，之前租给一个公司一套房子当宿舍，结果煤气泄露造成7个或8个？员工死亡，也由于信誉很差影响生意，再被罚款之后就改成现在的名字。试问相关的部门，没有审批程序吗，他们还有资格继续办中介公司吗？真是法制的悲哀-------\r \r       以下是我在网上搜集的一些证据，因为篇幅的原因，只罗列了一些，大家可以在网上搜索下我到底说的是真是假。我希望通过天涯网的宣传，把这个事情搞大，在中国好像只有事情恶化之后才会有相关的部门出来办理，如果还是解决不了问题，我就大家一个借鉴吧，让更过的租户免于上当---------\r \r \r \r \r 抵抗黑中介联盟群空间里面的投诉帖子\r \r Cwinq 2009-08-18 09:23:47 1楼 投訴公司：筑誠佳信\r 姓名：Cwinq\r 電話：151****0233\r 事由：各种理由克扣押金(墙壁让全部重新刷下，房子要全部打扫，竟然收取500多的费用。)，霸王条款，不按他们公司规定就不给退钱。\r 有無依據：他们不敢自己写克扣押金的理由，让一个小员工写的。 合同和押金条我都有照片。\r \r \r 闷 2009-08-18 09:33:11 2楼 投訴公司：筑誠佳信\r 網名:闷\r 電話：136****3071\r 事由：租房期间骚扰(天天打电话骚扰，为了就是想我搬出去，不要押金和房租）叫保洁来清理别人房屋，竟然收我的钱（合租）。还有折旧费，合同没写。\r 有無依據：有合同押金条\r \r 凌冰寒雪 2009-08-18 09:35:16 3楼 投訴公司：筑誠佳信\r 姓名：zhz\r 電話：158****0893\r 事由：扣我一半押金，说是保洁费\r 有無依據：因为钱不多，押金条、钥匙、合同都没给他们\r \r \r 京城浪子 2009-08-21 14:39:50 4楼 投訴公司：筑誠嘉信\r 網名：京城浪子\r 電話：134****0208\r 事由：该公司以墙壁要粉刷、更换设施、保洁等等理由扣除我的押金（房子是贴墙纸的，根本不需要粉刷，而且房东与筑诚嘉信的签约已到期并不再续约）。而这些收费项目并没有在合同中出现，房东也明确表示过这些不是房客的问题，不需要索赔。按他们的算法，我1200元的押金所剩无几。\r 有無依據：有合同和押金收据\r \r \r 百度搜索筑诚嘉信结果：\r \r 筑诚嘉信就是黑中介,它们无理由克扣客户的房租以及押金,还收取客户不需要承担的费用,有线费,卫生费.希望客户不要相信这样的黑中介.他们以低价从房主手里接过来房子,然后以高价租给客户. 收取有线费,卫生费. 你中途退房会以任何理由扣除你的转租合同费,房屋清洁费,甚至是物品磨损费等........ 甚至不退还你的房租及押金. 修理工修理东西会以低价购买物品,依次充好,来收客户高价格，有些东西修好连一个星期都用不到，你的押金将倍这样退不出来，收取你物品磨损费，刷墙费，保洁费，如果坏个东西将具额赔付，有些东西一拉来就是坏的，他不会出钱给你修，而是说你弄坏的，最后讹诈你很多钱，没准最后算的你押金没有了不说，还要倒给他钱！基本上就是和他们没理可以讲！最郁闷的不是钱怎么样了，而是你住的不顺心不舒心，就是明知道他敲诈你钱，还得给他！大家请小心，最好别租他们的房子，都是惨痛的教训！\r \r 我于2008年6月和北京筑诚嘉信房产公司签的一年租房合同，一年到合同正常到期，我们去退房要押金（650），可中介以地脏为由，扣我们每家500块钱保洁费（里面一共住了五家），合同上没写关于保洁费的任何事项，但他们就是不退\r \r \r 我也是筑成嘉信的受害者，筑成嘉信有个专门办理退钱退押金的部门，你不是想退押金吗，去安贞桥北，金瓯大厦417吧，那有一群人等着你呢，里面一群凶神恶煞的人等着你，主管性郭，有个自称姓焦的经理，凡是进去退押金的，张口就骂，爱谁谁，爱上哪告上哪告，你手里有合同，有押金条，有什么都不好使，人家就不退，你房子坏了房东可以证明没坏原来就那样，那也不好使，用人家筑诚嘉信的话讲你少TM在我面前提房东，房东多个jb，房东我见多了，你TM找房东，你跟他要钱去，你房子里的有水费，电费煤气费，你想和中介公司结清，不可能，用人家筑成嘉信的话讲你剩水电费，谁他妈让你们往里存的，谁他妈让你存你找谁【IP为 219.232.*.* 的网友】 发表日期：2009-8-25 21:24:21\r \r \r 我是去08年8月份在筑诚嘉信租的房子，今年8月19号房子到期，我8月18号去办理退房及退押金，结果筑诚嘉信以财会不在为由拒绝支付我们押金1700元，我询问财会什么时候能回来，他们说22号要我们在过去一趟，我们去了之后他们又找出各种各样不合理的理由拒绝支付我们押金。黑中介靠骗人为生【IP为 219.232.*.* 的网友】 发表日期：2009-8-22 21:24:28\r \r \r 筑诚嘉信老板我见过，是个大胖子，带条挺粗的金链子，我看他就是黑社会头子，还有一个黑胖子，张子就骂人，还有一帮社会上的无赖流氓，还是找打黑办吧，！咱们惹不起他们呀！【IP为 219.232.*.* 的网友】 发表日期：2009-8-10 22:23:46\r \r 我也是我们是被压了1650元，退得时候只给650那1000不给气氛！！【IP为 219.232.*.* 的网友】发表日期：2009-8-4 16:50:29\r \r \r \r  对这个公司就是很恶心，业务员的素质野蛮差的！大家下次租房子可要注意了选好中介！没有客户看他们怎么生存【IP为 219.232.*.* 的网友】 发表日期：2009-7-29 11:53:20\r \r \r 1、租房子的时候说我要承担卫生费，小区里面是按人收的，每人每月七块钱，按一年交，共收了84块钱。实际上我租的合同就不够一年，他们就说不够一年走的时候再退，而且所有人都着要交。可是实际上，同房间里另外的两家都没有收此项费用\r \r 2、住进去没有几个月，有一天下班回家，遇到有人在门口敲门，说是小区里收卫生费的，我说我交给中介了，他说他们不管，中介没给他钱。我顺便问了卫生费怎么收，他们说按家，一户一年36块钱！我们的房子里面住了五个人，中介竟然收了我84孩说是按人算！后来我给打电话，几经周折电话里同意他们去收卫生费的办公室交钱去。结果前几天听隔壁的女孩子说，中介没有交钱，那些人又上门要卫生费了，她就先垫付了。因为又想向我们收别的钱，就说到时候把这钱再退给他。\r \r 3、我们住的房子卫生间好像是有些渗水，楼下和隔壁都找过好多次了，这次实在是逃不过了就说修，但是费用要我们出一半。说是在我们住的期间坏的。实际上卫生间在我们搬进去以前就漏国水，据说当时因为费用高，没有彻底的修。而且现在漏水其实也不是刚刚漏，很可能在我们搬进去以前水多了就洇的。而且态度极其差，叫嚣我们不交钱就要我们搬走，总押金里面口维修费！租房子的时候却说维修都是他们管。而且合同上押金只是用来保证我们不损坏自己租住的房间内的设施的，公共区域的水管或者地面有问题是房屋质量或者说正常老化，或者干脆就是原来就没修好？又不是我们弄坏的，凭什么让我们出钱？难道房子住久了老化也要我们再负一份折旧费吗？\r \r 而且需要提出的是中介两边忽悠，做防水什么的费用都没有明确，就打印出来共同付费的协议要我们签，只写了他们公司的名字没盖章，让我们先签字。而且跟我们说别的家都签了，同意付费了，跟别的家又说我们同意付费了！欺诈！\r \r 4、卫生间的马桶盖从我看房子的时候就是坏的，上厕所特别不方便。当时和他们说，他们就说过两天就修，结果到现在都没修！冰箱贮藏室能结出很厚的冰来，而且灯从来都不亮。我都没用过！\r \r \r 筑诚嘉信这个黑中介！受过骗的和不想再受骗的请进！\r 北京筑诚嘉信这个黑中介，大家一定要注意了。不要从他家租房子，押金都不退的，明目张胆的扣钱！大家从网上搜一搜就知道是他们的一贯作风了。\r 家具以次充好，房租到期的时候说是你弄坏的，高价让你赔。而且还管你要钱刷房子，还要扣保洁费！它才不管你进去的时候没有给你做保洁，其实再往外租的时候也不会真的做保洁，或者花那么多钱做。因为我住进去的时候比我走的时候还要脏。合同上也没有写押金是要包括保洁费的！而且很张狂的说：我就是要扣，你甭跟我说合同！真是气死了！\r 按照他们的算法，你的押金不仅退不回去，还要倒给他们钱呢！\r \r 很多人都是很气愤，但是一个人的力量去跟他们讲理讲不起，也耗不起那时间，就不了了之了。可是我实在是气不过！\r \r 受过同样遭遇的进来说说你们的情况啊！我们不能老让他们这么欺负人！不能老让他们再害别人！让更多的人知道，租房子的时候一定要小心，千万不要和他们租房子了！！！！！！\r\n\r\n\r\n\r\n\r\n**************************************************', '', 1, '0'),
(41, 1, 39, 1, 'he21cn', '127.0.0.1', 1251357730, '2009年08月26日11:21  深圳晚报 \r<br/>月经是女性必然经历的生理现象，每个月总有那么几天，痛经就如同魔咒一样缠绕着部分女性，都给她们的生活带来诸多不便，很多人甚至会因为痛经影响生活、学习和工作。妇科专家们说，痛经有级数之分，二级以上痛经有可能是身体疾病的警报。那么，你的痛经到了几级？\r \r<br/>【痛经级数自测】\r \r<br/>1、腹痛难忍2分\r \r<br/>2、腹痛明显1分\r \r<br/>3、坐卧不宁2分\r \r<br/>4、休克4分\r \r<br/>5、面色苍白1分\r \r<br/>6、冷汗淋漓2分\r \r<br/>7、四肢厥冷2分\r \r<br/>8、需卧床休息2分\r \r<br/>9、影响工作学习2分\r \r<br/>10、伴腰部酸痛1分\r \r<br/>11、伴恶心呕吐1分\r \r<br/>12、伴肛门坠胀1分\r \r<br/>13、用一般止痛措施疼痛暂缓1分\r \r<br/>14、用一般止痛措施不缓解 2分\r \r<br/>15、疼痛一天以内1分\r \r<br/>16、疼痛期每增1天加2分\r \r<br/>自测结果\r \r<br/>轻度一级\r \r<br/>中度二级重度三级\r \r<br/>轻度一级：积分为0－4分。此类疼痛可通过心理、饮食的调节缓解，适当饮用姜茶、红糖水、玫瑰花茶，将可达到缓解疼痛的作用。\r \r<br/>中度二级\r \r<br/>中度二级：积分为4－10分。此类疼痛可适当选择药物治疗，采用温和有效的中药对身体进行调理是一种很健康的方式。中医学在原发性痛经方面积累了丰富的治疗经验，可请医师开中药方子进行长期调理。\r \r<br/>重度三级\r \r<br/>重度三级：积分为10－20分。拉响警钟，目前的生理疼痛已经达到了严重的程度。对于年轻女孩而言，重度生理疼痛不仅影响学习，对身体发育也有严重影响。对于成熟的女性而言，重度生理疼痛有可能诱发不孕症、盆腔炎、子宫内膜异位症等妇科疾病。应及时到医院查明引起痛经的原因，在医师指导下进行治疗。\r \r<br/>专家提示\r \r<br/>二级、三级痛经请及时就诊\r \r<br/>痛经时，会发生下腹部胀痛、冷痛、刺痛、隐痛、坠痛、痉挛性疼痛等，严重者疼痛会延至腰背部，甚至涉及大腿及足部。同时，可能发生乳房胀痛、肛门坠胀、胸闷烦躁、悲伤易怒、心惊失眠、头痛头晕、恶心呕吐、胃痛腹泻、倦怠乏力、四肢冰凉、冷汗淋漓、虚脱昏厥等症状。\r \r<br/>一级痛经为小腹疼痛明显，伴腰部酸痛，但能坚持工作，无全身症状。这类痛经人数占到总数的45.73%；二级痛经为小腹疼痛难忍，伴腰部酸痛、恶心呕吐，用止痛措施能使疼痛暂缓，约占痛经总数的40.72%；三级痛经为小腹疼痛难忍，严重影响工作学习和日常生活，必须卧床休息，患者常会有腰部酸痛、冷汗淋漓、呕吐腹泻或肛门坠胀等症状，采用止痛措施无明显缓解。约占痛经总数的13.55%。\r \r<br/>深圳阳光医院妇科专家提醒，如果您的痛经程度达到二级以上，请及时到医院就诊。此外，无论身体是否已触及疼痛的警戒线，都应随时调整自己的不良情绪，使自己从容的面对生活压力，是减少生理疼痛的必要环节。\r \r<br/>八成女性受痛经困扰\r \r<br/>对于女性来说，月经是特有的生理现象。健康女性平均一生会有400次月经，按照每次5天来算，她们一生中有五年半的时间是在生理期度过的，在这些日子里，超过八成的女性会受到痛经的困扰。\r \r<br/>“痛经现象十分普遍，近些年我国痛经发病率不断上升，大概是10年前的2－3倍。”深圳阳光医院妇科主任曾月翠医师介绍，从初潮青少年到绝经期妇女，都会出现不同程度的痛经。\r \r<br/>此外，痛经会严重影响女性生活，英国牛津大学妇科专家也在科学成就年会上指出：“痛经女性中3／4人因此无法正常工作。”\r \r<br/>医学上将痛经分原发性和继发性两种。经过详细妇科临床检查未能发现盆腔器官有明显异常的，称原发性痛经，也称功能性痛经。继发性痛经则指生殖器官有明显病变，如子宫内膜异位症、盆腔炎、肿瘤等的患者。继发性痛经应格外引起痛经患者注意。\r \r<br/>治痛经首选中西医结合疗法\r \r<br/>“痛经人数越来越多，与现代生活方式有很大关系。”曾主任分析，许多女性长期处于巨大的工作压力下，体内激素分泌受到影响，加上辐射、失眠、作息不规律以及滥用抗生素、饮酒、吸烟等因素，痛经就很容易发生了。“无论痛经程度如何，一定要先查明原因，排除器质性病变。”曾主任强调，在此基础上，通过中西药结合疗法来改善痛经。\r\n\r\n\r\n\r\n\r\n**************************************************', '', 1, '0'),
(42, 1, 40, 1, 'he21cn', '127.0.0.1', 1251357730, '2009年08月26日11:13   健康时报 \r<br/>肌肉也能够产生热量。但是由于女性比男性肌肉含量少，不易产生热量，因此女性的体温一般比男性的体温低。\r \r<br/>热量本来可以随着血液被输送到手脚，但是由于手脚处于肢体末端，在热量送达之前就冷却下来了，而且在全身都感觉寒冷的时候，如果向手脚输送过多的血液，相应地，也就有过多的血液被冷却以后流回心脏，因此心脏就不会发出指令向手脚输送大量的血液，于是手脚的毛细血管就会收缩变细。这样，身体中心所产生的热量就更难输送到手脚，手脚也因此始终处于冰冷状态。\r \r<br/>要解决手脚冰凉这个问题，首先要好好给对寒冷反应敏锐的腰部保暖，这样有助于保持全身的温度，有助于心脏发出指令向手脚输送更多的血液和热量。这样手脚温度也就高起来了。特别是在经期，血液都集中在腹部，手脚更容易感觉冰冷。让腰部充分保暖既可以温暖手脚，又可以预防痛经，可谓一举两得。\r \r<br/>在寒冬的户外，手脚冰冷的时候，可以将两臂从后向前摆动。这样在离心力的作用下，可以使血液和热量大量输送到手脚。手冷的时候，可以通过温暖上臂的后方部位来获得热量。\r \r<br/>除去夏天的柏油路，其他季节的地面温度都要低于脚部的温度。所以要预防脚底寒冷，要在鞋子上下点工夫。正确选择鞋子的质地和袜子的材料都可以有效温暖你的足部。容易脚冷的人，要注意不能让膝盖后面着凉。血液是通过大腿、膝关节、小腿抵达脚尖的。在这条“线路”中，膝关节后方的脚弯皮下脂肪最少，而且血管距离体表最近，血液容易冷却。\r \r<br/>因此选择保温性能好的内衣、护膝等，可以预防脚冷。与寒冷时候不自觉双手抱臂相同，我们在寒冷的时候习惯屈膝蹲下来，这是因为我们的身体自然地想要避免热量在通过膝盖时冷却下来。\r \r<br/>这里还要告诫各位女同胞，洗澡虽然是件舒服的事，但是洗完以后体温马上下降，也不能大意。最好的方法是洗澡的时候，把水温调至微暖，泡久一点就可以了。这是因为，如果水温高于42℃，出浴以后可能会感觉体温比入浴前的体温还要低。所以40℃以下的水温是最适宜的。\r \r<br/>使用入浴剂也能让手脚保温。能够保温的入浴剂是一些入水就溶化的颗粒，它的成分会在皮肤表面形成薄薄的一个保护层，防止体内热量散发出去，所以人就会感觉温暖，而且能够持续较长的时间。很多人都有这种体验，泡温泉以后，身体很长时间都不会感觉发冷。这就是温泉中的某些成分在起作用。入浴剂的成分与温泉水的成分相似，所以可以起到保温的作用。入浴剂除了粉末状的，还有颗粒状的。颗粒状的入浴剂遇水会形成二氧化碳的泡沫。这些二氧化碳会刺激皮肤，促进血液循环，所以很适合在疲劳的时候使用。\r \r<br/>洗完澡睡觉的时候，要穿上可以使脖子和腰部保暖的睡衣。为了防止热量从脖子和肩膀逸出，高领睡衣等都是很好的选择。\r \r<br/>还有，如果腰部着了凉，全身就会感觉寒冷，输送到手脚的血液也会减少，脚就会变凉，脚部觉得凉就睡不好。所以可以穿上袜子，在腰部贴上暖宝宝，或者多穿衣服，睡觉时身体温度升高，就可以保证睡眠质量了。(福田千晶)\r\n\r\n\r\n\r\n\r\n**************************************************', '', 1, '0');
INSERT INTO `hope_post` (`pid`, `class_id`, `tid`, `uid`, `username`, `ip`, `dateline`, `message`, `pic`, `isthread`, `hotuser`) VALUES
(43, 1, 41, 1, 'he21cn', '127.0.0.1', 1251357730, '2009年08月27日02:35  华龙网-重庆晚报 \r \r \r \r 再继续上你就是有网瘾了！\r \r \r<br/>每周上网40小时以上就可认为是网瘾，有望在年内出台的网瘾诊治标准，初步对网瘾作出这样的界定。消息一出， 网络一片哗然，各行各业的网友纷纷贴出工作时间表反驳，表示“无网络无工作”，按照40个小时算，很多上班一族均“被网瘾”了。专家称，上网的时间并不能全面表示“入网”多深，是不是网瘾，更应该参照网络对上网者身体的损害表现。\r \r<br/>办公族几乎都有网瘾？\r \r<br/>26岁的小胡是市内某广告公司文员，她每天的工作就是通过网络与众多客户进行交流，以及相互发送文件、图片等广告资料。\r \r<br/>“每周上网40小时以上即可认为是网瘾，那我们办公室的人基本上都得算有网瘾了。”小胡说，同事们都是通过网络进行商务初步谈判或沟通，每天除了上班8小时要面对电脑外，有时甚至还要加班至深夜，回家后，不少同事还要通过网络看电影等，“那我们这些办公一族不都有网瘾了哟？”\r \r<br/>许宏是市内某知名网站网络编辑，每天，她的工作就是通过网络选取相关信息发布，并通过网络开展系列活动，“我每天上网时间起码在10小时以上，按照界定标准，我已经有严重网瘾了。”\r \r<br/>同时，网站维护人员、IT工程师等行业人士也认为，自己的工作就是每天与网络打交道，按照网瘾界定标准，他们也统统无情“被网瘾”了，他们都认为这一标准太过牵强。\r \r<br/>IT人士可否申请工伤？\r \r<br/>专家“40小时网瘾”的标准，遭到了网友的板砖“袭击”。有网友给出工作时间表，40/7=5.71,上班族通常的上班时间从上午8时30分到下午5时，除了吃饭几乎都在电脑前，下班回家后开电脑到睡觉。“我并不想上网，但工作必须上网，下班后不知道能干啥，吃喝玩乐都要钱啊，只好在家上网，看来我是被网瘾了！”网友套用最流行的语句感叹称，“哥其实上的不是网，是寂寞。”\r \r<br/>北京网友“kangkae”觉得，根据时间来判断网瘾本来就是一个错误，不晓得又是哪个“砖家”发明的。“我觉得是不是网瘾要看身体的表现，标准参照毒瘾。”网友“额配”戏称，“吸烟有害健康，为什么就没个烟瘾标准呢？”\r \r<br/>苏州网友“fireyu”表示，这个标准“很好，很强大。IT业的所有人，都是网瘾患者”。“作为一个网络工作者，每天工作超过10小时，是否可以申请工伤？”\r \r<br/>记者昨日随机采访了公务员、IT人士、企业上班族等不同人群，绝大部分受访者都表示，如今已是网络时代，无论是工作还是生活，谁都离不开网络。\r \r<br/>有网瘾到底怎么算？\r \r<br/>早在去年8月，由北京军区总医院制订《网络成瘾诊断标准》，首次提出网络成瘾跟赌博成瘾和酒精成瘾一样都是精神疾病。“每周上网40小时以上即网瘾”，虽然没再提“网瘾是精神疾病”的概念，但负责该标准制订的两家单位悉数为精神卫生研究机构。其中意味，倒也鲜明。\r \r<br/>“真正的网瘾，应该是为满足自身快感、欲望，离开网络就难受、心烦意乱、坐立不安，就急于接触网络的一种心理状态。”重医附一院心理卫生中心主任蒙华庆认为，如果上网者有不可控制的上网欲望，不论时间长短，都可以判定为有网瘾。蒙主任接触过一个四岁的小患者，小患者迷恋上QQ玩种菜、偷菜游戏，每天都哭着闹着、时时惦记要上网，虽然每天上网时间不足两小时，但同样被他判定为有网瘾。\r \r<br/>如果是因为生活、工作等情况必须接触网络，蒙主任则认为即便时间再长，也不能界定为有网瘾。“40小时这一界定标准，显然缺乏说服力。”\r \r<br/>蒙主任估计，按照即将出台的网瘾界定标准，将有八成上网者将无辜“被网瘾”。\r \r<br/>精彩评论\r \r<br/>■我们已经进入“被时代”，这不我们又给“被网瘾”进去了！\r \r<br/>■40小时标准一出台，戒网瘾中心可是从此走上致富路了。全国有这么多“被网瘾”——也就是“被精神病”了的人，这是多大的一个市场。可以想像，中国目前有多少人或机构在立等着网瘾标准出台，然后一哄而上地抢钱？\r \r<br/>■这年头不缺标准，连洗脚都有标准，可既然要搞标准，就不能只由专家说了算！\r \r<br/>如何预防上网成瘾\r \r<br/>空间阻断法：电脑等上网设备不要放在卧室等容易获得地方(卧室)，应放在客厅等公共空间，便于对青少年进行控制。\r \r<br/>时间阻断法：为孩子制定上网时间，一般一天或者连续上网时间不超过2小时，长时间上网会对腰、下肢的血液循环、视力、大脑功能都会受到影响。\r \r<br/>外来物阻断法：用闹钟提醒上网时间、做卡片(警示上网危害)提醒，随时告诫上网成瘾的危害、控制自己上网时间。\r \r<br/>内容阻断法：对特定类型的网站(成人网站、不健康网站)坚决进行抵制和过滤。\r \r<br/>你如何看待“被网瘾”现象？您认为40小时的标准是否妥当？敬请登录本报网站www.cqwb.com.cn或致电本报热线966988发表看法。\r \r<br/>记者 王德利  郭娟 制图\r\n\r\n\r\n\r\n\r\n**************************************************', '', 1, '0'),
(47, 1, 45, 1, 'he21cn', '127.0.0.1', 1251357730, '2009年08月27日00:13   南方农村报 \r<br/>南方农村报8月27日报道：  营业仅三月，敛财竟千万，广东省惠州苏尔电器有限公司(以下简称苏尔公司)“一举”成为了家电业的焦点企业。\r \r<br/>8月1日，苏尔公司在未结清供应商货款及员工工资的情况下，公司高层、仓管、财务、货物等集体“人间蒸发”。8月2日开始，陆续得到消息的供应商纷至沓来，“骂娘声”不绝于耳！截至8月25日，被骗的供应商有60多家，金额高达1000多万元。\r \r<br/>6000方厂房打动供货商\r \r<br/>“这是诈骗！”8月24日，潮州铭维电子厂翁厂长义愤填膺。苏尔公司老板“走佬”后，他供应给苏尔的48万元货物，很有可能打水漂。\r \r<br/>铭维电子厂是家电企业的供应商，主要从事接插线和接插件生产。据翁厂长介绍，他与苏尔公司的业务往来始于今年6月初。6月8日，苏尔公司的采购经理赵玉芝找到他，提出想购买一批接插线。由于是第一次和对方打交道，他留了个心眼，没有立即答应，而是提出先到苏尔公司考察，“赵玉芝很爽快的答应了”。\r \r<br/>6月9日，翁厂长来到苏尔公司，近6000平方米的厂房，几百个工人工作的场景，让他顿时放松了警惕。随后，赵玉芝还向他出示了公司的营业执照、注册登记证，翁厂长认定这是一家规模不小的正规公司。\r \r<br/>接下来，双方的合作顺理成章。6月10日，铭维电子厂向苏尔公司供出了第一批货，价值7万元。随后，供货量逐渐加大，直到8月1日苏尔公司老板出逃那天，铭维电子厂还在向其供货。\r \r<br/>直到8月3日，翁厂长才意识到不对劲。这天，他接到了托运公司的电话，对方称其8月1日发出的货，没有人去取。翁厂长赶紧拨打赵玉芝的电话，已关机，其办公电话也没有人接。而按照常理，采购人员不会轻易关机，况且那天又不是周末。他预感到大事不妙：很有可能被骗了！\r \r<br/>8月4日，翁厂长心急火燎地赶到苏尔公司，发现已是人去楼空，厂门口贴着两张苏尔公司员工的大字报：要求拍卖公司设备结算工资。可怕的预感变成了现实，翁厂长欲哭无泪！他随后赶到惠城区公安局报案，发现公安局办公室挤了20多个人，一打听，全是被苏尔公司骗货的各地供应商。\r \r<br/>直到此时，他才知道苏尔公司的厂房是租来的，至今还拖欠着房东20多万元的房租。几百个工人的工资也没有结清，而苏尔公司老板注册营业执照时用的是假身份证。\r \r<br/>逃跑当天与供应商对账\r \r<br/>苏尔公司位于惠州市小金口青塘村大树岭，注册成立时间为2009年5月7日，主要做家用电器、鼠标、显视器等产品。\r \r<br/>短短三月，苏尔公司竟让广州、深圳、东莞等地的供应商损失千万。事后，供应商仔细回想，觉得这是一场蓄谋已久的骗局：苏尔公司先以其实力很强的表象骗取供应商的信任，在供应商供货后，约定一个时间清款，以稳住供应商，而其却在此之前出逃。\r \r<br/>深圳绕成电子公司张经理告诉南方农村报记者，他是在考察苏尔后，相信苏尔的实力，才向其供货，但他在8月1日发现，苏尔公司的所有电话都无人接听，白白损失了30多万元货款。\r \r<br/>“苏尔公司在‘钓鱼上钩’之后，不断要货，而为了稳住供应商，承诺在某日清款。”东莞盈华电子公司供了5万元货给苏尔，该公司李经理分析，苏尔公司在迷惑供应商之后，继而采用缓兵计。他表示，苏尔公司向他承诺8月6日清款，8月1号还特地传来了对账单，以致当他8月3日听到其老板卷款逃跑的消息时，还不敢相信。\r \r<br/>据南方农村报记者了解，深圳绕成电子公司、潮州铭维电子厂也都接到了苏尔公司的清款承诺，但苏尔公司高层一干人等，却在8月1日集体消失。\r \r<br/>“这完全就是一场阴谋！”8月25日，通过盈华电子公司李经理，南方农村报记者联系上苏尔公司原采购员王娜(化名)。8月1日，王娜接到苏尔公司老板的电话，通知其第二天不用上班。她感觉事有蹊跷，第二天赶到公司，发现老板已经逃跑。\r \r<br/>据王娜介绍，苏尔公司的业务上涨速度快得“离奇”，6月份进货200多万元，到7月份攀升至500万元，但事发前仅结过一笔小货款。她由于不知道公司具体的销售状况，因此一直被蒙在鼓里。现在想来，“他们目的很明显，就是想骗货！”\r \r<br/>供货次月清款被钻漏洞\r \r<br/>据惠州惠城区公安分局经侦大队工作人员介绍，事发至今，报案的供货商已达60多家，涉案金额近1000万元。而苏尔公司遗留下来的二手流水线机械，其价值不足5万元，目前已被封存。\r \r<br/>而据惠州当地媒体报道，苏尔公司诈骗案并不是个例。在此之前，惠州市今年已发生两起类似的诈骗案，手段如出一辙：骗子公司老板用假身份证注册相关证件，开厂三个月左右后，诈骗供货商的货款逃跑。\r \r<br/>由于骗子公司策划周密，上述两起案件至今还未侦破。这让供应商们觉得追回货款的希望非常渺茫。\r \r<br/>为何不断地出现供应商被骗事件？先供一个月的货，下月才清款，放心吗？面对南方农村报记者的问题，供应商们都报以无奈的叹息。\r \r<br/>盈华电子的李经理表示，电子行业内，企业之间的交易基本是月结，7月份供的货，要到8月份清款，供应商也没有办法。况且，现在经济形势不好，“有单大家都抢着接”。\r \r<br/>不过他表示，以后将加倍小心。除了去工厂实地查看之外，还要通过一些旁敲侧击的方法辨别骗子公司。\r \r<br/>潮州铭维电子厂翁厂长表示，事实上，供应商都还比较谨慎，在供货前都会去厂家考察，但终究是“防不胜防”！惠州鸿鑫电子公司与苏尔公司仅一路之隔，其被这位“邻居”在眼皮底下骗走了27万元的货。而该公司业务员曾到工商局查过苏尔公司的营业执照，也向派出所调查过苏尔公司是否有案底，但最终还是被骗了！\r \r<br/>经过这一系列诈骗案的“洗礼”，供应商们表示，对于刚合作的公司，今后肯定会降低每月的供货量。“即使被骗，也不会损失这么惨重。”深圳绕成电子公司张经理说。(来源：南方农村报)\r\n\r\n\r\n\r\n\r\n**************************************************', '', 1, '0'),
(48, 1, 46, 1, 'he21cn', '127.0.0.1', 1251357730, '2009年08月27日01:09  新文化报 \r<br/>■新闻回放：\r \r<br/>延吉一对白手起家的37岁夫妇原本感情很好，在丈夫中了500万大奖后却发生争执。先是妻子美花（化名）起诉离婚，后来撤诉，再是丈夫金光（化名）起诉离婚。2008年，延吉市法院在美花无法找到的情况下判决二人离婚，儿子归男方，认定美花带走300万现金属于转移财产，判决男方获得共同财产的80%。随后美花不服判决，申请再审。\r \r<br/>本报延吉讯（记者杨威）“没有钱时我俩过得还行，这飞来的500万就是飞来横祸啊。”丈夫金光说。\r \r<br/>算一算，夫妻俩自从2007年春节中了500万后，当年4月女方起诉离婚到现在，离婚官司打了两年多还在继续。双方的贸易公司早已解散，均处在待业状态。\r \r<br/>女方再次提出上诉\r \r<br/>8月12日，延吉市法院向金光和美花发出再审后的判决书：判决二人离婚，认定美花在不通知丈夫去向的情况下取走300万存款属于转移财产，判定美花少分共同财产，最终判决“六四分”，即“男六女四”，5岁的儿子归女方抚养，男方每月给付抚养费500元直至孩子满18周岁。判决后，女方不服，于昨天最后一天上诉日提出上诉。\r \r<br/>女方认为，自己带走300万元到境外投资属于双方共同投资行为，男方不该毫不知情。当时双方处于冷战状态，男方特意选择这一时间到法院提出离婚，令她无法到庭参加诉讼，使她戴上“转移财产”的帽子，这不公平，她要求双方均分财产。\r \r<br/>法院认定女方转移财产\r \r<br/>此次判决法院认为，女方取走300万如此大额存款时没有与男方联系、协商，投资前后也没有告知男方，该行为应认定为夫妻离婚时，一方转移共同财产，因此在分割财产时，女方应该少分或者不分。\r \r<br/>此次判决法院对女方的权利给予了更多关照，判决女方获得共同财产的40%。算起来，双方共同存款380万元，4处房产和一辆轿车估价在50万元以上，加上女方退回的15万元保险金，去掉共同债务16万，女方比第一次审理多分得80多万元。\r \r<br/>法院认为，双方都争取孩子的抚养权，但谁也不能证明谁比另一方更有优势，考虑到孩子只有5周岁并且一直由女方抚养的原因，将孩子判给女方。\r \r<br/>男方曾吞下50万元收条\r \r<br/>有意思的是，在该案第一次判决之后，双方在延吉市法院执行局见面，在执行法官主持下准备分割财产时，还发生了这样一幕：当美花拿出一份由金光亲手写的50万元收条交给执行法官，法官正在看时，金光突然从法官手中抢过来，将收条吞到肚子里！\r \r<br/>第二次开庭庭审，法官询问金光为什么要吞收条。金光含糊其辞没有说什么。法官于是表示，情况属实，即使你吞掉了收条，但是有执行法官作证，这50万还是算你收到了。金光当庭表示，那就算吧。\r \r<br/>事后接受记者采访时，金光说，自己根本没有收到50万，那时妻子刚回来，他想挽留二人的婚姻，特意写了这个收条，想以此向妻子表示诚意，但是到了后来，他后悔了。\r \r<br/>■新闻链接\r \r<br/>中500万后的离婚案不少\r \r<br/>■2007年4月，上海一对夫妻中了500万体彩大奖后，妻子到法院起诉离婚，称丈夫总怀疑她有外遇并打她，而男方认为女方把钱藏起来自己花，自己却只能靠微薄工资度日。开始男方坚决不同意离婚，后来法庭调解时男方忽然要求立即离婚，说是怕老婆把钱都花没了。\r \r<br/>■2007年9月，一重庆到广东打工的男子中奖500万之后企图瞒着妻子私吞巨奖，被妻子得知后告到法庭要求离婚并分割财产。后经法院调解，双方重归于好。\r \r<br/>■2008年9月，河南某报报道一24岁女子向记者投诉，丈夫中奖500万后不告诉她，还要和她离婚，只给3万元抚养费，原因是嫌她太懒。\r \r<br/>《中了500万 夫妻离了婚》续\r\n\r\n\r\n\r\n\r\n**************************************************', '', 1, '0'),
(49, 1, 47, 1, 'he21cn', '127.0.0.1', 1251357730, '2009年08月27日00:29  汉网-武汉晚报 \r<br/>本报讯 (记者 翁晓波) 大学新生上学，除爷爷奶奶、父母、小姨、舅舅舅妈接送外，还携带着包括衣服、被子、零食、电脑等整整十大箱子行李。这是前日晚上，记者在汉口火车站见到的情景。\r \r<br/>张敏(化名)是十堰市人，家族里兄弟姐妹中，就她一个女孩。打小就是众人眼里的“宝贝”。今年高考，她考上武汉科技学院，因为是家族中第一个大学生，全家人都非常开心。\r \r<br/>马上就要开学了，张敏决定提前几天到武汉，在武汉的舅舅家住几天。两天前，全家人都在给她准备行李：妈妈怕学校的被子不厚，专门给她带了3床厚被子；爸爸为了奖励她考上大学，给他买了一个笔记本电脑；平时穿的衣服全部要带上，春夏秋冬还要重新买几套备用；亲戚送的“好记星”、MP3等都得带上；爷爷奶奶从超市购回5大袋家乡的零食，生怕她在武汉饮食不习惯；哥哥弟弟们还给她买了很多玩具，她专门选了一个大号的玩具熊带着；平时喜欢看的书，也专门安排箱子带着……两天收拾下来，所带的东西足足装了十个箱子。\r \r<br/>前日一早，爷爷奶奶、爸爸妈妈及小姨就和张敏一起，浩浩荡荡来到武汉。晚上汽车达到武汉，舅舅舅妈早就在下车点迎接了。一家人打了三辆的士才勉强挤进去。\r \r<br/>记者问张敏：“你带这么多东西，在学校里放在哪里啊？”她不假思索回答：“我也不知道，反正他们给我装了这么多。”\r\n\r\n\r\n\r\n\r\n**************************************************', '', 1, '0'),
(50, 1, 48, 1, 'he21cn', '127.0.0.1', 1251357730, '2009年08月26日 09:55  新闻晨报\r \r \r \r □捏造“胡斌替身”谣言者被拘，引发网民热议。\r \r \r<br/>晨报记者 姜 鹏\r \r \r<br/>前一段时间，网络上关于杭州“5·7”交通肇事案出庭被告人胡斌是“替身”的议论沸沸扬扬，最后经杭州司法机关出面澄清才平息了质疑。\r \r<br/>昨日，晨报记者从湖北鄂州警方证实，湖北省鄂州市无业人员熊忠俊被指利用网络捏造、散布杭州“5·7”交通肇事案出庭被告人胡斌是“替身”谣言，日前被行政拘留10天。\r \r<br/>不过，网友对于警方的这一作法又起质疑，认为属“因言获罪”。专家表示，警察拘留网民应谨慎，建议尽快出台司法解释，明晰正当言论与造谣的区别。\r \r<br/>散布者：\r \r<br/>曾任某杂志驻深圳记者\r \r<br/>7月20日，杭州“5·7”交通肇事案一审判决，出现在庭审现场的胡斌比案发时明显发胖，而且戴上黑框眼镜，看上去判若两人。21日，熊忠俊以“刘逸明”名义在网上发布《荒唐，受审的飙车案主犯“胡斌”竟是替身》一帖说：“让人吃惊的是，受审的‘胡斌’竟是一个替身，中国媒体在广传有关消息的时候，竟然都没看出来，实在是可悲。”随后，杭州司法部门接受媒体采访时称：“这些猜测纯属无稽之谈，毫无事实根据。”\r \r<br/>24日，刘逸明再发表《上庭受审的“胡斌”铁定是替身》一帖，对法院“无稽之谈”的说法再次予以质疑，“不能不说是现代版的指鹿为马。”\r \r<br/>从7月23日至8月2日，熊忠俊共发表8篇帖子，公布各种胡斌使用替身的“证据”，认为司法机关和媒体作假包庇。\r \r<br/>鄂州市公安机关认为，熊忠俊利用互联网捏造、散布“胡斌替身”谣言，引发网民猜疑，误导公众舆论，扰乱公共秩序，已构成违反治安管理行为。对上述违法行为，熊忠俊供认不讳。鄂州市公安机关根据《中华人民共和国治安管理处罚法》第25条之规定，于2009年8月21日对熊忠俊作出行政拘留10天的处罚。\r \r<br/>晨报记者多方求证获悉，熊忠俊1980年出生于湖北鄂州，爱好文学，笔名“刘逸明”，曾担任一家杂志社驻深圳记者，为多家媒体撰稿。\r \r<br/>晨报记者还获悉了一段熊忠俊被拘留前一天的QQ聊天记录，称“当天他被湖北警察传唤，涉嫌罪名是造谣”。熊忠俊承认“我发过怀疑胡斌找替身的文章”，但他否认自己“首发”该帖。\r \r<br/>在天涯网站上，“刘逸明”属于“全面封杀”用户，最后一次上站是8月21日。自今年4月注册以来，网友“刘逸明”发帖50余篇，其中大多数是评论和质疑内容。网 友：\r \r<br/>非凭空捏造，属合理质疑\r \r<br/>网友“刘逸明”被拘的消息一经传出，立即引发其他网友的热议。一位网友表示难以接受，认为“刘逸明”通过对比前后两张有明显区别的胡斌照片，怀疑胡斌使用替身属于合理质疑，而非凭空捏造了一个事实，“刘逸明”被拘属于“因言获罪”。不过，也有网友认为“这(熊忠俊的发帖)明显不是怀疑，而是造谣”。对此，天涯网总编辑胡彬接受晨报记者采访时对警方拘留熊忠俊的举动有些不解，“抓网民，应当慎重。”胡彬表示，网友“刘逸明”在多家网站多次发帖“胡斌有替身”，确有干扰、散布之嫌，但不能认定属造谣。“按照这种逻辑，警方先前发布车速70码，亦属于造谣。”\r \r<br/>针对网友“因言获罪”的担忧，胡彬介绍说，当前互联网讨论秩序亟待规范，应当从规范网友讨论和加强站方管理两方面着手，建立一个理性、文明、友好的言论环境。\r \r<br/>有网友怀疑天涯网站泄露了熊忠俊的个人资料。胡彬表示，经内部调查，网站并未泄露相关信息，而此次警方也未要求天涯网站提供相关信息。\r \r<br/>专家：\r \r<br/>应明确言论和谣言区别\r \r<br/>近年来，因网络发帖造谣而被拘留的案例呈现高发态势。\r \r<br/>北京大学法学院教授张千帆表示，我国法律对言论与谣言的区别并未有明确的界定，以至于对谣言案认定显得比较随意，时常引发争议。张千帆认为，最高司法机关应借助该类案件的频频发生尽快制定一些司法解释，既保护公民言论自由，又明确质疑言论和造谣的边界，从而减少对言论的误判或矫枉过正。\r \r<br/>张千帆表示，从监督和推动政府部门工作的角度，政府部门应该善待网友言论。如果失实言论没有造成危害或严重后果，应谨慎对言论者采取拘留或处罚措施。\r\n\r\n\r\n\r\n\r\n**************************************************', '', 1, '0'),
(51, 1, 49, 1, 'he21cn', '127.0.0.1', 1251357730, '2009年08月27日03:20  华龙网-重庆晚报\r \r \r 赵本山这次被“纵容”？ \r \r \r<br/>广电总局一纸限制方言剧的禁令，让方言剧的生存空间越来越小。将于本月30日重庆卫视开播的电视剧《挪个地方要得不》就不得不出资数十万元，两度对电视剧的配音进行调整。在接受记者采访时，该剧制片人兼主演赵亮对广电总局的新规定很有异议，他表示：“广电总局规定，在上星卫视黄金时段播出的电视剧中，方言的比例只能占到30%—40%，但却把东北剧撇开，模糊规定称不能完全使用东北话，可以使用东北的一些口语。”这样的规定对于重庆等南方的方言剧很不公平。\r \r<br/>现状\r \r<br/>方言也分地域对待 四川话很受伤\r \r<br/>代表作《挪个地方要得不》\r \r<br/>重庆卫视宣布赵亮、王迅、媛凤主演的城乡统筹轻喜剧《挪个地方要得不》，将采用普通话版本，这让许多观众颇为失望，一些观众致电本报记者：“最喜欢的就是媛凤闹喳喳的感觉，改成普通话，可能就没意思了。”对此，制片人赵亮很无奈，“广电总局的规定在那里，要上卫星就不能全用方言。”\r \r<br/>陕北话很郁闷\r \r<br/>代表作：《苍天》\r \r<br/>近段时间在央视热播的电视剧《苍天》，在剧中大量使用陕北话，在得到观众“很有亲切感”的认同之外，也受到了“广电总局的禁令到底是不是一纸空文”的质疑。昨日，记者联系上该剧主演王学圻，面对质疑，王学圻很委屈。\r \r<br/>他告诉记者，其实原来版本中的陕北方言比现在多很多，剧中群众所说的话都是陕北方言，但广电总局和央视都不允许播，后来只好重新配音，仅有一些口语使用方言。王学圻也证实了赵亮的说法，方言在剧中比例不能超过30%—40%。\r \r<br/>东北话很得意\r \r<br/>代表作：《乡村爱情3》\r \r<br/>与前面两部剧的遭遇相比，《乡村爱情3》就没有遇到这样的问题，该剧传出的最新消息是已经锁定央视春节档播出。不但剧中使用东北方言不受限制，而广电总局的另一项“限播电视剧续集”的规定也在该剧中失效。赵本山明确表示：“《乡村爱情3》不会改名。”\r \r<br/>潜规则\r \r<br/>南方方言敌不过北方方言\r \r<br/>赵本山让东北话大行其道为了剧能播，只能多花钱\r \r<br/>赵亮给记者举了一个例子，一部南方方言的电视剧和东北方言的电视剧竞争在央视一套播出，南方方言的电视剧会明显处于劣势，“也许在央视眼中，东北话的普及程度要比南方方言高，而东北方言更接近普通话吧。”\r \r<br/>赵本山让东北话大行其道\r \r<br/>而一位不愿透露姓名的制片人，则把东北话在央视大行其道的原因归结到赵本山身上，“其实大家可以关注一下，能在央视播出的东北剧，大多都有赵本山的份，央视播东北话其实是给赵本山面子。”这位制片人的说法未免有一些偏激，不过有一个细节却值得关注，在央视播出的《清凌凌的水蓝莹莹的天》中，自导自演的潘长江，放弃了东北话，改用普通话。\r \r<br/>为了剧能播，只能多花钱\r \r<br/>为了能让剧上星，赵亮调整了两次配音方案，他寻找到一个妥协的方式，在剧中主要使用普通话，但王迅等人物还是保留四川话，“在规定之内，最大限度上使用方言。”而这让他的投资成本增加了30万元。“能不能不上星，坚持用方言？”赵亮的答案是否定的，他表示，如果只在地方台播，他根本就收不回成本。\r \r<br/>王学圻也同样很无奈，他反问记者：“你想想，本来陕北话说得很亲切，突然要改成对着铁话筒说普通话(后期配音)，能有什么好效果。”首席记者 巫天旭\r \r<br/>观点\r \r<br/>重庆话能不能上央视？广电总局：只能适量用\r \r<br/>作为广电总局审片委员，周星对于广电总局的禁令有比较详细的了解。他介绍，方言禁令的出台，其实是在方言剧泛滥成风的前提下进行了限制。周星认为，既然国家规定了将普通话作为大众推广语言，在央视、卫星台上播出的电视剧，就应该以普通话为基准，但允许在剧中穿插少量的方言来展示地方风情。因此不管是东北话、重庆话都只能适量的使用，广电总局出台的这一禁令并无不妥之处。\r \r<br/>事实是，从1980年开始，四川话连续剧能上央视的，只有《傻儿师长》、《山城棒棒军》、《王保长歪传》不多的几部，并且都是在央视一套之外。\r \r<br/>重庆导演：改改就能用\r \r<br/>而长期拍摄普通话电视剧的重庆导演鄢光宗，则有另外一番解读。他表示，自己曾针对东北话在央视受欢迎，重庆话不受待见的现象进行过研究。他有一个比较深的感受，东北话在观众能听懂的前提下，能够传递出诙谐、幽默。同时，如果说话是“技”的话，东北演员可谓有“技”还有“艺”。而重庆方言则缺乏必要的提炼，在情感的表达上不够细腻，同时重庆演员太依托重庆话本身的魅力，而这种语言在脱离了当地的语言背景之后，很难被人接受。“重庆话不是不能用，而是需要改动之后再用。”\r \r<br/>方言剧制片人：看菜吃饭\r \r<br/>作为方言剧制片人的代表，赵亮希望广电总局不搞“一刀切”。有一些电视剧，用普通话表达会有问题，比如《山城棒棒军》，脱离了特殊语境，很难达到预期的效果。而像《挪个地方要得不》这部剧而言，普通话或方言对剧的精彩程度影响并不大，因为该剧的故事性比较强，喜剧的效果是通过剧情来表达，而不是完全依托于语言。“看菜吃饭，具体情况具体分析。”\r\n\r\n\r\n\r\n\r\n**************************************************', '', 1, '0'),
(52, 1, 50, 1, 'he21cn', '127.0.0.1', 1251357730, '2009-08-27 05:58:37　来源: 四川新闻网-成都商报(成都)\r \r 成都商报8月27日报道 昨日，一篇向著名歌唱家蒋大为追债的帖子引起了网友的热议。帖子中称蒋大为在2003年向当时的朋友兼经纪人姚曼借款90万元，并写下借条，但是蒋大为并未如期归还这笔钱，随后姚曼于2004年将蒋大为告上法庭，蒋大为却反诉姚曼欺诈，此案由北京市公安局刑侦总队展开调查，然而，案子却从此没了下文。\r \r 昨日，姚曼告诉本报记者，网上的帖子是她发的，原因是当年和蒋大为的90万元欠款官司时隔6年仍然没有任何进展，警方没有拿出任何调查结果，蒋大为也从未还过她钱，实在没办法了，她才“网上追债”。之后，记者联系上蒋大为的弟弟，他表示，借款一事根本就不存在。\r \r 网上发帖：蒋大为赖账6年\r \r 网上的帖子称：以《在那桃花盛开的地方》等歌曲享誉国内外的著名歌唱家蒋大为在6年前欠下了90万元的巨债，至今也未归还，其间借款人曾经提起诉讼，蒋大为却以种种方法“赖掉”了还款，并反诉借款人姚曼“胁迫”其写下借条，涉嫌敲诈。这篇长长的帖子中还贴出了大量与案件相关的文件，包括2004年7月21日北京市公安局刑侦总队向海淀区人民法院发出的编号为京公刑侦发字(2004)34号的函件、蒋大为的借条原件扫描图、海淀区人民法院民事裁定书等。\r \r 记者注意到，有大量网友跟帖，称其为“网络追债”，有网友称：“看来‘名人效应’不仅在商业演出圈管用，在其他地方也能‘通吃’，要不然怎么有凭有据的借款案最后就能不了了之？”也有网友质疑事件背后的隐情和发帖人的身份，还有网友调侃为“在那逃债盛行的地方”。\r \r 事件背后：案件石沉大海\r \r 昨日，姚曼向本报记者承认，网上的帖子正是她发的：“我没有其他办法了，6年了，我就是想要个说法”。\r \r 早在2006年，这个借款官司就曾因为姚曼两次上门要债而名声大噪。那个时候，姚曼和蒋大为已经认识多年了。1998年，姚曼在蒋大为的邀请下，开始与他合作做演出。姚曼通过父亲的关系为蒋大为组织了一些演出并接拍了一些广告，相当于经纪人的角色。2003年的年初，她个人拿出90万元现金准备组织一场演出，后来因为种种原因取消了。于是，她就把这笔钱存放在了蒋大为的家中，也就是帖子中借条上的时间2003年3月20日，内容是“今借姚曼人民币玖拾万元整，于2003年10月底前还清”，落款人是蒋大为。 但是蒋大为不但没有还款，还和姚曼的关系闹僵了。姚曼在2004年元旦过后将蒋大为起诉至北京海淀法院。2004年3月，蒋大为提出反诉，称借条是姚曼在地下车库以“非法胁迫”手段迫使他写下的。同时，他声称姚曼以非法手段虚构借贷关系，侵占了他124万元，足以抵消90万元的欠款。\r \r 时隔几天，也就是2004年3月15日，北京市公安局刑事侦查总队向海淀区人民法院发出了“关于请海淀区人民法院协助工作的函”，称2003年11月，刑侦总队已经受理了姚曼涉嫌敲诈蒋大为一案，将作为刑事案件立案侦查。为保证侦查过程顺利进行，要求法院做好保密工作，并妥善处理姚曼一案件。随后，海淀区人民法院向姚曼发出了民事裁定书，称中止此案诉讼。\r \r “我就这样成了犯罪嫌疑人，而且一当就当到现在”，姚曼昨日说，可是在这几年中，并没有警方来调查过她这个“犯罪嫌疑人”，案件也石沉大海，再无结果。\r \r 事到如今：双方各执一词\r \r 昨日，蒋大为没有接听本报记者的电话，蒋大为的弟弟称蒋大为目前在国内，但是不方便接电话：“关于此事，没什么好说的，去问公安局和法院吧，现在是以法律为准绳。”他称借款一事并不存在。而北京市公安局刑侦总队的值班警官则表示，案件的时间太久了，不确定此案是否还在调查中，需要核实之后告知。\r \r 姚曼称，今年年初，蒋大为还通过中间人找过她，希望少还一些钱，50万元左右还拿得出来，但被其拒绝，“他在我面前从未否认过这笔欠款的存在，可就是想通过其他途径赖掉。” (本文来源：成都商报 )\r\n\r\n\r\n\r\n\r\n**************************************************', '', 1, '0'),
(53, 1, 51, 1, 'he21cn', '127.0.0.1', 1251357730, '2009-08-26 18:17:33　来源: 网易娱乐专稿\r \r \r \r 刘德华到香港后前往公司。\r \r \r \r 刘德华不回应是否结婚。\r \r \r \r \r \r 刘德华上楼往公司。\r \r \r \r 网易娱乐8月26日独家报道 昨日(8月25日)晚上十时多和朱丽倩十指紧扣返港的华仔。于翌日十四时二十分坐着保姆车，从加多利山寓所驶出，前往他的公司——华仔天地安建中心。大约十四时四十五分，华仔在五至六名保安的保护下下车，途中有记者提问“公开关系后是否轻松很多？”“对粉丝的责怪有否感到压力”和“是否会在不久将来会和朱丽倩到大马举行婚礼”等问题。对此，头带cap帽的华仔并没有回应记者任何提问，目无表情地走入大厦。\r \r\n\r\n\r\n\r\n\r\n**************************************************', '', 1, '0'),
(54, 1, 52, 1, 'he21cn', '127.0.0.1', 1251357730, '2009-08-27 01:17:36　来源: 中国新闻网(北京)\r 中国新闻网8月27日报道 经过连续数月的快速攀升，上海房价创下历史新高。房价的急速上涨使得地方政府此前的护盘心态出现变化，上海正通过大手笔的推地及二十六日起连续开工建设三个大型居住区等增加供应量的做法来平抑房价。\r \r 最新公布的、分别反映新房和二手房价格走势的中房上海指数和上海二手房指数显示，七月份的上海房价创出历史新高。\r \r 七月中房上海综合指数为二一二七点，较上月上涨百分之四点七三。其中住宅指数为二0四五点，较上月上涨九十九点，环比涨幅百分之五点零九，刷新了历史纪录，与今年二月份房价低位时相比，上涨了百分之十点二，与去年同期相比上涨了百分之三点二三。\r \r 七月的上海二手房价格指数为二四二七点，较六月上升二十九点，环比涨幅百分之一点二一，同样一举跃上历史最高点。全市五十六个控制点板块均出现上涨，无一下跌。\r \r 郊区楼盘价格频频破万。相关报道称，除远郊崇明县外，上海已进入“万元”房价时代。大幅上涨的房价已成为社会热点，也引起政府高官高度关注。\r \r 中共上海市委书记俞正声七月份对媒体谈及上海房价时表示，“我觉得房价高”，将“增加供给量”。\r \r 最近一周来，上海出现新一轮的推地热潮。市规划和国土资源管理局接连发布的六十一、六十二、六十三号公告共推地十一块，总面积达四十五点八三公顷。其中居住用地占了相当比例。\r \r 同时，今年第九号土地出让预公告，拟出让闵行大型居住社区浦江基地鲁汇A、B块两个地块，共出让土地十七点一三公顷。这两个地块同属于今年确定的大型居住社区项目。\r \r 在大手笔推地的同时，上海市十五个大型居住区建设取得突破性进展。继六月下旬江桥基地启动以来，首批六个基地中的浦江、周康航和曹路三大基地从今天起三天内先后开工。规划显示，六大基地建设用地面积约十九点三三平方公里，其中居住用地面积约十点七七平方公里，规划居住人口约五十二万人。\r \r 上海市市长韩正上周的公开表态为以上的政府行为作了注解：“上海房价已过高，我们必须防止房价上涨过快，政府应该采取措施，有效控制房地产市场增长速度。”他表示，上海市政府下半年将增加可供房地产开发的土地供应量，并加快建设面向低收入家庭的经济适用房。\r\n\r\n\r\n\r\n\r\n**************************************************', '', 1, '0'),
(55, 1, 53, 1, 'he21cn', '127.0.0.1', 1251357730, '2009-08-27 08:05:56　来源: 新京报\r \r \r \r 智联招聘前CEO刘浩 \r  \r \r \r<br/>本报讯 (记者林其玲)昨天有媒体报道招聘网站智联招聘上一财年亏1.5亿元，CEO刘浩因为业绩不佳，被迫“下课”。智联招聘方面表示，“刘浩是主动请辞”，“董事会是肯定刘浩业绩的”。\r \r<br/>智联持续亏损\r \r<br/>据媒体报道，智联招聘的最大股东澳大利亚seek前天公布上一财年报告。财报显示，由于智联招聘的亏损，使seek产生了1725.4万澳元的税后亏损额。“如此计算，智联招聘本身的亏损约1.5亿多人民币。”而seek公司今年3月公布的一份财报显示，智联招聘2008年的亏损额约1.7亿元人民币。\r \r<br/>上月刘浩接受记者采访时表示，“现在还不是赚钱的时候，市场份额才是目的。”业内人士认为，这可能是刘浩跟股东和高层意见不一致的导火索。不过智联招聘公关强调，刘浩辞职是个人原因，智联招聘“如果亏损，肯定是战略性亏损”。\r \r<br/>三招聘龙头仅前程无忧盈利\r \r<br/>本月初，中华英才的母公司Monster发布第二季度财报显示，中华英才网也处于亏损状态。而去年中华英才网的亏损额高达1.75亿元人民币。其前总裁张建国也于今年年初离职。\r \r<br/>目前国内三家龙头招聘网站中，只有前程无忧保持盈利，其第二季度净利润比去年同期增长7.78%。\r \r<br/>- 相关\r \r<br/>“网络招聘行业或生变”\r \r<br/>据易观国际最新的市场检测数据，前程无忧目前占有国内26.3%的市场份额，而英才网和智联分别占有22.4%、15.3%。易观国际分析师表示，中华英才有可能抢占市场份额。业内人士表示，网络招聘行业格局可能将会发生变化。\r \r<br/>据悉，英才和智联上半年都在新业务上进行尝试，企业在战略上也有调整。英才网今年推出开发简历助手业务，希望从注册用户数上追赶51job，而智联招聘也于6月推出简历增强显示的增值业务服务，并成立培训咨询服务公司。 \r\n\r\n\r\n\r\n\r\n**************************************************', '', 1, '0'),
(56, 1, 54, 1, 'he21cn', '127.0.0.1', 1251357730, '2009-08-27 07:53:33　来源: 新京报\r \r 10年来1330位中国富豪中49位“生变”，其中17人获刑，3人待宣判 \r \r \r<br/>- 关注焦点\r \r<br/>一向乐于挖掘中国富豪的胡润，昨日正式发布了《胡润百富榜-中国富豪特别报告》。\r \r<br/>据这份报告披露，10年来登陆胡润百富榜、财富令人艳羡的1330位中国富豪们，有49位发生了各种变故，其中17人获刑入狱，3人待宣判。包括牟其中、唐万新、顾雏军、周正毅等名噪一时的人物。\r \r<br/>昨日，胡润研究院发布的《胡润百富榜-中国富豪特别报告》，罗列了1999年至2008年10年间，上过胡润百富榜的1330位企业家出“问题”的名单。\r \r<br/>48位变故富豪补充为49位\r \r<br/>根据报告，10年来，1330位上榜富豪中曾发生变故的有49位(其中一同上榜的兄弟及夫妻均算一位)。这里的“变故”包括，被判刑、等待宣判，正在或者曾经被调查过，下落不明(或在国外)或者去世。\r \r<br/>其中，已经判刑或者等待被判刑的分别有17人和3人，这20名“归宿”明了的企业家，被称作“问题富豪”，占据了胡润榜单上榜1330位富豪的1.4%。\r \r<br/>此前，有媒体报道变故富豪是48位。昨日，胡润研究院相关负责人表示，在48位变故表单制作完成后，发现漏掉了已经去世的中发电气董事长南民，后补充成49位。\r \r<br/>获刑富豪最高被判无期\r \r<br/>报告中详细列出49位变故富豪的资料，资料来源多为公开信息。其中很多名字虽然近年几乎被人们遗忘，但他们都曾名噪一时。\r \r<br/>17名被判刑的问题富豪包括：南德集团牟其中被判无期徒刑后改判18年，缔造格林柯尔系的顾雏军被判10年有期徒刑，操纵证券交易价格的德隆系掌门人唐万新被判8年徒刑，行贿、挪用资金的上海农凯集团周正毅两次被判19年徒刑。\r \r<br/>17人中，明伦集团周益明因合同欺诈量刑最高，终审被判无期徒刑。\r \r<br/>胡润称富豪落马情况复杂\r \r<br/>“对这些问题富豪，很难归纳他们出现问题的共性。”胡润表示，“富豪落马其实还是一个比较复杂、多层次的事件，把一切归因于个人道德不合适，但转到中国经济这一背景下又有些太形而上。但大部分企业都在失去创始人的情况下，度过了危机，存活下来。”\r \r<br/>纵观这些富豪触及的问题，多包括挪用资金、诈骗、行贿等等。胡润表示，在过去中国企业的经营环境中，“第一桶金”是很难拿到的，并不像今天一样融资渠道很多，可以直接找风投。在现在政策体制已经有所改善的环境下，富豪们就没有了犯此类错误的托辞，企业家原罪理论对现在的富豪们不适用。\r \r<br/>胡润否认百富榜为“杀猪榜”\r \r<br/>胡润一直否认自己的百富榜为“杀猪榜”，但这份“问题富豪”名单中，一些企业家确实为胡润榜单的常客。\r \r<br/>在正在被调查的10位富豪中，包括黄光裕、黄俊钦兄弟、东星航空兰世立、中信泰富荣智健等7人连续4次以上登上胡润百富榜。\r \r<br/>胡润对此表示，自己一手打造的榜单，与这些富豪的命运没有直接关联，“10年来98.6%的民营企业家都带领着企业健康发展，这个出问题的比例很低，在中国经济高速发展的十年，没有一个人出问题才不正常”。\r \r<br/>- 对话\r \r<br/>胡润：黄光裕仍会上榜\r \r<br/>认为错误跟财务没关系，称此次报告是以数据回击“杀猪榜”质疑\r \r<br/>高调发布“百富榜”10年的英国人胡润，为什么要发布《中国富豪特别报告》？胡润接受本报记者采访，谈了他对榜单以及对中国富豪的看法。\r \r<br/>很多人对企业家态度不公平\r \r<br/>新京报：为何此次改变了“挖掘”富豪的工作，晒出了10年来“问题富豪”的名单？这样的报告你希望告诉人们什么？\r \r<br/>胡润：很多人对待企业家的态度是不公平的，认为他们有财富，就一定出问题。\r \r<br/>但是我们的报告数据显示，98.6%的企业家在中国经济高速发展的近10年都带领企业健康的成长。尽管一些企业家因为自身和环境的原因出了“问题”，但是民营企业家对中国经济的贡献不能抹煞。\r \r<br/>此外，有人一直认为胡润百富榜是“杀猪榜”，我们一直没有回应，但是现在以这种数据报告的方式来证明，让很多质疑之人没有话说。\r \r<br/>新京报：黄光裕等“问题富豪”还会登上你的富豪榜吗？这样的“问题富豪”继续上榜会不会影响榜单的社会形象？\r \r<br/>胡润：当然会上榜。黄光裕遭调查的问题仍旧没有结论，我们以创维董事局主席黄宏生为例，他出现过问题服刑6年并已经出狱，由于他们一直对企业持有股份，依旧是富豪。错误跟财务没关系。\r \r<br/>应关注有学习价值的企业家\r \r<br/>新京报：你的团队制作榜单调研的数据基础是什么，这样的调研是否权威？\r \r<br/>胡润：2000年9月，当我们把计算出的任正非的财富数字及相关信息传真到华为公司后，收到了华为发的一张律师函。10年来，我们收到的律师函很多，我没有数过。但是我们的数据都是来自公开数据，如上市公司披露的信息，所以没有问题。\r \r<br/>新京报：很多人并不喜欢你的榜单，认为你在借此平台“把富豪当商品卖”，你怎么看？\r \r<br/>胡润：这个蛮难回答的。事实是一些上榜富豪对我的榜单也很感兴趣，甚至有些上榜的人在人前炫耀得有点夸张。\r \r<br/>其实，富豪本身就是明星，关注的人很多，除了我的富豪榜单外，就像我在机场看到的，到处都是关于他们的书。关注这些人，可以通过这些企业家的故事，了解行业的故事，了解到中国社会的变迁。这些人也引导、启迪很多人的思路。很多人的故事是很了不得的，我们应该去关注身边这些有学习价值的企业家，大家不能永远去学比尔·盖茨，很无聊的。\r \r<br/>采写/本报记者 张晓蕊 \r\n\r\n\r\n\r\n\r\n**************************************************', '', 1, '0'),
(69, 2, 67, 1, 'he21cn', '127.0.0.1', 1251942186, '测试的话题', '', 1, '0');
INSERT INTO `hope_post` (`pid`, `class_id`, `tid`, `uid`, `username`, `ip`, `dateline`, `message`, `pic`, `isthread`, `hotuser`) VALUES
(59, 1, 57, 1, 'he21cn', '127.0.0.1', 1251357730, '09:20:28千龙网\r<br/>今年以来，网络上开始出现一些以“门”命名的色情视频，并通过社区、论坛等方式广泛传播，不过更令人惊讶的是，已经有证据显示这些“门”视频似乎并不全是网友在“无意”之中泄露到网络上的。 \r \r<br/>26日，杀毒软件360安全卫士相关专家表示，此类偷拍或自拍色情视频在网上流传有明显人为推广痕迹，而商业黑客正是幕后黑手。360分析认为，黑客用木马从当事人电脑中盗取视频后再传播的可能性极大，目的是散播木马获取利益。 \r \r<br/>色情视频链接暗藏病毒 \r<br/>近来网上以“门”命名的各类色情视频层出不穷，这些偷拍或自拍视频一经传到网上，就被迅速转载到各大社区和论坛，相关词汇随即成为炙手可热的搜索词汇。然而，在与这些热词相关的网页、BT种子、在线视频等内容中，却大量暗藏着各种木马病毒。 \r \r<br/>360安全中心杀毒软件专家表示，目前已经先后在多家论坛、博客中，发现“门”事件有明显的人为推广痕迹。主要表现为：这类“门”信息发布的地点比较固定，而不同的“门”相关“挂马网页”又都指向同一木马下载地址，夹带着相同种群的盗号木马及后门程序。 \r \r<br/>本月20日，网络安全服务商美国赛门铁克公司公布了“2009年夏季最肮脏网站名单”。结果显示，100个“最脏”网站中有48个使用了色情内容引诱人们掉入电脑病毒陷阱。而据360安全中心公布的同类调查数据显示，国内“挂马攻击”危害TOP20网站全部为色情网站。 \r \r<br/>国内色情网站“十站九毒” \r<br/>据360网络安全专家介绍，为了牟取利益，目前色情网站大都放弃了极易留下犯罪线索的会员收费制，开始投身木马产业链，充当起出卖访问者电脑安全的“流量商”角色。以近日央视《焦点访谈》曝光的“妹妹五月天”色情网站为例，该站长在网站“挂马”向商业黑客收取“人头费”，短短5个月就敛财10万余元，而黑客利用木马盗号窃取的财富显然远不止这个数。 \r \r<br/>360网络安全专家表示，“挂马”已经成为色情网站最主要的收入来源，国内色情网站“十站九毒”一点都不夸张，网友们一定要远离这类危险网站。当然，色情网站有时还会利用聊天软件或社交网站散布链接，导致很多网友无意间就点开了色情网页。（记者 杨汛）\r\n\r\n\r\n\r\n\r\n**************************************************', '', 1, '0'),
(60, 1, 58, 1, 'he21cn', '127.0.0.1', 1251357730, '2009-08-27 09:41:52　来源: 中国新闻网\r \r \r 妈妈指刘德华当时劈腿。\r \r 中新网8月27日电 刘德华以十指紧扣高调“手法”让朱丽倩正名。前女友喻可欣献“淡淡的祝福”，但喻妈妈跳出来说：“华仔和喻可欣那时还在谈恋爱，是朱丽倩介入，而且追得很紧。” \r \r 台湾“中国时报”报道，喻妈妈指刘德华当时劈腿(脚踏两只船)，喻可欣还因此跟他大吵：“要她就不要我，要我就不要她！”接着就闹分手。喻可欣多年来放不下这段情，喻妈妈不舍也不甘，对刘德华终于认了朱丽倩，她还说，不管当初是怎么抢的，朱丽倩也算熬出头了。 \r \r 喻可欣和刘德华分手后，身体状况时好时坏，两年前还得了肺结核，所幸是非开放性(不会传染)，为了治疗，她几乎不出门。她之前接受访问时透露，专心研读佛经，曾用易经替自己算命，“易经上说，等他结婚后，我就解套了。”\r\n\r\n\r\n\r\n\r\n**************************************************', '', 1, '0'),
(61, 1, 59, 1, 'he21cn', '127.0.0.1', 1251357730, '2009-08-27 02:42:27　来源: 京华时报(北京)\r \r \r 刘德华25日与绯闻女友朱丽倩十指紧扣返回香港。\r \r 京华时报8月27日报道 刘德华25日与绯闻女友朱丽倩十指紧扣返回香港。在机场被问及是否会在百日内结婚时，华仔首度开腔回应：“不是，所有的事情不会再讲，我不会多作解释”。华仔又在个人网站留言，他感谢媒体的包容眷顾，并对歌迷们为他遮风挡雨“万二分感谢。”此外，昨日朱丽倩家族的一位生意伙伴爆料称，其实华仔与朱丽倩两人早就结婚了。 \r \r “我带她回家休息”\r \r 据香港媒体报道，华仔与朱丽倩于25日晚10时半左右飞抵香港。虽然现场集结过百媒体记者及粉丝，但戴着口罩的华仔与朱丽倩，依然手牵手步出闸口。华仔为保护朱丽倩免被人群撞倒，更是腾出另一只手揽着她。二人寸步不离，表现恩爱。\r \r 面对记者的追访，华仔只礼貌地表示：“多谢传媒关心。”有记者追问华仔与朱丽倩会否于朱父逝世一百日内结婚，华仔终打破沉默首度开腔回应：“不是，所有的事情不会再讲，我不会多作解释，给点时间我等我带她回家里休息，搞到大家这样不好意思。”在华仔接受访问期间，朱丽倩一直低着头做其背后女人。\r \r “万二分”谢歌迷\r \r 昨天，华仔在个人网站留言，他感谢媒体的包容眷顾，对在机场引发的混乱表示歉意，还特别提及歌迷们无私无悔为他遮风挡雨，表示“万二分感谢。”\r \r 留言中，刘德华上来就是“让很多关心我的人都挂心了。”他说，在两地机场都引起了一些混乱，影响了不少旅客和工作人员，十分抱歉。随后，他提到媒体，“其实素来对我格外包容眷顾，感受到大家对我的爱护，你们这次也都辛苦了。”接着，刘德华在谈到歌迷时则表示“早已深受感动”。他说：“看到大家对我的爱更是无私无悔……容老大衷心说句，万二分感谢。”\r \r 两人被爆早已结婚\r \r 朱丽倩家族的一位生意伙伴昨天爆料称，其实华仔与朱丽倩两人早已结婚。\r \r 据报道，爆料人Byren一家和朱丽倩家族有生意往来。“我家和他们家(朱家)算是世交，偶尔会一起聚会，所以他们的事情基本上都知道。”Byren告诉记者，作为天王巨星，刘德华之所以迟迟不公开与朱丽倩的婚姻，是希望保护个人隐私。早在刘德华当红之时，他就公开过一次恋情，不仅许多歌迷难以接受，广告商也十分不满，女方也受到很大影响。所以，当刘德华与朱丽倩开始恋情，到最后结婚，他都保持高度神秘，不仅对外否认，也从不携手出行。Byren猜测，婚讯不公开的原因，还是考虑到个人隐私，不愿意私生活受媒体的“监督”。\r \r 另外，Byren还透露，在马来西亚，几乎所有人都知道刘德华是朱家的女婿，但是没有人会去对外面的人说。只是最近朱父去世刘德华表现“太差”，居民们才纷纷表示不满。综合《厦门商报》等消息\r\n\r\n\r\n\r\n\r\n**************************************************', '', 1, '0'),
(62, 1, 60, 1, 'he21cn', '127.0.0.1', 1251357730, '2009年08月27日 10:51:12 　来源：广州日报 \r \r     消费陷阱 \r     如今，手机市场的“高仿之风”越刮越猛，高仿手机卖得也越来越火，但是出现的消费纠纷也越来越多，不少奸商利用这种手机谋取暴利。 \r \r     有的消费者虽知道是高仿机，低价购买后没用几天故障就频频出现，维修无门，几百元相当于扔进了水里；还有一些消费者被不法厂商蒙骗，花了正品的价格却买了部高仿机，欲哭无泪。 \r \r<br/>诱惑：真机4000多元仿机400元 \r \r     所谓高仿机，就是高度仿造的手机，实质上就是无视知识产权的假冒手机。这些高仿机几乎和真机一样，做到了难以分辨的程度，连开机时的声音、开机后的界面都和正规品牌手机一样。有些高仿机甚至还能输入验证序列码。 \r \r     这类手机受到市场热捧也有一定原因，不少消费者对原版的高价觉得难以企及却又喜欢这款手机的外观；还有的消费者为了在朋友面前炫耀，乐意花上几百元去“显摆”，还有些学生或者追求高性价比的用户也会选择此类机型。 \r \r     高仿机所仿效的主要对象是售价高昂的大品牌高端手机、奢侈手机、天价手机，特别是新上市的旗舰机型；其次则是大品牌销量十分大的中端价位手机。记者在电脑城、大沙头等手机市场看到，这些高仿机价格低得惊人，比如三星伯爵手机、苹果iphone以及诺基亚N96等高档手机，真品价格多在4000~6000元，而这些手机的“仿真版”却只有几百元。 \r \r     陷阱：外观不错操作很差很难保修 \r \r     虽然说姜太公钓鱼，愿者上钩。且不评价高仿手机涉嫌侵犯知识产权问题，消费者抱着一种明知而为之的心态去购买，固然不值得提倡。但从保护消费者利益看，所谓高仿手机其实有很多消费陷阱，消费者购买后也并非能用得舒心。\r \r      其一，质量差很多。很多高仿机吹嘘自己能1：1高度仿真，但实际并非如此。虽然外观差不多，但手机的做工以及操作系统比真品其实要差很多。某消费者王先生花500元购买了一款“山寨”版苹果iphone手机。购买当天，王先生并未开机试用，待回到家后，他便发现手机音乐播放器无法使用，耳机也听不到声音，而且手机的原配电池使用不到1小时就自动关机了。 \r \r     其二，很难保修。这类手机在保修期内一旦出现性能故障，很难享受“三包“服务。大多数消费者购买时已经知其为“三无产品”，心头虽有疑虑，但经不住销售商“可退可换、保修3个月或半年”等口头承诺，也就忽视了售后服务问题。但实际上多是空头支票，许多高仿机的保修期最多承诺保修3个月，有的不到承诺的期限就找不到人了，售后还是要自己处理。 \r \r     其三，被骗话费。很多高仿手机内置了恶意扣费软件，手机也会像电脑一样，沦为黑客控制的“肉鸡”。不法厂商往手机芯片上植入了一些扣费程序后，他们就可以像黑客一样，通过GPRS网络让手机用户每月扣费消费。 \r \r     一些不法商家甚至会是以蒙骗的方式直接把高仿机当作真品卖。据记者了解，这些手机仿冒程度达到了95%以上，不但外形一模一样，就连功能表等操作界面都一样，如果不是行家，还真很难分辨出来。 \r \r     为了蒙蔽消费者，有的商家还会玩弄“偷梁换柱”的把戏，消费者挑选试用的时候是真机，而付款后拿来的却是高仿机。 \r \r<br/>鉴别 \r \r     真手机“天衣无缝” \r \r     假手机接缝松动 \r \r     看做工。比如外壳的各个接缝处。真品手机的各处接缝间隙均是十分均匀，而且不会出现松动的情况。仿真手机的间隙开口显得比较大，而且用手轻轻按压就会感到有松动的迹象。还比如外壳工艺处理上，真品手机一般光泽度极好，烤漆面均匀光滑，手感细腻。而仿真手机则漆面不均匀，手感有毛刺，外壳的某些部位还出现了轻微的锈迹。\r \r     仿真品的铭牌印刷得比较粗糙，字体笔画不均匀，质量较次。 \r \r     摸键盘。手感方面，仿真手机的按键大多不能很好地保持在同一平面之上，而且手感也显得比较生涩，手感极差，不仅难以定位，而且很容易发生错误操作。而真手机就较少出现这些问题。 \r \r     听声音。真品手机一般声音很纯，没有任何杂音，而不好的高仿机则是声音很大，没有那么纯，感觉有杂音，容易出现破音。 \r \r     装软件。如果是智能手机，可以临时用一个免签名的软件(如Ucweb)在机子里安装一下，不能成功安装则是高仿机，不支持Java下载的也是仿真机。如果验证非智能手机，安装软件不好办的话，那就安装主题，一般的高仿机基本上不能安装主题。 \r \r     配件不能忽视。配件也是高仿的，比如诺基亚电池，真品的防伪标签颜色偏红，立体感十足，其字体非常清晰。而仿制品的镭射标签则偏绿色，立体感较差，其上的小字体模糊不清。（薛松） \r\n\r\n\r\n\r\n\r\n**************************************************', '', 1, '0'),
(86, 1, 58, 1, 'he21cn', '127.0.0.1', 1252980727, '1132', '', 0, '0'),
(87, 1, 58, 1, 'he21cn', '127.0.0.1', 1252980738, '999', '', 0, '0'),
(101, 40, 72, 911, 'hope00000062', '192.168.1.102', 1255395403, '<DIV>现在学生学习压力比较大，所以不知道到底给学生布置作业量多少才合适？</DIV>', '', 1, '0'),
(102, 40, 73, 911, 'hope00000062', '192.168.1.102', 1255398205, '<DIV><IMG src="http://www.szschool.com.cn/pic/star.gif"></DIV>\r\n<DIV>把你心中认为的校园之星写下来。无论是老师还是你同学朋友都可以。</DIV>', '', 1, '0'),
(103, 2, 67, 932, 'hope00000932', '192.168.1.102', 1255419858, '<img src="attachment/200910/13/932_1255419855q0AR.jpg">', '', 0, '0'),
(104, 37, 74, 1, 'he21cn', '192.168.1.102', 1255593042, '<DIV>大幅度</DIV>', '', 1, '0'),
(105, 37, 75, 1, 'he21cn', '192.168.1.102', 1255593081, '<DIV>霏霏</DIV>', '', 1, '0'),
(106, 40, 76, 911, 'hope00000062', '192.168.1.3', 1256528720, '<DIV>有谁知道重阳节的来历吗?</DIV>', '', 1, '0'),
(107, 37, 75, 1, 'he21cn', '127.0.0.1', 1256539899, '广东省', '', 0, '0'),
(108, 2, 67, 1, 'he21cn', '192.168.1.180', 1256542066, '<img src="attachment/200910/26/1_1256542063yYw0.jpg">', '', 0, '0'),
(109, 38, 77, 911, 'hope00000062', '127.0.0.1', 1256712441, 'fdas', '', 1, '0'),
(110, 38, 78, 911, 'hope00000062', '127.0.0.1', 1256712505, 'fdas', '', 1, '0'),
(111, 38, 79, 911, 'hope00000062', '127.0.0.1', 1256712535, 'fdas', '', 1, '0'),
(112, 38, 80, 911, 'hope00000062', '127.0.0.1', 1256712631, '12121321321', '', 1, '0'),
(113, 37, 81, 1, 'he21cn', '192.168.1.44', 1256713100, '发撒发撒2222312<ins class="modify">[本话题由 he21cn 于 2009-10-28 14:58:28 编辑]</ins>', '', 1, '0'),
(114, 38, 80, 911, 'hope00000062', '127.0.0.1', 1256716229, '<img src="image/face/12.gif" class="face">', '', 0, '0'),
(115, 37, 82, 1, 'he21cn', '192.168.1.101', 1256866048, 'fdsafdasfas', '', 1, '0'),
(116, 37, 0, 1, 'he21cn', 'unknown', 1256871967, 'fsfasfas', '', 1, '0'),
(117, 37, 0, 1, 'he21cn', 'unknown', 1256872050, 'fsfasfas', '', 1, '0'),
(118, 37, 0, 1, 'he21cn', 'unknown', 1256872056, 'fsfasfas', '', 1, '0'),
(119, 37, 0, 1, 'he21cn', 'unknown', 1256872059, 'fsfasfas', '', 1, '0'),
(120, 37, 83, 1, 'he21cn', 'unknown', 1256872070, 'fdasfdas', '', 1, '0'),
(121, 37, 0, 1, 'he21cn', 'unknown', 1256872077, 'fdasfdasds2312', '', 1, '0'),
(122, 37, 0, 1, 'he21cn', 'unknown', 1256872253, '&nbsp;【乐园】重温快乐时光 【乐园】重温快乐时光 【乐园】重温快乐时光 【乐园】重温快乐时光 【', '', 1, '0'),
(123, 37, 0, 1, 'he21cn', 'unknown', 1256872296, '&nbsp;【乐园】重温快乐时光 【乐园】重温快乐时光 【乐园】重温快乐时光 【乐园】重温快乐时光 【', '', 1, '0'),
(124, 37, 84, 1, 'he21cn', 'unknown', 1256872473, 'v重温快乐时光快乐时光', '', 1, '0'),
(125, 37, 85, 911, 'hope00000062', '192.168.1.3', 1257385990, '<DIV>大家觉得感恩节应该怎么来组织活动呢?</DIV>\r\n<DIV>请大家积极参与!</DIV>', '', 1, '0'),
(126, 37, 86, 1, 'he21cn', '192.168.1.102', 1257386517, '<DIV>你们是不是注定的天生一对？跟他（她）在一起人生将变更美好，或只是一连串心碎的开端…爱情测试准确率最高达98%,将以下网址粘贴到地址栏</DIV>', '', 1, '0'),
(127, 37, 87, 1, 'he21cn', '192.168.1.102', 1257388588, '<DIV><IMG src="http://192.168.1.222/uchome/image/face/7.gif"><IMG src="http://192.168.1.222/uchome/image/face/6.gif"></DIV>', '', 1, '0'),
(128, 37, 83, 1, 'he21cn', 'unknown', 1258011092, 'fdasfas', '', 0, '0'),
(129, 37, 88, 911, 'hope00000062', '192.168.1.3', 1258510664, '<DIV><IMG src="http://192.168.1.222/uchome/image/face/21.gif"><IMG src="http://192.168.1.222/uchome/image/face/22.gif">fdfdfffffffaefkj<IMG src="http://192.168.1.222/uchome/image/face/4.gif"><IMG src="http://192.168.1.222/uchome/image/face/11.gif"><IMG src="http://192.168.1.222/uchome/image/face/7.gif"></DIV>', '', 1, '0'),
(130, 38, 89, 911, 'hope00000062', '192.168.1.3', 1258511010, '<DIV>\r\n<DIV><IMG src="http://192.168.1.222/uchome/image/face/6.gif">\r\n<DIV><IMG src="http://192.168.1.222/uchome/image/face/6.gif">\r\n<DIV><IMG src="http://192.168.1.222/uchome/image/face/6.gif">\r\n<DIV><IMG src="http://192.168.1.222/uchome/image/face/6.gif">\r\n<DIV><IMG src="http://192.168.1.222/uchome/image/face/6.gif">\r\n<DIV><IMG src="http://192.168.1.222/uchome/image/face/6.gif">\r\n<DIV><IMG src="http://192.168.1.222/uchome/image/face/6.gif"></DIV></DIV></DIV></DIV></DIV></DIV></DIV></DIV>', '', 1, '0'),
(131, 370, 90, 1094, 'teacher', '192.168.1.117', 1260945990, 'gjhgjhhhhgggggggfgrgfgf', '', 1, '0');

-- --------------------------------------------------------

--
-- 表的结构 `hope_thread`
--

CREATE TABLE IF NOT EXISTS `hope_thread` (
  `tid` mediumint(8) unsigned NOT NULL AUTO_INCREMENT COMMENT '话题id',
  `topicid` mediumint(8) unsigned NOT NULL DEFAULT '0',
  `class_id` mediumint(8) unsigned NOT NULL DEFAULT '0' COMMENT '班级id',
  `eventid` mediumint(8) unsigned NOT NULL DEFAULT '0',
  `subject` varchar(255) NOT NULL COMMENT '标题',
  `magiccolor` tinyint(6) unsigned NOT NULL DEFAULT '0',
  `magicegg` tinyint(6) unsigned NOT NULL DEFAULT '0',
  `uid` mediumint(8) unsigned NOT NULL DEFAULT '0' COMMENT '用户id',
  `username` char(15) NOT NULL DEFAULT '' COMMENT '用户名',
  `dateline` int(10) unsigned NOT NULL DEFAULT '0',
  `viewnum` mediumint(8) unsigned NOT NULL DEFAULT '0' COMMENT '浏览数',
  `replynum` mediumint(8) unsigned NOT NULL DEFAULT '0' COMMENT '回复数',
  `lastpost` int(10) unsigned NOT NULL DEFAULT '0' COMMENT '最后回复id',
  `lastauthor` char(15) NOT NULL DEFAULT '' COMMENT '最后回复用户',
  `lastauthorid` mediumint(8) unsigned NOT NULL DEFAULT '0' COMMENT '最后回复用户id',
  `displayorder` tinyint(1) unsigned NOT NULL DEFAULT '0',
  `digest` tinyint(1) NOT NULL DEFAULT '0' COMMENT '精华',
  `hot` mediumint(8) unsigned NOT NULL DEFAULT '0' COMMENT '热门',
  `click_11` smallint(6) unsigned NOT NULL DEFAULT '0',
  `click_12` smallint(6) unsigned NOT NULL DEFAULT '0',
  `click_13` smallint(6) unsigned NOT NULL DEFAULT '0',
  `click_14` smallint(6) unsigned NOT NULL DEFAULT '0',
  `click_15` smallint(6) unsigned NOT NULL DEFAULT '0',
  `state` tinyint(1) DEFAULT '1' COMMENT '0:删除',
  PRIMARY KEY (`tid`),
  KEY `tagid` (`class_id`,`displayorder`,`lastpost`),
  KEY `uid` (`uid`,`lastpost`),
  KEY `lastpost` (`lastpost`),
  KEY `topicid` (`topicid`,`dateline`),
  KEY `eventid` (`eventid`,`lastpost`)
) ENGINE=MyISAM  DEFAULT CHARSET=utf8 CHECKSUM=1 DELAY_KEY_WRITE=1 ROW_FORMAT=DYNAMIC COMMENT='班级话题表' AUTO_INCREMENT=91 ;

--
-- 转存表中的数据 `hope_thread`
--

INSERT INTO `hope_thread` (`tid`, `topicid`, `class_id`, `eventid`, `subject`, `magiccolor`, `magicegg`, `uid`, `username`, `dateline`, `viewnum`, `replynum`, `lastpost`, `lastauthor`, `lastauthorid`, `displayorder`, `digest`, `hot`, `click_11`, `click_12`, `click_13`, `click_14`, `click_15`, `state`) VALUES
(1, 0, 1, 0, '组图：刘德华、朱丽倩终于修成正果', 0, 0, 1, 'he21cn', 1251357714, 4, 0, 1251357714, 'he21cn', 1, 0, 1, 0, 0, 0, 0, 0, 0, 1),
(2, 0, 1, 0, '美国真人秀明星残忍杀妻后自杀', 0, 0, 1, 'he21cn', 1251357714, 4, 0, 1251357714, 'he21cn', 1, 0, 1, 0, 0, 0, 0, 0, 0, 1),
(3, 0, 1, 0, '小伙七夕卖2.7万只萤火虫', 0, 0, 1, 'he21cn', 1251357714, 5, 0, 1251357714, 'he21cn', 1, 0, 1, 0, 0, 0, 0, 0, 0, 1),
(4, 0, 1, 0, '父亲让13岁儿子休学一年走遍全国(图)', 0, 0, 1, 'he21cn', 1251357714, 0, 0, 1251357714, 'he21cn', 1, 0, 1, 0, 0, 0, 0, 0, 0, 1),
(5, 0, 1, 0, '多名家长联名发帖要求更换班主任', 0, 0, 1, 'he21cn', 1251357714, 0, 0, 1251357714, 'he21cn', 1, 0, 1, 0, 0, 0, 0, 0, 0, 1),
(6, 0, 1, 0, '央视新址大火首批涉案者正移送起诉', 0, 0, 1, 'he21cn', 1251357714, 0, 0, 1251357714, 'he21cn', 1, 0, 1, 0, 0, 0, 0, 0, 0, 1),
(7, 0, 1, 0, '魔兽战网帐号存安全漏洞 滋生卖号骗子', 0, 0, 1, 'he21cn', 1251357714, 0, 0, 1251357714, 'he21cn', 1, 0, 1, 0, 0, 0, 0, 0, 0, 1),
(8, 0, 1, 0, '京城筑诚嘉信 北漂族的噩梦', 0, 0, 1, 'he21cn', 1251357714, 0, 0, 1251357714, 'he21cn', 1, 0, 1, 0, 0, 0, 0, 0, 0, 1),
(9, 0, 1, 0, '疾病自测：你的痛经到了几级？', 0, 0, 1, 'he21cn', 1251357714, 0, 0, 1251357714, 'he21cn', 1, 0, 1, 0, 0, 0, 0, 0, 0, 1),
(10, 0, 1, 0, '腰部保暖可缓解女性手脚冰凉症状', 0, 0, 1, 'he21cn', 1251357714, 0, 0, 1251357714, 'he21cn', 1, 0, 1, 0, 0, 0, 0, 0, 0, 1),
(11, 0, 1, 0, '被网瘾，IT人士可否申请工伤？', 0, 0, 1, 'he21cn', 1251357714, 0, 0, 1251357714, 'he21cn', 1, 0, 1, 0, 0, 0, 0, 0, 0, 1),
(12, 0, 1, 0, '回复:被网瘾，IT人士可否申请工伤？', 0, 0, 1, 'he21cn', 1251357714, 0, 0, 1251357714, 'he21cn', 1, 0, 1, 0, 0, 0, 0, 0, 0, 1),
(13, 0, 1, 0, '我国将出现第一次老年人口增长高峰', 0, 0, 1, 'he21cn', 1251357714, 0, 0, 1251357714, 'he21cn', 1, 0, 1, 0, 0, 0, 0, 0, 0, 1),
(14, 0, 1, 0, '司机酒后驾驶将被撞者拖行3公里致死', 0, 0, 1, 'he21cn', 1251357714, 0, 0, 1251357714, 'he21cn', 1, 0, 1, 0, 0, 0, 0, 0, 0, 1),
(15, 0, 1, 0, '家电公司高层诈骗千万货款后集体失踪', 0, 0, 1, 'he21cn', 1251357714, 0, 0, 1251357714, 'he21cn', 1, 0, 1, 0, 0, 0, 0, 0, 0, 1),
(16, 0, 1, 0, '中500万大奖后夫妻离婚', 0, 0, 1, 'he21cn', 1251357714, 0, 0, 1251357714, 'he21cn', 1, 0, 1, 0, 0, 0, 0, 0, 0, 1),
(17, 0, 1, 0, '七位亲人携十箱行李护送大学新生入学', 0, 0, 1, 'he21cn', 1251357714, 0, 0, 1251357714, 'he21cn', 1, 0, 0, 0, 0, 0, 0, 0, 0, 1),
(18, 0, 1, 0, '天涯否认泄露胡斌案替身造谣者资料', 0, 0, 1, 'he21cn', 1251357714, 0, 0, 1251357714, 'he21cn', 1, 0, 1, 0, 0, 0, 0, 0, 0, 1),
(19, 0, 1, 0, '广电总局“方言令”惹争议', 0, 0, 1, 'he21cn', 1251357714, 0, 0, 1251357714, 'he21cn', 1, 0, 1, 0, 0, 0, 0, 0, 0, 1),
(20, 0, 1, 0, '蒋大为欠人90万被网上追讨？？', 0, 0, 1, 'he21cn', 1251357714, 0, 0, 1251357714, 'he21cn', 1, 0, 1, 0, 0, 0, 0, 0, 0, 1),
(21, 0, 1, 0, '刘德华拒答是否与朱丽倩结婚', 0, 0, 1, 'he21cn', 1251357714, 0, 0, 1251357714, 'he21cn', 1, 0, 1, 0, 0, 0, 0, 0, 0, 1),
(22, 0, 1, 0, '上海拟大举增加土地供应量平抑房价', 0, 0, 1, 'he21cn', 1251357714, 0, 0, 1251357714, 'he21cn', 1, 0, 0, 0, 0, 0, 0, 0, 0, 1),
(23, 0, 1, 0, '智联招聘巨亏1.5亿 CEO刘浩“下课”', 0, 0, 1, 'he21cn', 1251357714, 0, 0, 1251357714, 'he21cn', 1, 0, 1, 0, 0, 0, 0, 0, 0, 1),
(24, 0, 1, 0, '胡润盘点10年来上榜“问题富豪”', 0, 0, 1, 'he21cn', 1251357714, 6, 0, 1251357714, 'he21cn', 1, 0, 1, 0, 0, 0, 0, 0, 0, 1),
(25, 0, 1, 0, '惊艳：婚纱上落满活蝴蝶', 0, 0, 1, 'he21cn', 1251357714, 0, 0, 1251357714, 'he21cn', 1, 0, 1, 0, 0, 0, 0, 0, 0, 1),
(26, 0, 1, 0, '母亲培养儿子做“老鸨” 让未来儿媳接客卖淫', 0, 0, 1, 'he21cn', 1251357714, 0, 0, 1251357714, 'he21cn', 1, 0, 1, 0, 0, 0, 0, 0, 0, 1),
(27, 0, 1, 0, '色情网站“十站九毒” 黑客用色情视频传病毒', 0, 0, 1, 'he21cn', 1251357714, 0, 0, 1251357714, 'he21cn', 1, 0, 1, 0, 0, 0, 0, 0, 0, 1),
(28, 0, 1, 0, '喻可欣母亲批刘德华当年劈腿', 0, 0, 1, 'he21cn', 1251357714, 0, 0, 1251357714, 'he21cn', 1, 0, 1, 0, 0, 0, 0, 0, 0, 1),
(29, 0, 1, 0, '朱家生意伙伴爆料：刘德华朱丽倩早已结婚', 0, 0, 1, 'he21cn', 1251357714, 0, 0, 1251357714, 'he21cn', 1, 0, 1, 0, 0, 0, 0, 0, 0, 1),
(30, 0, 1, 0, '400元买到4000元手机？专家:小心消费陷阱', 0, 0, 1, 'he21cn', 1251357714, 0, 0, 1251357714, 'he21cn', 1, 0, 0, 0, 0, 0, 0, 0, 0, 1),
(31, 0, 1, 0, '组图：刘德华、朱丽倩终于修成正果', 0, 0, 1, 'he21cn', 1251357730, 0, 0, 1251357730, 'he21cn', 1, 0, 1, 0, 0, 0, 0, 0, 0, 1),
(32, 0, 1, 0, '美国真人秀明星残忍杀妻后自杀', 0, 0, 1, 'he21cn', 1251357730, 0, 0, 1251357730, 'he21cn', 1, 0, 1, 0, 0, 0, 0, 0, 0, 1),
(33, 0, 1, 0, '小伙七夕卖2.7万只萤火虫', 0, 0, 1, 'he21cn', 1251357730, 0, 0, 1251357730, 'he21cn', 1, 0, 1, 0, 0, 0, 0, 0, 0, 1),
(34, 0, 1, 0, '父亲让13岁儿子休学一年走遍全国(图)', 0, 0, 1, 'he21cn', 1251357730, 0, 0, 1251357730, 'he21cn', 1, 0, 1, 0, 0, 0, 0, 0, 0, 1),
(35, 0, 1, 0, '多名家长联名发帖要求更换班主任', 0, 0, 1, 'he21cn', 1251357730, 0, 0, 1251357730, 'he21cn', 1, 0, 1, 0, 0, 0, 0, 0, 0, 1),
(36, 0, 1, 0, '央视新址大火首批涉案者正移送起诉', 0, 0, 1, 'he21cn', 1251357730, 1, 0, 1251357730, 'he21cn', 1, 0, 1, 0, 0, 0, 0, 0, 0, 1),
(37, 0, 1, 0, '魔兽战网帐号存安全漏洞 滋生卖号骗子', 0, 0, 1, 'he21cn', 1251357730, 4, 0, 1251357730, 'he21cn', 1, 0, 1, 0, 0, 0, 0, 0, 0, 1),
(38, 0, 1, 0, '京城筑诚嘉信 北漂族的噩梦', 0, 0, 1, 'he21cn', 1251357730, 1, 0, 1251357730, 'he21cn', 1, 0, 1, 0, 0, 0, 0, 0, 0, 1),
(39, 0, 1, 0, '疾病自测：你的痛经到了几级？', 0, 0, 1, 'he21cn', 1251357730, 6, 0, 1251357730, 'he21cn', 1, 0, 1, 0, 0, 0, 0, 0, 0, 1),
(40, 0, 1, 0, '腰部保暖可缓解女性手脚冰凉症状', 0, 0, 1, 'he21cn', 1251357730, 2, 0, 1251357730, 'he21cn', 1, 0, 1, 0, 0, 0, 0, 0, 0, 1),
(41, 0, 1, 0, '被网瘾，IT人士可否申请工伤？', 0, 0, 1, 'he21cn', 1251357730, 0, 0, 1251357730, 'he21cn', 1, 0, 1, 0, 0, 0, 0, 0, 0, 1),
(45, 0, 1, 0, '家电公司高层诈骗千万货款后集体失踪', 0, 0, 1, 'he21cn', 1251357730, 0, 0, 1251357730, 'he21cn', 1, 0, 1, 0, 0, 0, 0, 0, 0, 1),
(46, 0, 1, 0, '中500万大奖后夫妻离婚', 0, 0, 1, 'he21cn', 1251357730, 0, 0, 1251357730, 'he21cn', 1, 0, 1, 0, 0, 0, 0, 0, 0, 1),
(47, 0, 1, 0, '七位亲人携十箱行李护送大学新生入学', 0, 0, 1, 'he21cn', 1251357730, 1, 0, 1251357730, 'he21cn', 1, 0, 0, 0, 0, 0, 0, 0, 0, 1),
(48, 0, 1, 0, '天涯否认泄露胡斌案替身造谣者资料', 0, 0, 1, 'he21cn', 1251357730, 0, 0, 1251357730, 'he21cn', 1, 0, 1, 0, 0, 0, 0, 0, 0, 1),
(49, 0, 1, 0, '广电总局“方言令”惹争议', 0, 0, 1, 'he21cn', 1251357730, 1, 0, 1251357730, 'he21cn', 1, 0, 1, 0, 0, 0, 0, 0, 0, 1),
(50, 0, 1, 0, '蒋大为欠人90万被网上追讨？？', 0, 0, 1, 'he21cn', 1251357730, 0, 0, 1251357730, 'he21cn', 1, 0, 1, 0, 0, 0, 0, 0, 0, 1),
(51, 0, 1, 0, '刘德华拒答是否与朱丽倩结婚', 0, 0, 1, 'he21cn', 1251357730, 0, 0, 1251357730, 'he21cn', 1, 0, 1, 0, 0, 0, 0, 0, 0, 1),
(52, 0, 1, 0, '上海拟大举增加土地供应量平抑房价', 0, 0, 1, 'he21cn', 1251357730, 5, 0, 1251357730, 'he21cn', 1, 0, 1, 0, 0, 0, 0, 0, 0, 1),
(53, 0, 1, 0, '智联招聘巨亏1.5亿 CEO刘浩“下课”', 0, 0, 1, 'he21cn', 1251357730, 14, 0, 1251357730, 'he21cn', 1, 0, 1, 0, 0, 0, 0, 0, 0, 1),
(54, 0, 1, 0, '胡润盘点10年来上榜“问题富豪”', 0, 0, 1, 'he21cn', 1251357730, 0, 0, 1251357730, 'he21cn', 1, 0, 1, 0, 0, 0, 0, 0, 0, 1),
(71, 0, 1, 0, '我在0901班发起话题', 0, 0, 1, 'he21cn', 1253173141, 84, 5, 1253173141, 'wing', 61, 1, 0, 20, 0, 0, 0, 0, 0, 1),
(57, 0, 1, 0, '色情网站“十站九毒” 黑客用色情视频传病毒', 0, 0, 1, 'he21cn', 1251357730, 1, 0, 1251357730, 'he21cn', 1, 0, 1, 0, 0, 0, 0, 0, 0, 1),
(58, 0, 1, 0, '喻可欣母亲批刘德华当年劈腿', 0, 0, 1, 'he21cn', 1251357730, 52, 2, 1251357730, 'he21cn', 1, 1, 1, 0, 0, 0, 3, 0, 0, 1),
(59, 0, 1, 0, '朱家生意伙伴爆料：刘德华朱丽倩早已结婚', 0, 0, 1, 'he21cn', 1251357730, 14, 0, 1251357730, 'he21cn', 1, 0, 1, 0, 0, 0, 0, 0, 0, 1),
(60, 0, 1, 0, '400元买到4000元手机？专家:小心消费陷阱', 0, 1, 1, 'he21cn', 1251357730, 21, 0, 1251357730, 'he21cn', 1, 0, 0, 0, 0, 0, 0, 0, 0, 1),
(67, 0, 2, 0, '学校的话题', 0, 0, 1, 'he21cn', 1251942186, 9, 3, 1251942186, 'he21cn', 1, 0, 0, 0, 0, 0, 0, 0, 0, 1),
(72, 0, 40, 0, '布置家庭作业多少量才合适？', 0, 0, 911, 'hope00000062', 1255395403, 2, 0, 1255395403, 'hope00000062', 911, 0, 0, 0, 0, 0, 0, 0, 0, 1),
(73, 0, 40, 0, '谁是校园之星？', 0, 0, 911, 'hope00000062', 1255398205, 4, 0, 1255398205, 'hope00000062', 911, 0, 0, 0, 0, 0, 0, 0, 0, 1),
(74, 0, 37, 0, '夺', 0, 0, 1, 'he21cn', 1255593042, 4, 0, 1255593042, 'he21cn', 1, 0, 0, 0, 0, 0, 0, 0, 0, 1),
(75, 0, 37, 0, '妥', 0, 0, 1, 'he21cn', 1255593081, 33, 1, 1255593081, 'he21cn', 1, 0, 0, 0, 0, 0, 1, 0, 0, 1),
(76, 0, 40, 0, '重阳节的来历', 0, 0, 911, 'hope00000062', 1256528720, 3, 0, 1256528720, 'hope00000062', 911, 0, 0, 0, 0, 0, 0, 0, 0, 1),
(77, 0, 38, 0, 'dfsa', 0, 0, 911, 'hope00000062', 1256712441, 0, 0, 1256712441, 'hope00000062', 911, 0, 0, 0, 0, 0, 0, 0, 0, 1),
(78, 0, 38, 0, 'dfsa', 0, 0, 911, 'hope00000062', 1256712505, 0, 0, 1256712505, 'hope00000062', 911, 0, 0, 0, 0, 0, 0, 0, 0, 1),
(79, 0, 38, 0, 'dfsa', 0, 0, 911, 'hope00000062', 1256712535, 1, 0, 1256712535, 'hope00000062', 911, 0, 0, 0, 0, 0, 0, 0, 0, 1),
(80, 0, 38, 0, 'fads222222222222', 0, 0, 911, 'hope00000062', 1256712631, 1, 1, 1256712631, 'hope00000062', 911, 0, 0, 0, 0, 0, 0, 0, 0, 1),
(81, 0, 37, 0, '但是发发生', 0, 0, 1, 'he21cn', 1256713108, 3, 0, 1256713100, 'he21cn', 1, 0, 0, 0, 0, 0, 0, 0, 0, 1),
(82, 0, 37, 0, '&lt;a href=&quot;baidu.com&quot;&gt;baidu nihao &lt;/a&gt;', 0, 0, 1, 'he21cn', 1256866048, 1, 0, 1256866048, 'he21cn', 1, 0, 0, 0, 0, 0, 0, 0, 0, 1),
(83, 0, 37, 0, '好大的勺子（布奇乐乐园系列）', 0, 0, 1, 'he21cn', 1256872070, 6, 1, 1256872070, 'he21cn', 1, 0, 0, 0, 0, 0, 1, 0, 0, 1),
(84, 0, 37, 0, '重温快乐时光快乐时光重温快乐时光快乐时光重温快乐时光快乐时光重温快乐时光快乐时光', 0, 0, 1, 'he21cn', 1256872473, 8, 0, 1256872473, 'he21cn', 1, 0, 0, 0, 1, 0, 0, 0, 0, 1),
(85, 0, 37, 0, '感恩节活动', 0, 0, 911, 'hope00000062', 1257385990, 1, 0, 1257385990, 'hope00000062', 911, 0, 0, 0, 0, 0, 0, 0, 0, 1),
(86, 0, 37, 0, '男', 0, 0, 1, 'he21cn', 1257386517, 5, 0, 1257386517, 'he21cn', 1, 0, 0, 0, 0, 0, 1, 0, 0, 1),
(87, 0, 37, 0, 'dhjdfjijj', 0, 0, 1, 'he21cn', 1257388588, 3, 0, 1257388588, 'he21cn', 1, 0, 0, 0, 0, 0, 0, 0, 0, 1),
(88, 0, 37, 0, 'kkkkkkkkkkkkkk', 0, 0, 911, 'hope00000062', 1258510664, 6, 0, 1258510664, 'hope00000062', 911, 0, 0, 0, 0, 0, 0, 0, 0, 1),
(89, 0, 38, 0, '话题讨论', 0, 0, 911, 'hope00000062', 1258511010, 2, 0, 1258511010, 'hope00000062', 911, 0, 0, 0, 0, 0, 0, 0, 0, 1),
(90, 0, 370, 0, '反反复复', 0, 0, 1094, 'teacher', 1260945990, 0, 0, 1260945990, 'teacher', 1094, 0, 0, 0, 0, 0, 0, 0, 0, 1);

-- --------------------------------------------------------

--
-- 表的结构 `login_record`
--

CREATE TABLE IF NOT EXISTS `login_record` (
  `id` int(11) NOT NULL AUTO_INCREMENT,
  `uid` int(11) DEFAULT NULL,
  `login_ip` varchar(15) DEFAULT NULL,
  `login_time` int(11) DEFAULT NULL,
  PRIMARY KEY (`id`)
) ENGINE=MyISAM  DEFAULT CHARSET=utf8 AUTO_INCREMENT=19 ;

--
-- 转存表中的数据 `login_record`
--

INSERT INTO `login_record` (`id`, `uid`, `login_ip`, `login_time`) VALUES
(1, 1, '127.0.0.1', 1262919175),
(2, NULL, 'unknown', 1260770264),
(3, 1, '127.0.0.1', 1262918362),
(4, 1, '127.0.0.1', 1262919375),
(5, 1, 'unknown', 1262749586),
(6, 2, 'unknown', 1262749723),
(7, 1, '127.0.0.1', 1262827788),
(8, 1, '127.0.0.1', 1262836878),
(9, 1, '127.0.0.1', 1262855565),
(10, 1, '127.0.0.1', 1262921185),
(11, 1, '127.0.0.1', 1263533092),
(12, 1, '127.0.0.1', 1263783619),
(13, 1, '127.0.0.1', 1263868395),
(14, 1, '127.0.0.1', 1263958588),
(15, 1, '127.0.0.1', 1263966644),
(16, 1, '127.0.0.1', 1263968833),
(17, 1, '127.0.0.1', 1263973429),
(18, 1, '127.0.0.1', 1263974317);

-- --------------------------------------------------------

--
-- 表的结构 `photo`
--

CREATE TABLE IF NOT EXISTS `photo` (
  `id` int(11) NOT NULL AUTO_INCREMENT,
  `attachId` int(11) DEFAULT NULL,
  `albumId` int(11) DEFAULT NULL,
  `uid` int(11) DEFAULT NULL,
  `status` tinyint(2) unsigned NOT NULL DEFAULT '1',
  `name` varchar(255) DEFAULT NULL,
  `ctime` int(10) unsigned DEFAULT NULL,
  `mtime` int(10) unsigned DEFAULT NULL,
  `info` text,
  `commentCount` int(11) unsigned DEFAULT '0',
  `viewCount` int(11) unsigned DEFAULT '0',
  `savepath` varchar(255) DEFAULT NULL,
  `size` int(11) NOT NULL DEFAULT '0',
  `privacy` int(1) NOT NULL DEFAULT '1',
  `tags` text,
  `order` int(11) NOT NULL DEFAULT '0',
  `isDel` tinyint(1) NOT NULL DEFAULT '0',
  PRIMARY KEY (`id`)
) ENGINE=MyISAM  DEFAULT CHARSET=utf8 COMMENT='相片表' AUTO_INCREMENT=2 ;

--
-- 转存表中的数据 `photo`
--

INSERT INTO `photo` (`id`, `attachId`, `albumId`, `uid`, `status`, `name`, `ctime`, `mtime`, `info`, `commentCount`, `viewCount`, `savepath`, `size`, `privacy`, `tags`, `order`, `isDel`) VALUES
(1, 6, 1, 1, 1, '四叶草22', 1262844930, 1262844930, NULL, 0, 0, '20100107/14/4b457c023534e.jpg', 29677, 4, NULL, 0, 0);

-- --------------------------------------------------------

--
-- 表的结构 `photo_album`
--

CREATE TABLE IF NOT EXISTS `photo_album` (
  `id` int(11) NOT NULL AUTO_INCREMENT,
  `uid` int(11) DEFAULT NULL,
  `name` varchar(255) DEFAULT NULL,
  `info` text,
  `ctime` int(10) unsigned DEFAULT NULL,
  `mtime` int(10) unsigned DEFAULT NULL,
  `coverImageId` int(11) DEFAULT NULL,
  `coverImagePath` varchar(255) DEFAULT NULL,
  `photoCount` int(11) DEFAULT '0',
  `status` tinyint(2) unsigned NOT NULL DEFAULT '1',
  `share` tinyint(1) NOT NULL DEFAULT '0',
  `privacy` tinyint(1) DEFAULT NULL,
  `privacy_data` text,
  `isDel` tinyint(1) NOT NULL DEFAULT '0',
  PRIMARY KEY (`id`),
  KEY `uid` (`uid`),
  KEY `cTime` (`ctime`),
  KEY `mTime` (`mtime`)
) ENGINE=MyISAM  DEFAULT CHARSET=utf8 COMMENT='相册表' AUTO_INCREMENT=3 ;

--
-- 转存表中的数据 `photo_album`
--

INSERT INTO `photo_album` (`id`, `uid`, `name`, `info`, `ctime`, `mtime`, `coverImageId`, `coverImagePath`, `photoCount`, `status`, `share`, `privacy`, `privacy_data`, `isDel`) VALUES
(1, 1, '我的相册', NULL, 1261033403, 1261033403, 1, '20100107/14/4b457c023534e.jpg', 1, 1, 0, 4, '123456', 0),
(2, 2, '我的相册', NULL, 1262755700, 1262755700, NULL, NULL, 0, 1, 0, 1, NULL, 0);

-- --------------------------------------------------------

--
-- 表的结构 `ts_photo_index`
--

CREATE TABLE IF NOT EXISTS `ts_photo_index` (
  `albumId` int(11) NOT NULL DEFAULT '0',
  `photoId` int(11) NOT NULL DEFAULT '0',
  `userId` int(11) DEFAULT NULL,
  `order` int(11) DEFAULT NULL,
  `privacy` tinyint(1) NOT NULL DEFAULT '1',
  PRIMARY KEY (`albumId`,`photoId`),
  UNIQUE KEY `album_photo` (`albumId`,`photoId`)
) ENGINE=MyISAM DEFAULT CHARSET=utf8;

--
-- 转存表中的数据 `ts_photo_index`
--


-- --------------------------------------------------------

--
-- 表的结构 `ts_photo_mark`
--

CREATE TABLE IF NOT EXISTS `ts_photo_mark` (
  `photoId` int(11) DEFAULT NULL,
  `userId` int(11) DEFAULT NULL,
  `userName` varchar(50) DEFAULT NULL,
  `markedUserId` int(11) DEFAULT NULL,
  `x` varchar(100) DEFAULT NULL,
  `y` varchar(100) NOT NULL
) ENGINE=MyISAM DEFAULT CHARSET=utf8;

--
-- 转存表中的数据 `ts_photo_mark`
--


-- --------------------------------------------------------

--
-- 表的结构 `user`
--

CREATE TABLE IF NOT EXISTS `user` (
  `id` int(11) NOT NULL AUTO_INCREMENT,
  `email` varchar(255) DEFAULT NULL,
  `password` varchar(50) DEFAULT NULL,
  `username` varchar(255) DEFAULT NULL,
  `handle` varchar(255) DEFAULT NULL,
  `sex` varchar(10) DEFAULT NULL,
  `birthday` varchar(255) DEFAULT NULL,
  `blood_type` varchar(5) DEFAULT NULL,
  `current_province` varchar(255) DEFAULT NULL,
  `current_city` varchar(255) DEFAULT NULL,
  `current_area` varchar(255) DEFAULT NULL,
  `admin_level` varchar(255) DEFAULT '0',
  `commend` tinyint(1) DEFAULT NULL,
  `active` tinyint(1) NOT NULL DEFAULT '0',
  `ctime` int(10) DEFAULT NULL,
  `identity` tinyint(1) NOT NULL DEFAULT '1',
  `score` int(11) NOT NULL DEFAULT '0',
  PRIMARY KEY (`id`),
  UNIQUE KEY `email` (`email`)
) ENGINE=MyISAM  DEFAULT CHARSET=utf8 COMMENT='用户表' AUTO_INCREMENT=4 ;

--
-- 转存表中的数据 `user`
--

INSERT INTO `user` (`id`, `email`, `password`, `username`, `handle`, `sex`, `birthday`, `blood_type`, `current_province`, `current_city`, `current_area`, `admin_level`, `commend`, `active`, `ctime`, `identity`, `score`) VALUES
(1, 'admin@admin.com', 'f402195e81465ffb02ffdb894e6e2aa6', '管理员', NULL, '1', NULL, NULL, NULL, NULL, NULL, '1', 0, 1, 1260770048, 1, 1000),
(2, 'huanghuibin@gmail.com', 'e10adc3949ba59abbe56e057f20f883e', '黄大', NULL, '1', NULL, NULL, '1963', '2074', NULL, '0', NULL, 1, 1260770264, 1, 0),
(3, 'dfas@good.com', 'xmdasd', 'fddf', NULL, '0', NULL, NULL, NULL, NULL, NULL, '0', NULL, 0, NULL, 1, 0);

-- --------------------------------------------------------

--
-- 表的结构 `user_app`
--

CREATE TABLE IF NOT EXISTS `user_app` (
  `id` int(11) NOT NULL AUTO_INCREMENT,
  `uid` int(11) DEFAULT NULL,
  `appid` int(11) DEFAULT NULL,
  PRIMARY KEY (`id`)
) ENGINE=MyISAM DEFAULT CHARSET=utf8 AUTO_INCREMENT=1 ;

--
-- 转存表中的数据 `user_app`
--


-- --------------------------------------------------------

--
-- 表的结构 `user_online`
--

CREATE TABLE IF NOT EXISTS `user_online` (
  `id` int(11) NOT NULL AUTO_INCREMENT,
  `uid` int(11) NOT NULL COMMENT '用户id',
  `username` varchar(50) NOT NULL COMMENT '用户名',
  `mini` varchar(255) DEFAULT NULL COMMENT '心情',
  `activeTime` int(10) NOT NULL,
  PRIMARY KEY (`id`),
  UNIQUE KEY `uid` (`uid`)
) ENGINE=InnoDB DEFAULT CHARSET=utf8 COMMENT='在线用户' AUTO_INCREMENT=1 ;

--
-- 转存表中的数据 `user_online`
--


-- --------------------------------------------------------

--
-- 表的结构 `user_score`
--

CREATE TABLE IF NOT EXISTS `user_score` (
  `id` int(11) NOT NULL AUTO_INCREMENT,
  `uid` int(11) DEFAULT NULL,
  `info` varchar(255) DEFAULT NULL,
  `action` varchar(50) DEFAULT NULL,
  `type` varchar(20) NOT NULL DEFAULT 'score',
  `number` int(3) DEFAULT NULL,
  `cTime` int(11) DEFAULT NULL,
  PRIMARY KEY (`id`)
) ENGINE=MyISAM  DEFAULT CHARSET=utf8 AUTO_INCREMENT=59 ;

--
-- 转存表中的数据 `user_score`
--

INSERT INTO `user_score` (`id`, `uid`, `info`, `action`, `type`, `number`, `cTime`) VALUES
(1, 1, '用户登录增加了1经验', 'user_login', 'experience', 1, 1260770061),
(2, 1, '空间被访问增加了1积分', 'user_visited', 'score', 1, 1260770284),
(3, 1, '空间被访问增加了1经验', 'user_visited', 'experience', 1, 1260770284),
(4, 2, '访问他人空间增加了2经验', 'visit_space', 'experience', 2, 1260770284),
(5, 2, '空间被访问增加了1积分', 'user_visited', 'score', 1, 1260771815),
(6, 2, '空间被访问增加了1经验', 'user_visited', 'experience', 1, 1260771815),
(7, 1, '访问他人空间增加了2经验', 'visit_space', 'experience', 2, 1260771815),
(8, 2, '空间被访问增加了1积分', 'user_visited', 'score', 1, 1260772665),
(9, 2, '空间被访问增加了1经验', 'user_visited', 'experience', 1, 1260772665),
(10, 1, '访问他人空间增加了2经验', 'visit_space', 'experience', 2, 1260772665),
(11, 1, '发表博客增加了5积分', 'add_blog', 'score', 5, 1261033225),
(12, 1, '发表博客增加了5经验', 'add_blog', 'experience', 5, 1261033225),
(13, 1, '发表博客增加了5积分', 'add_blog', 'score', 5, 1261033329),
(14, 1, '发表博客增加了5经验', 'add_blog', 'experience', 5, 1261033329),
(15, 1, '群组创建减少了2积分', 'group_create', 'score', -2, 1261033391),
(16, 1, '群组发布话题减少了2积分', 'group_topic_add', 'score', -2, 1261033453),
(17, 1, '群组发布话题减少了2积分', 'group_topic_add', 'score', -2, 1261040927),
(18, 1, '群组话题取消精华减少了2积分', 'group_topic_cancel_dist', 'score', -2, 1261041138),
(19, 1, '用户登录增加了1经验', 'user_login', 'experience', 1, 1262679125),
(20, 2, '空间被访问增加了1积分', 'user_visited', 'score', 1, 1262681511),
(21, 2, '空间被访问增加了1经验', 'user_visited', 'experience', 1, 1262681511),
(22, 1, '访问他人空间增加了2经验', 'visit_space', 'experience', 2, 1262681511),
(23, 1, '用户登录增加了1经验', 'user_login', 'experience', 1, 1262749587),
(24, 2, '空间被访问增加了1积分', 'user_visited', 'score', 1, 1262749624),
(25, 2, '空间被访问增加了1经验', 'user_visited', 'experience', 1, 1262749624),
(26, 1, '访问他人空间增加了2经验', 'visit_space', 'experience', 2, 1262749624),
(27, 2, '用户登录增加了1经验', 'user_login', 'experience', 1, 1262749723),
(28, 1, '用户登录增加了1经验', 'user_login', 'experience', 1, 1262827788),
(29, 1, '发起投票增加了20积分', 'creat_vote', 'score', 20, 1262828895),
(30, 1, '发起投票增加了20经验', 'creat_vote', 'experience', 20, 1262828895),
(31, 1, '参与投票增加了1积分', 'join_vote', 'score', 1, 1262828929),
(32, 1, '参与投票增加了5经验', 'join_vote', 'experience', 5, 1262828929),
(33, 1, '投票被参与增加了1积分', 'joined_vote', 'score', 1, 1262828929),
(34, 1, '投票被参与增加了1经验', 'joined_vote', 'experience', 1, 1262828929),
(35, 1, '发布心情增加了1积分', 'add_mini', 'score', 1, 1262831743),
(36, 1, '发布心情增加了2经验', 'add_mini', 'experience', 2, 1262831743),
(37, 1, '发起分享增加了5积分', 'add_share', 'score', 5, 1262831945),
(38, 1, '发起分享增加了5经验', 'add_share', 'experience', 5, 1262831945),
(39, 1, '被分享增加了10积分', 'shared', 'score', 10, 1262831945),
(40, 1, '被分享增加了10经验', 'shared', 'experience', 10, 1262831945),
(41, 1, '用户登录增加了1经验', 'user_login', 'experience', 1, 1262836878),
(42, 2, '空间被访问增加了1积分', 'user_visited', 'score', 1, 1262844551),
(43, 2, '空间被访问增加了1经验', 'user_visited', 'experience', 1, 1262844551),
(44, 1, '访问他人空间增加了2经验', 'visit_space', 'experience', 2, 1262844551),
(45, 2, '空间被访问增加了1积分', 'user_visited', 'score', 1, 1262844562),
(46, 2, '空间被访问增加了1经验', 'user_visited', 'experience', 1, 1262844562),
(47, 1, '访问他人空间增加了2经验', 'visit_space', 'experience', 2, 1262844562),
(48, 1, '发表博客增加了5积分', 'add_blog', 'score', 5, 1262847051),
(49, 1, '发表博客增加了5经验', 'add_blog', 'experience', 5, 1262847051),
(50, 1, '群组图片上传增加了2积分', 'group_photo_upload', 'score', 2, 1262847094),
(51, 1, '群组图片上传增加了2积分', 'group_photo_upload', 'score', 2, 1262848006),
(52, 1, '用户登录增加了1经验', 'user_login', 'experience', 1, 1262855565),
(53, 1, '用户登录增加了1经验', 'user_login', 'experience', 1, 1262921185),
(54, 1, '用户登录增加了1经验', 'user_login', 'experience', 1, 1263533092),
(55, 1, '用户登录增加了1经验', 'user_login', 'experience', 1, 1263783619),
(56, 1, '用户登录增加了1经验', 'user_login', 'experience', 1, 1263868395),
(57, 1, '用户登录增加了1经验', 'user_login', 'experience', 1, 1263958588),
(58, 1, '用户登录增加了1经验', 'user_login', 'experience', 1, 1263965598);

-- --------------------------------------------------------

--
-- 表的结构 `vote`
--

CREATE TABLE IF NOT EXISTS `vote` (
  `id` int(11) unsigned NOT NULL AUTO_INCREMENT COMMENT '投票id',
  `topicid` int(11) unsigned NOT NULL DEFAULT '0' COMMENT '热闹?',
  `uid` int(11) unsigned NOT NULL DEFAULT '0' COMMENT '用户id(uchome)',
  `username` char(15) NOT NULL COMMENT '用户名',
  `subject` char(80) NOT NULL COMMENT '标题',
  `votercount` mediumint(8) unsigned NOT NULL DEFAULT '0' COMMENT '投票人数',
  `replycount` mediumint(8) unsigned NOT NULL DEFAULT '0' COMMENT '回复人数',
  `multiple` tinyint(1) NOT NULL DEFAULT '0' COMMENT '复选',
  `maxchoice` tinyint(3) NOT NULL DEFAULT '0' COMMENT '最多选择项目数',
  `sex` tinyint(1) NOT NULL DEFAULT '0' COMMENT '性别条件',
  `noview` tinyint(1) NOT NULL DEFAULT '0' COMMENT '浏览权限',
  `novote` tinyint(1) NOT NULL DEFAULT '0' COMMENT '投票权限',
  `noreply` tinyint(1) NOT NULL DEFAULT '0' COMMENT '评论权限',
  `credit` mediumint(8) unsigned NOT NULL DEFAULT '0' COMMENT '总悬赏剩余',
  `percredit` mediumint(8) unsigned NOT NULL DEFAULT '0' COMMENT '单个悬赏',
  `expiration` int(10) unsigned NOT NULL DEFAULT '0' COMMENT '过期时间',
  `lastvote` int(10) unsigned NOT NULL DEFAULT '0' COMMENT '上次投票时间',
  `ctime` int(10) unsigned NOT NULL DEFAULT '0' COMMENT '创建时间',
  `hot` mediumint(8) unsigned NOT NULL DEFAULT '0',
  `message` text COMMENT '投票描述',
  `summary` text COMMENT '投票总结',
  `state` tinyint(1) DEFAULT '1' COMMENT '状态',
  PRIMARY KEY (`id`),
  KEY `uid` (`uid`,`ctime`),
  KEY `topicid` (`topicid`,`ctime`),
  KEY `voternum` (`votercount`),
  KEY `dateline` (`ctime`),
  KEY `lastvote` (`lastvote`),
  KEY `hot` (`hot`),
  KEY `percredit` (`percredit`)
) ENGINE=MyISAM  DEFAULT CHARSET=utf8 CHECKSUM=1 DELAY_KEY_WRITE=1 ROW_FORMAT=DYNAMIC COMMENT='投票主表' AUTO_INCREMENT=13 ;

--
-- 转存表中的数据 `vote`
--

INSERT INTO `vote` (`id`, `topicid`, `uid`, `username`, `subject`, `votercount`, `replycount`, `multiple`, `maxchoice`, `sex`, `noview`, `novote`, `noreply`, `credit`, `percredit`, `expiration`, `lastvote`, `ctime`, `hot`, `message`, `summary`, `state`) VALUES
(1, 0, 1, 'he21cn', '第一个投票,吃什么好', 1, 0, 0, 1, 0, 0, 0, 0, 0, 0, 0, 1253166029, 1253153156, 0, '', NULL, 1),
(4, 0, 1, 'he21cn', 'fasfas发大水的说法', 2, 0, 0, 1, 0, 0, 0, 0, 0, 0, 0, 1254190665, 1253171463, 0, '', NULL, 1),
(5, 0, 1, 'he21cn', '再来一次', 1, 1, 0, 1, 0, 0, 1, 1, 0, 0, 0, 1253234532, 1253171844, 0, '', NULL, 1),
(6, 0, 911, 'hope00000062', '班长候选人', 0, 0, 0, 1, 0, 1, 1, 1, 0, 0, 1255967999, 0, 1255399466, 0, '', NULL, 1),
(7, 0, 911, 'hope00000062', '组长候选人', 1, 0, 0, 1, 0, 1, 1, 1, 0, 0, 1255708799, 1255399594, 1255399517, 0, '', NULL, 1),
(8, 0, 1, 'he21cn', 'sdsd', 1, 0, 1, 4, 0, 0, 0, 0, 0, 0, 0, 1255570454, 1255570425, 0, '', NULL, 1),
(9, 0, 1, 'he21cn', '班长是谁', 3, 0, 0, 1, 0, 0, 0, 0, 0, 0, 0, 1257233574, 1255591316, 0, '', NULL, 1),
(10, 0, 911, 'hope00000062', '投票', 0, 0, 0, 1, 0, 0, 0, 0, 0, 0, 0, 0, 1256712657, 0, '', NULL, 1),
(11, 0, 911, 'hope00000062', '是否同意组织感恩节活动', 1, 0, 0, 1, 0, 1, 1, 1, 0, 0, 1259164799, 1257402987, 1257402978, 0, '', NULL, 1),
(12, 0, 911, 'hope00000062', '周末活动', 1, 0, 0, 1, 0, 0, 0, 0, 0, 0, 0, 1259130156, 1259128374, 0, '', NULL, 1);

-- --------------------------------------------------------

--
-- 表的结构 `vote_option`
--

CREATE TABLE IF NOT EXISTS `vote_option` (
  `oid` int(11) unsigned NOT NULL AUTO_INCREMENT,
  `vid` int(11) unsigned NOT NULL DEFAULT '0' COMMENT '投票id',
  `option` varchar(255) NOT NULL COMMENT '投票选项',
  PRIMARY KEY (`oid`),
  KEY `pid` (`vid`)
) ENGINE=MyISAM  DEFAULT CHARSET=utf8 CHECKSUM=1 DELAY_KEY_WRITE=1 ROW_FORMAT=DYNAMIC COMMENT='投票选项表' AUTO_INCREMENT=57 ;

--
-- 转存表中的数据 `vote_option`
--

INSERT INTO `vote_option` (`oid`, `vid`, `option`) VALUES
(1, 1, '饭'),
(2, 1, '水果'),
(3, 1, '零食'),
(4, 1, '其他'),
(5, 1, '不吃'),
(6, 1, '戒了'),
(7, 2, '121'),
(8, 2, '不偷'),
(9, 2, '跟第一个有什么区别'),
(10, 2, '第三个'),
(11, 2, '飞'),
(12, 3, '写内容吗'),
(13, 3, '不写'),
(14, 3, '好吗?'),
(15, 3, 'wsm'),
(16, 3, 'how'),
(17, 3, 'why'),
(18, 2, '222'),
(19, 2, '333'),
(20, 4, '1'),
(21, 4, '2'),
(22, 4, '3'),
(23, 4, '4'),
(24, 5, '1'),
(25, 5, '2'),
(26, 5, '3'),
(27, 5, '4'),
(28, 5, '5'),
(29, 5, '6'),
(30, 5, '8'),
(31, 5, '9'),
(32, 5, '7'),
(33, 6, '甲'),
(34, 6, '乙'),
(35, 6, '丙'),
(36, 6, '丁'),
(37, 6, '戊'),
(38, 7, '张三'),
(39, 7, '李四'),
(40, 7, '二娃'),
(41, 8, 'dsdd'),
(42, 8, 'dsds'),
(43, 8, 'dsds1'),
(44, 8, 'dsd1'),
(45, 9, '张山'),
(46, 9, '利斯'),
(47, 9, '网物'),
(48, 9, '弥留'),
(49, 10, '21'),
(50, 10, '32'),
(51, 10, '321'),
(52, 11, '同意'),
(53, 11, '不同意'),
(54, 12, '乒乓球'),
(55, 12, '羽毛球'),
(56, 12, '网球');

-- --------------------------------------------------------

--
-- 表的结构 `vote_user`
--

CREATE TABLE IF NOT EXISTS `vote_user` (
  `id` int(11) unsigned NOT NULL AUTO_INCREMENT,
  `uid` int(11) unsigned NOT NULL DEFAULT '0' COMMENT '用户id',
  `username` varchar(15) NOT NULL COMMENT '用户名',
  `vid` mediumint(8) unsigned NOT NULL DEFAULT '0' COMMENT '投票id',
  `option` text NOT NULL COMMENT '所选投票项目,序列化',
  `ctime` int(10) unsigned NOT NULL DEFAULT '0' COMMENT '投票时间',
  PRIMARY KEY (`id`),
  KEY `pid` (`vid`,`ctime`),
  KEY `uid` (`uid`,`ctime`)
) ENGINE=MyISAM  DEFAULT CHARSET=utf8 CHECKSUM=1 DELAY_KEY_WRITE=1 ROW_FORMAT=DYNAMIC COMMENT='投票记录' AUTO_INCREMENT=15 ;

--
-- 转存表中的数据 `vote_user`
--

INSERT INTO `vote_user` (`id`, `uid`, `username`, `vid`, `option`, `ctime`) VALUES
(1, 1, 'he21cn', 2, 'a:1:{i:8;s:6:"不偷";}', 1253153517),
(2, 1, '', 3, 'a:1:{i:16;s:3:"how";}', 1253155078),
(3, 3, 'test2', 3, 'a:1:{i:12;s:12:"写内容吗";}', 1253155197),
(4, 1, 'he21cn', 1, 'a:1:{i:6;s:6:"戒了";}', 1253166029),
(5, 3, 'test2', 4, 'a:1:{i:22;s:1:"3";}', 1253171634),
(6, 1, 'he21cn', 5, 'a:1:{i:31;s:1:"9";}', 1253234532),
(7, 1, 'he21cn', 4, 'a:1:{i:23;s:1:"4";}', 1254190665),
(8, 932, 'hope00000932', 7, 'a:1:{i:39;s:6:"李四";}', 1255399594),
(9, 1, 'he21cn', 8, 'a:3:{i:41;s:4:"dsdd";i:42;s:4:"dsds";i:43;s:5:"dsds1";}', 1255570454),
(10, 1, 'he21cn', 9, 'a:1:{i:47;s:6:"网物";}', 1255593127),
(11, 911, 'hope00000062', 9, 'a:1:{i:46;s:6:"利斯";}', 1255919968),
(12, 2, 'test', 9, 'a:1:{i:47;s:6:"网物";}', 1257233574),
(13, 911, 'hope00000062', 11, 'a:1:{i:52;s:6:"同意";}', 1257402987),
(14, 1, 'he21cn', 12, 'a:1:{i:56;s:6:"网球";}', 1259130156);
